ID,Segment
TEST_00002,D
TEST_00010,C
TEST_00012,D
TEST_00016,D
TEST_00032,D
TEST_00034,D
TEST_00037,D
TEST_00039,D
TEST_00053,C
TEST_00055,D
TEST_00057,D
TEST_00058,D
TEST_00088,D
TEST_00099,D
TEST_00104,C
TEST_00118,C
TEST_00119,D
TEST_00123,D
TEST_00124,D
TEST_00128,D
TEST_00133,D
TEST_00136,C
TEST_00137,C
TEST_00141,D
TEST_00154,D
TEST_00161,D
TEST_00166,D
TEST_00169,D
TEST_00189,D
TEST_00194,D
TEST_00195,C
TEST_00196,C
TEST_00198,D
TEST_00203,D
TEST_00205,D
TEST_00209,D
TEST_00210,C
TEST_00218,D
TEST_00221,D
TEST_00229,C
TEST_00238,C
TEST_00239,D
TEST_00242,D
TEST_00243,D
TEST_00249,D
TEST_00250,D
TEST_00267,D
TEST_00271,D
TEST_00275,D
TEST_00276,C
TEST_00280,D
TEST_00282,D
TEST_00283,D
TEST_00293,D
TEST_00302,D
TEST_00304,D
TEST_00309,D
TEST_00310,D
TEST_00316,D
TEST_00328,D
TEST_00342,C
TEST_00343,D
TEST_00357,D
TEST_00380,D
TEST_00385,D
TEST_00393,D
TEST_00395,C
TEST_00398,D
TEST_00404,D
TEST_00405,D
TEST_00411,D
TEST_00416,D
TEST_00420,D
TEST_00424,C
TEST_00427,D
TEST_00431,C
TEST_00439,D
TEST_00441,D
TEST_00443,C
TEST_00448,D
TEST_00456,D
TEST_00457,D
TEST_00460,D
TEST_00463,D
TEST_00467,C
TEST_00470,D
TEST_00471,D
TEST_00474,D
TEST_00481,D
TEST_00488,C
TEST_00492,D
TEST_00496,D
TEST_00500,C
TEST_00506,C
TEST_00510,C
TEST_00512,D
TEST_00517,D
TEST_00522,D
TEST_00541,D
TEST_00546,D
TEST_00547,D
TEST_00550,D
TEST_00553,D
TEST_00558,C
TEST_00562,D
TEST_00578,D
TEST_00579,D
TEST_00594,D
TEST_00626,C
TEST_00627,D
TEST_00630,D
TEST_00631,C
TEST_00656,C
TEST_00659,C
TEST_00661,D
TEST_00662,D
TEST_00663,D
TEST_00664,D
TEST_00667,D
TEST_00676,C
TEST_00692,D
TEST_00700,C
TEST_00701,C
TEST_00702,D
TEST_00703,C
TEST_00709,C
TEST_00713,D
TEST_00715,C
TEST_00737,D
TEST_00738,D
TEST_00746,D
TEST_00751,C
TEST_00777,D
TEST_00795,C
TEST_00809,C
TEST_00814,D
TEST_00828,C
TEST_00833,C
TEST_00836,D
TEST_00838,D
TEST_00847,D
TEST_00849,C
TEST_00850,D
TEST_00859,C
TEST_00864,D
TEST_00905,D
TEST_00906,D
TEST_00920,C
TEST_00929,D
TEST_00931,D
TEST_00951,D
TEST_00954,C
TEST_00964,C
TEST_00966,C
TEST_00976,D
TEST_00979,D
TEST_00980,D
TEST_00988,D
TEST_00989,D
TEST_00990,C
TEST_00992,D
TEST_00993,C
TEST_00995,C
TEST_00996,D
TEST_00999,D
TEST_01021,C
TEST_01022,D
TEST_01029,D
TEST_01038,D
TEST_01040,D
TEST_01043,C
TEST_01050,D
TEST_01053,D
TEST_01056,C
TEST_01064,D
TEST_01066,D
TEST_01067,D
TEST_01082,C
TEST_01091,C
TEST_01096,C
TEST_01099,C
TEST_01114,D
TEST_01122,D
TEST_01152,D
TEST_01167,D
TEST_01172,C
TEST_01173,D
TEST_01180,D
TEST_01183,D
TEST_01194,C
TEST_01196,D
TEST_01197,D
TEST_01201,D
TEST_01203,D
TEST_01207,D
TEST_01212,D
TEST_01220,C
TEST_01223,C
TEST_01228,D
TEST_01231,D
TEST_01238,D
TEST_01242,C
TEST_01254,C
TEST_01258,D
TEST_01264,C
TEST_01268,C
TEST_01269,D
TEST_01272,C
TEST_01273,D
TEST_01277,C
TEST_01281,D
TEST_01282,C
TEST_01287,D
TEST_01295,C
TEST_01317,D
TEST_01318,D
TEST_01319,C
TEST_01332,D
TEST_01339,C
TEST_01341,C
TEST_01346,D
TEST_01350,D
TEST_01364,D
TEST_01369,D
TEST_01375,C
TEST_01388,C
TEST_01395,D
TEST_01396,D
TEST_01405,D
TEST_01414,D
TEST_01421,D
TEST_01422,D
TEST_01428,D
TEST_01430,C
TEST_01433,C
TEST_01435,D
TEST_01445,D
TEST_01456,C
TEST_01459,D
TEST_01462,D
TEST_01464,D
TEST_01485,C
TEST_01486,C
TEST_01492,C
TEST_01501,C
TEST_01504,D
TEST_01519,C
TEST_01523,D
TEST_01527,D
TEST_01535,D
TEST_01545,D
TEST_01550,D
TEST_01554,D
TEST_01570,D
TEST_01575,D
TEST_01584,D
TEST_01591,D
TEST_01600,D
TEST_01602,C
TEST_01616,D
TEST_01618,D
TEST_01620,D
TEST_01625,C
TEST_01635,D
TEST_01642,D
TEST_01646,C
TEST_01649,C
TEST_01659,D
TEST_01662,C
TEST_01680,D
TEST_01683,D
TEST_01686,D
TEST_01693,D
TEST_01705,D
TEST_01711,D
TEST_01717,D
TEST_01718,D
TEST_01734,C
TEST_01741,C
TEST_01748,D
TEST_01758,C
TEST_01772,D
TEST_01785,D
TEST_01786,D
TEST_01788,D
TEST_01790,D
TEST_01792,D
TEST_01794,C
TEST_01804,D
TEST_01811,C
TEST_01815,D
TEST_01818,D
TEST_01820,D
TEST_01837,D
TEST_01840,D
TEST_01843,C
TEST_01849,D
TEST_01853,D
TEST_01859,D
TEST_01860,D
TEST_01861,C
TEST_01862,D
TEST_01870,C
TEST_01879,D
TEST_01883,D
TEST_01884,D
TEST_01886,C
TEST_01902,D
TEST_01908,D
TEST_01909,D
TEST_01913,D
TEST_01915,D
TEST_01924,D
TEST_01928,D
TEST_01934,D
TEST_01938,D
TEST_01960,D
TEST_01961,C
TEST_01990,C
TEST_01991,C
TEST_01993,D
TEST_02000,C
TEST_02002,D
TEST_02011,D
TEST_02013,C
TEST_02018,D
TEST_02019,D
TEST_02030,D
TEST_02032,D
TEST_02035,D
TEST_02039,D
TEST_02054,D
TEST_02055,D
TEST_02060,D
TEST_02062,D
TEST_02069,C
TEST_02083,C
TEST_02086,C
TEST_02090,D
TEST_02092,D
TEST_02093,D
TEST_02096,D
TEST_02102,C
TEST_02111,C
TEST_02141,D
TEST_02146,C
TEST_02148,D
TEST_02151,D
TEST_02158,D
TEST_02161,C
TEST_02171,D
TEST_02183,D
TEST_02190,D
TEST_02192,D
TEST_02199,D
TEST_02202,D
TEST_02204,D
TEST_02212,C
TEST_02218,D
TEST_02219,D
TEST_02226,D
TEST_02228,D
TEST_02229,D
TEST_02230,D
TEST_02232,D
TEST_02233,D
TEST_02235,D
TEST_02240,D
TEST_02241,D
TEST_02253,C
TEST_02266,D
TEST_02269,D
TEST_02270,D
TEST_02275,D
TEST_02279,D
TEST_02284,D
TEST_02287,D
TEST_02290,D
TEST_02296,D
TEST_02300,D
TEST_02307,D
TEST_02314,C
TEST_02323,C
TEST_02353,C
TEST_02359,D
TEST_02363,C
TEST_02367,D
TEST_02370,D
TEST_02371,D
TEST_02382,D
TEST_02395,C
TEST_02399,D
TEST_02408,C
TEST_02411,D
TEST_02415,D
TEST_02416,D
TEST_02421,D
TEST_02422,C
TEST_02426,C
TEST_02428,C
TEST_02429,D
TEST_02430,D
TEST_02433,C
TEST_02435,D
TEST_02443,D
TEST_02467,D
TEST_02476,D
TEST_02480,C
TEST_02481,C
TEST_02485,D
TEST_02489,D
TEST_02490,D
TEST_02496,D
TEST_02497,D
TEST_02503,C
TEST_02504,C
TEST_02527,D
TEST_02533,C
TEST_02538,D
TEST_02539,C
TEST_02554,D
TEST_02556,D
TEST_02558,C
TEST_02563,D
TEST_02564,D
TEST_02569,D
TEST_02571,D
TEST_02574,D
TEST_02583,D
TEST_02584,D
TEST_02595,D
TEST_02605,D
TEST_02624,D
TEST_02630,D
TEST_02631,D
TEST_02641,D
TEST_02657,D
TEST_02668,D
TEST_02677,C
TEST_02682,D
TEST_02688,D
TEST_02692,D
TEST_02694,D
TEST_02697,D
TEST_02699,C
TEST_02702,C
TEST_02717,D
TEST_02718,C
TEST_02720,C
TEST_02725,D
TEST_02731,C
TEST_02732,D
TEST_02736,D
TEST_02741,C
TEST_02753,D
TEST_02764,C
TEST_02768,C
TEST_02778,C
TEST_02792,D
TEST_02793,C
TEST_02801,C
TEST_02807,D
TEST_02809,D
TEST_02832,D
TEST_02848,D
TEST_02855,D
TEST_02856,D
TEST_02866,C
TEST_02868,D
TEST_02872,D
TEST_02883,D
TEST_02891,D
TEST_02892,C
TEST_02901,D
TEST_02911,D
TEST_02912,D
TEST_02919,C
TEST_02930,C
TEST_02936,C
TEST_02949,D
TEST_02957,D
TEST_02959,D
TEST_02964,D
TEST_02966,D
TEST_02973,C
TEST_02976,D
TEST_02978,D
TEST_02985,D
TEST_02999,C
TEST_03002,D
TEST_03012,C
TEST_03034,D
TEST_03039,D
TEST_03040,C
TEST_03043,D
TEST_03048,D
TEST_03051,D
TEST_03063,D
TEST_03065,D
TEST_03071,D
TEST_03073,D
TEST_03083,C
TEST_03085,D
TEST_03087,D
TEST_03088,D
TEST_03094,D
TEST_03095,D
TEST_03099,D
TEST_03110,C
TEST_03115,C
TEST_03135,D
TEST_03142,C
TEST_03147,D
TEST_03148,D
TEST_03149,D
TEST_03154,C
TEST_03156,C
TEST_03162,D
TEST_03176,C
TEST_03179,D
TEST_03182,D
TEST_03187,C
TEST_03191,D
TEST_03194,D
TEST_03197,D
TEST_03198,D
TEST_03199,D
TEST_03206,D
TEST_03207,C
TEST_03218,D
TEST_03219,D
TEST_03223,D
TEST_03232,D
TEST_03238,C
TEST_03253,D
TEST_03265,C
TEST_03268,D
TEST_03270,D
TEST_03273,C
TEST_03276,C
TEST_03282,C
TEST_03287,C
TEST_03298,D
TEST_03301,D
TEST_03311,C
TEST_03313,C
TEST_03322,C
TEST_03328,D
TEST_03330,D
TEST_03334,C
TEST_03339,D
TEST_03342,D
TEST_03345,D
TEST_03347,D
TEST_03350,D
TEST_03351,D
TEST_03354,D
TEST_03361,D
TEST_03365,D
TEST_03372,C
TEST_03376,D
TEST_03381,D
TEST_03387,C
TEST_03390,C
TEST_03403,C
TEST_03406,D
TEST_03411,C
TEST_03414,D
TEST_03423,D
TEST_03424,D
TEST_03426,D
TEST_03429,C
TEST_03435,C
TEST_03436,C
TEST_03440,C
TEST_03442,D
TEST_03453,D
TEST_03457,D
TEST_03465,C
TEST_03466,D
TEST_03469,D
TEST_03473,C
TEST_03483,C
TEST_03491,D
TEST_03504,D
TEST_03517,D
TEST_03547,D
TEST_03558,D
TEST_03564,D
TEST_03566,D
TEST_03578,D
TEST_03580,D
TEST_03585,D
TEST_03589,D
TEST_03594,D
TEST_03597,D
TEST_03603,D
TEST_03606,D
TEST_03611,D
TEST_03615,D
TEST_03616,D
TEST_03622,D
TEST_03623,C
TEST_03634,D
TEST_03637,D
TEST_03639,D
TEST_03646,C
TEST_03648,C
TEST_03666,C
TEST_03670,D
TEST_03673,C
TEST_03674,C
TEST_03691,D
TEST_03694,D
TEST_03711,D
TEST_03719,D
TEST_03731,D
TEST_03739,D
TEST_03753,D
TEST_03759,D
TEST_03766,C
TEST_03772,D
TEST_03785,D
TEST_03797,D
TEST_03800,C
TEST_03810,D
TEST_03811,C
TEST_03813,D
TEST_03824,D
TEST_03825,C
TEST_03837,D
TEST_03843,D
TEST_03858,D
TEST_03859,D
TEST_03866,C
TEST_03877,D
TEST_03881,C
TEST_03884,D
TEST_03898,D
TEST_03899,D
TEST_03903,C
TEST_03913,D
TEST_03914,D
TEST_03932,D
TEST_03940,C
TEST_03947,C
TEST_03948,D
TEST_03951,C
TEST_03955,C
TEST_03964,C
TEST_03965,D
TEST_03971,D
TEST_03975,D
TEST_03984,C
TEST_03990,D
TEST_03998,C
TEST_04013,C
TEST_04022,D
TEST_04026,D
TEST_04031,C
TEST_04037,D
TEST_04068,D
TEST_04084,D
TEST_04089,C
TEST_04090,D
TEST_04096,D
TEST_04098,D
TEST_04102,C
TEST_04128,C
TEST_04134,D
TEST_04140,C
TEST_04148,D
TEST_04149,D
TEST_04152,C
TEST_04153,D
TEST_04160,D
TEST_04161,D
TEST_04162,D
TEST_04166,D
TEST_04167,D
TEST_04172,D
TEST_04175,D
TEST_04187,C
TEST_04200,D
TEST_04202,D
TEST_04206,D
TEST_04215,C
TEST_04217,C
TEST_04220,C
TEST_04223,C
TEST_04225,D
TEST_04226,D
TEST_04229,D
TEST_04247,D
TEST_04262,C
TEST_04264,D
TEST_04269,D
TEST_04272,C
TEST_04281,D
TEST_04287,C
TEST_04292,D
TEST_04303,D
TEST_04304,C
TEST_04309,C
TEST_04310,C
TEST_04314,D
TEST_04326,D
TEST_04332,D
TEST_04335,D
TEST_04337,D
TEST_04343,C
TEST_04364,C
TEST_04370,C
TEST_04371,D
TEST_04387,D
TEST_04397,D
TEST_04400,D
TEST_04402,C
TEST_04426,C
TEST_04431,D
TEST_04434,D
TEST_04449,C
TEST_04455,D
TEST_04466,D
TEST_04470,D
TEST_04471,D
TEST_04477,D
TEST_04485,D
TEST_04501,D
TEST_04503,C
TEST_04505,C
TEST_04507,C
TEST_04508,D
TEST_04510,D
TEST_04511,D
TEST_04512,D
TEST_04513,D
TEST_04515,D
TEST_04531,D
TEST_04536,D
TEST_04540,D
TEST_04543,C
TEST_04548,D
TEST_04558,C
TEST_04559,C
TEST_04560,D
TEST_04566,C
TEST_04568,C
TEST_04572,C
TEST_04574,C
TEST_04579,D
TEST_04593,C
TEST_04597,D
TEST_04601,C
TEST_04604,D
TEST_04611,D
TEST_04624,C
TEST_04640,D
TEST_04643,D
TEST_04648,C
TEST_04651,C
TEST_04653,D
TEST_04659,D
TEST_04667,D
TEST_04669,D
TEST_04670,D
TEST_04677,D
TEST_04678,D
TEST_04687,C
TEST_04688,D
TEST_04690,D
TEST_04696,C
TEST_04699,D
TEST_04703,C
TEST_04714,D
TEST_04720,C
TEST_04729,D
TEST_04734,D
TEST_04736,D
TEST_04737,D
TEST_04744,C
TEST_04754,D
TEST_04758,D
TEST_04768,D
TEST_04769,C
TEST_04780,D
TEST_04781,D
TEST_04785,D
TEST_04788,C
TEST_04793,D
TEST_04801,D
TEST_04805,D
TEST_04823,D
TEST_04825,D
TEST_04838,D
TEST_04839,D
TEST_04845,D
TEST_04857,D
TEST_04900,C
TEST_04901,C
TEST_04909,D
TEST_04910,D
TEST_04913,D
TEST_04929,D
TEST_04930,C
TEST_04933,D
TEST_04940,D
TEST_04941,D
TEST_04970,C
TEST_04972,C
TEST_04974,D
TEST_05000,C
TEST_05015,D
TEST_05020,D
TEST_05022,D
TEST_05025,D
TEST_05034,C
TEST_05039,D
TEST_05041,D
TEST_05045,C
TEST_05046,D
TEST_05049,D
TEST_05051,C
TEST_05053,C
TEST_05054,C
TEST_05057,D
TEST_05059,D
TEST_05060,D
TEST_05085,C
TEST_05098,D
TEST_05103,D
TEST_05108,D
TEST_05118,D
TEST_05119,D
TEST_05123,C
TEST_05131,C
TEST_05134,D
TEST_05137,D
TEST_05142,D
TEST_05143,D
TEST_05146,C
TEST_05149,D
TEST_05150,D
TEST_05152,C
TEST_05155,D
TEST_05159,D
TEST_05161,D
TEST_05195,D
TEST_05196,C
TEST_05201,C
TEST_05210,D
TEST_05213,D
TEST_05215,C
TEST_05224,D
TEST_05225,D
TEST_05229,D
TEST_05249,C
TEST_05265,D
TEST_05266,D
TEST_05267,C
TEST_05268,D
TEST_05272,C
TEST_05274,C
TEST_05289,D
TEST_05306,C
TEST_05313,D
TEST_05319,D
TEST_05324,D
TEST_05343,D
TEST_05344,D
TEST_05347,D
TEST_05378,D
TEST_05387,D
TEST_05400,D
TEST_05405,C
TEST_05415,D
TEST_05437,D
TEST_05440,C
TEST_05458,D
TEST_05479,C
TEST_05494,C
TEST_05529,D
TEST_05534,C
TEST_05539,D
TEST_05540,D
TEST_05542,D
TEST_05544,C
TEST_05561,C
TEST_05570,D
TEST_05577,D
TEST_05579,D
TEST_05582,C
TEST_05597,D
TEST_05609,D
TEST_05622,D
TEST_05625,D
TEST_05627,C
TEST_05640,D
TEST_05643,D
TEST_05646,D
TEST_05651,D
TEST_05660,C
TEST_05666,C
TEST_05674,D
TEST_05676,D
TEST_05678,D
TEST_05683,D
TEST_05700,D
TEST_05708,C
TEST_05709,D
TEST_05724,D
TEST_05726,D
TEST_05729,D
TEST_05744,D
TEST_05747,D
TEST_05751,D
TEST_05752,D
TEST_05767,D
TEST_05781,D
TEST_05783,D
TEST_05786,D
TEST_05787,D
TEST_05791,C
TEST_05802,D
TEST_05807,C
TEST_05812,C
TEST_05814,C
TEST_05816,D
TEST_05818,C
TEST_05826,D
TEST_05831,D
TEST_05843,D
TEST_05854,D
TEST_05861,D
TEST_05864,D
TEST_05866,C
TEST_05868,D
TEST_05879,D
TEST_05890,D
TEST_05891,D
TEST_05901,C
TEST_05908,D
TEST_05916,D
TEST_05922,D
TEST_05925,D
TEST_05930,D
TEST_05932,D
TEST_05937,C
TEST_05944,D
TEST_05950,C
TEST_05953,D
TEST_05963,D
TEST_05964,C
TEST_05965,C
TEST_05972,C
TEST_05974,C
TEST_05975,D
TEST_05977,D
TEST_05984,C
TEST_05990,D
TEST_05991,C
TEST_05992,C
TEST_05994,D
TEST_06002,C
TEST_06006,D
TEST_06007,C
TEST_06010,D
TEST_06021,D
TEST_06028,D
TEST_06033,C
TEST_06042,D
TEST_06047,C
TEST_06048,D
TEST_06053,D
TEST_06054,D
TEST_06056,D
TEST_06060,D
TEST_06062,C
TEST_06065,C
TEST_06076,D
TEST_06089,D
TEST_06096,C
TEST_06105,D
TEST_06116,D
TEST_06127,D
TEST_06129,D
TEST_06134,D
TEST_06135,D
TEST_06141,D
TEST_06147,D
TEST_06167,D
TEST_06170,D
TEST_06175,D
TEST_06178,D
TEST_06190,C
TEST_06197,C
TEST_06199,D
TEST_06201,D
TEST_06217,C
TEST_06218,D
TEST_06225,D
TEST_06234,C
TEST_06246,D
TEST_06252,D
TEST_06259,D
TEST_06267,C
TEST_06275,D
TEST_06278,D
TEST_06282,D
TEST_06294,D
TEST_06295,D
TEST_06296,D
TEST_06301,D
TEST_06304,D
TEST_06311,D
TEST_06313,D
TEST_06317,D
TEST_06326,D
TEST_06329,C
TEST_06339,D
TEST_06365,C
TEST_06367,D
TEST_06370,D
TEST_06384,D
TEST_06396,D
TEST_06399,C
TEST_06404,C
TEST_06406,D
TEST_06407,D
TEST_06417,C
TEST_06425,C
TEST_06430,C
TEST_06433,C
TEST_06435,C
TEST_06456,D
TEST_06483,D
TEST_06488,D
TEST_06493,C
TEST_06496,C
TEST_06501,D
TEST_06502,D
TEST_06507,D
TEST_06508,C
TEST_06519,C
TEST_06520,D
TEST_06525,D
TEST_06535,C
TEST_06536,C
TEST_06537,D
TEST_06540,D
TEST_06542,D
TEST_06544,D
TEST_06546,D
TEST_06560,C
TEST_06568,D
TEST_06574,D
TEST_06585,C
TEST_06590,D
TEST_06592,C
TEST_06598,C
TEST_06607,D
TEST_06609,D
TEST_06627,C
TEST_06635,D
TEST_06642,C
TEST_06655,C
TEST_06656,D
TEST_06660,C
TEST_06661,D
TEST_06672,C
TEST_06689,D
TEST_06699,D
TEST_06701,D
TEST_06713,D
TEST_06727,D
TEST_06732,D
TEST_06734,C
TEST_06735,D
TEST_06746,C
TEST_06750,D
TEST_06752,D
TEST_06755,C
TEST_06758,D
TEST_06769,D
TEST_06773,D
TEST_06786,C
TEST_06788,D
TEST_06796,D
TEST_06811,D
TEST_06812,D
TEST_06814,C
TEST_06827,C
TEST_06837,C
TEST_06838,C
TEST_06839,C
TEST_06848,C
TEST_06856,C
TEST_06886,C
TEST_06897,D
TEST_06900,C
TEST_06918,D
TEST_06931,C
TEST_06934,D
TEST_06936,D
TEST_06937,D
TEST_06957,D
TEST_06962,D
TEST_06965,D
TEST_06967,D
TEST_06978,D
TEST_06980,D
TEST_06981,D
TEST_06985,D
TEST_06992,D
TEST_07000,C
TEST_07003,C
TEST_07008,D
TEST_07014,D
TEST_07019,D
TEST_07024,D
TEST_07025,C
TEST_07029,D
TEST_07036,D
TEST_07037,D
TEST_07041,D
TEST_07045,D
TEST_07046,C
TEST_07049,D
TEST_07050,C
TEST_07061,C
TEST_07063,D
TEST_07066,C
TEST_07067,C
TEST_07068,D
TEST_07070,D
TEST_07073,C
TEST_07075,D
TEST_07079,D
TEST_07092,D
TEST_07100,C
TEST_07104,D
TEST_07114,C
TEST_07132,C
TEST_07139,C
TEST_07151,C
TEST_07155,D
TEST_07156,D
TEST_07162,D
TEST_07164,C
TEST_07171,D
TEST_07180,D
TEST_07190,C
TEST_07198,D
TEST_07209,D
TEST_07211,D
TEST_07212,D
TEST_07221,C
TEST_07223,D
TEST_07232,C
TEST_07244,D
TEST_07247,C
TEST_07249,C
TEST_07259,D
TEST_07267,C
TEST_07272,D
TEST_07285,D
TEST_07292,D
TEST_07294,D
TEST_07299,D
TEST_07309,D
TEST_07310,D
TEST_07313,D
TEST_07325,D
TEST_07328,C
TEST_07330,D
TEST_07342,C
TEST_07347,C
TEST_07352,C
TEST_07359,D
TEST_07360,D
TEST_07364,D
TEST_07367,C
TEST_07380,D
TEST_07381,D
TEST_07389,D
TEST_07390,D
TEST_07395,D
TEST_07407,D
TEST_07408,C
TEST_07416,D
TEST_07417,D
TEST_07420,D
TEST_07430,C
TEST_07432,D
TEST_07436,D
TEST_07437,C
TEST_07438,D
TEST_07442,D
TEST_07454,C
TEST_07459,D
TEST_07467,D
TEST_07468,D
TEST_07473,D
TEST_07478,C
TEST_07479,C
TEST_07491,D
TEST_07496,D
TEST_07498,D
TEST_07501,D
TEST_07505,C
TEST_07506,C
TEST_07511,C
TEST_07537,D
TEST_07559,D
TEST_07565,D
TEST_07579,D
TEST_07601,C
TEST_07608,C
TEST_07609,D
TEST_07610,D
TEST_07622,D
TEST_07631,D
TEST_07640,C
TEST_07642,C
TEST_07650,D
TEST_07663,C
TEST_07666,D
TEST_07667,D
TEST_07670,D
TEST_07677,D
TEST_07679,D
TEST_07680,D
TEST_07681,D
TEST_07686,D
TEST_07688,D
TEST_07693,C
TEST_07695,C
TEST_07696,D
TEST_07698,C
TEST_07699,D
TEST_07704,C
TEST_07708,D
TEST_07709,D
TEST_07716,C
TEST_07727,C
TEST_07730,D
TEST_07734,D
TEST_07739,D
TEST_07744,D
TEST_07751,D
TEST_07752,C
TEST_07753,D
TEST_07763,D
TEST_07774,D
TEST_07780,D
TEST_07783,D
TEST_07789,C
TEST_07794,C
TEST_07795,D
TEST_07797,D
TEST_07803,D
TEST_07808,D
TEST_07810,D
TEST_07811,D
TEST_07812,C
TEST_07813,D
TEST_07815,D
TEST_07823,C
TEST_07829,D
TEST_07831,D
TEST_07832,D
TEST_07844,D
TEST_07851,C
TEST_07852,D
TEST_07863,C
TEST_07869,D
TEST_07879,C
TEST_07880,D
TEST_07882,D
TEST_07883,D
TEST_07884,D
TEST_07892,D
TEST_07902,D
TEST_07907,D
TEST_07918,D
TEST_07919,D
TEST_07929,C
TEST_07934,D
TEST_07936,D
TEST_07940,D
TEST_07943,D
TEST_07956,D
TEST_07965,D
TEST_07974,C
TEST_07975,C
TEST_07983,C
TEST_07985,C
TEST_07990,D
TEST_07993,C
TEST_08002,D
TEST_08012,D
TEST_08030,D
TEST_08045,C
TEST_08051,C
TEST_08056,C
TEST_08062,D
TEST_08067,D
TEST_08079,C
TEST_08085,C
TEST_08088,D
TEST_08096,D
TEST_08099,C
TEST_08104,D
TEST_08107,D
TEST_08121,D
TEST_08130,C
TEST_08135,D
TEST_08142,D
TEST_08147,D
TEST_08178,C
TEST_08183,D
TEST_08189,D
TEST_08192,C
TEST_08201,C
TEST_08202,D
TEST_08221,C
TEST_08233,D
TEST_08246,D
TEST_08251,D
TEST_08252,C
TEST_08255,D
TEST_08257,D
TEST_08261,D
TEST_08262,D
TEST_08265,D
TEST_08269,D
TEST_08276,D
TEST_08284,D
TEST_08286,D
TEST_08290,D
TEST_08299,D
TEST_08307,D
TEST_08314,C
TEST_08315,D
TEST_08322,C
TEST_08323,D
TEST_08328,D
TEST_08349,C
TEST_08352,D
TEST_08354,C
TEST_08359,C
TEST_08360,C
TEST_08369,D
TEST_08372,C
TEST_08382,D
TEST_08408,D
TEST_08409,D
TEST_08412,D
TEST_08416,D
TEST_08418,C
TEST_08428,C
TEST_08435,D
TEST_08442,D
TEST_08445,D
TEST_08449,D
TEST_08481,C
TEST_08490,C
TEST_08498,C
TEST_08509,D
TEST_08510,C
TEST_08518,C
TEST_08521,D
TEST_08527,C
TEST_08542,C
TEST_08543,D
TEST_08544,C
TEST_08550,D
TEST_08552,D
TEST_08555,C
TEST_08570,D
TEST_08571,D
TEST_08576,D
TEST_08582,C
TEST_08583,D
TEST_08590,D
TEST_08594,D
TEST_08600,D
TEST_08604,C
TEST_08613,C
TEST_08622,D
TEST_08628,D
TEST_08629,D
TEST_08634,C
TEST_08639,C
TEST_08653,D
TEST_08657,D
TEST_08665,D
TEST_08666,D
TEST_08673,C
TEST_08674,D
TEST_08687,D
TEST_08698,D
TEST_08699,D
TEST_08708,D
TEST_08717,C
TEST_08719,D
TEST_08721,D
TEST_08725,C
TEST_08729,D
TEST_08733,D
TEST_08743,D
TEST_08747,D
TEST_08751,C
TEST_08759,C
TEST_08761,C
TEST_08763,D
TEST_08767,D
TEST_08769,D
TEST_08775,D
TEST_08776,C
TEST_08782,C
TEST_08784,D
TEST_08785,C
TEST_08795,D
TEST_08804,C
TEST_08816,C
TEST_08825,D
TEST_08836,C
TEST_08838,C
TEST_08850,D
TEST_08851,D
TEST_08857,D
TEST_08858,D
TEST_08859,D
TEST_08860,D
TEST_08864,D
TEST_08870,D
TEST_08873,D
TEST_08874,C
TEST_08882,D
TEST_08888,D
TEST_08893,D
TEST_08900,D
TEST_08906,C
TEST_08912,D
TEST_08933,C
TEST_08935,D
TEST_08936,C
TEST_08937,D
TEST_08948,D
TEST_08951,D
TEST_08952,D
TEST_08958,D
TEST_08964,D
TEST_08965,D
TEST_08983,D
TEST_08987,C
TEST_08990,D
TEST_08997,D
TEST_09001,D
TEST_09007,C
TEST_09010,D
TEST_09016,C
TEST_09018,D
TEST_09019,C
TEST_09022,D
TEST_09023,D
TEST_09026,D
TEST_09027,D
TEST_09033,D
TEST_09040,D
TEST_09045,D
TEST_09049,C
TEST_09050,D
TEST_09058,C
TEST_09062,D
TEST_09065,D
TEST_09068,C
TEST_09073,D
TEST_09082,D
TEST_09084,C
TEST_09087,C
TEST_09089,C
TEST_09096,D
TEST_09103,D
TEST_09113,C
TEST_09119,D
TEST_09124,D
TEST_09128,D
TEST_09131,C
TEST_09132,D
TEST_09137,D
TEST_09142,C
TEST_09145,D
TEST_09152,D
TEST_09164,C
TEST_09165,D
TEST_09168,D
TEST_09171,C
TEST_09173,D
TEST_09174,D
TEST_09182,D
TEST_09193,D
TEST_09199,D
TEST_09215,D
TEST_09225,D
TEST_09243,C
TEST_09248,D
TEST_09252,D
TEST_09254,D
TEST_09255,D
TEST_09259,C
TEST_09261,D
TEST_09277,D
TEST_09278,D
TEST_09283,D
TEST_09292,D
TEST_09302,D
TEST_09307,D
TEST_09310,D
TEST_09317,D
TEST_09320,C
TEST_09322,D
TEST_09324,D
TEST_09329,C
TEST_09336,C
TEST_09337,D
TEST_09338,C
TEST_09341,D
TEST_09342,D
TEST_09349,D
TEST_09351,D
TEST_09356,D
TEST_09357,C
TEST_09362,D
TEST_09367,D
TEST_09368,D
TEST_09372,D
TEST_09384,C
TEST_09387,D
TEST_09389,C
TEST_09396,C
TEST_09400,D
TEST_09420,D
TEST_09440,D
TEST_09442,D
TEST_09448,D
TEST_09459,D
TEST_09469,D
TEST_09481,D
TEST_09483,D
TEST_09490,D
TEST_09497,C
TEST_09512,D
TEST_09521,D
TEST_09523,D
TEST_09530,C
TEST_09540,C
TEST_09551,D
TEST_09552,D
TEST_09555,C
TEST_09556,C
TEST_09558,D
TEST_09562,D
TEST_09574,D
TEST_09577,D
TEST_09580,C
TEST_09585,D
TEST_09601,D
TEST_09606,C
TEST_09609,D
TEST_09626,D
TEST_09629,C
TEST_09630,D
TEST_09631,D
TEST_09632,C
TEST_09634,D
TEST_09641,C
TEST_09643,D
TEST_09644,D
TEST_09645,D
TEST_09657,C
TEST_09658,D
TEST_09666,D
TEST_09667,D
TEST_09668,D
TEST_09674,D
TEST_09675,D
TEST_09679,D
TEST_09694,C
TEST_09697,C
TEST_09708,D
TEST_09712,D
TEST_09717,C
TEST_09718,D
TEST_09720,D
TEST_09722,D
TEST_09725,D
TEST_09726,D
TEST_09738,D
TEST_09740,C
TEST_09754,D
TEST_09756,D
TEST_09758,D
TEST_09770,D
TEST_09772,D
TEST_09776,D
TEST_09780,C
TEST_09783,D
TEST_09788,C
TEST_09794,C
TEST_09801,D
TEST_09803,D
TEST_09805,D
TEST_09807,D
TEST_09809,D
TEST_09811,C
TEST_09813,D
TEST_09817,D
TEST_09818,D
TEST_09819,C
TEST_09833,D
TEST_09835,D
TEST_09845,C
TEST_09848,D
TEST_09853,D
TEST_09857,D
TEST_09860,D
TEST_09865,D
TEST_09866,D
TEST_09881,D
TEST_09887,D
TEST_09889,D
TEST_09905,C
TEST_09906,D
TEST_09912,C
TEST_09927,D
TEST_09931,D
TEST_09944,D
TEST_09958,D
TEST_09971,D
TEST_09977,C
TEST_09981,D
TEST_09997,D
TEST_10001,D
TEST_10004,D
TEST_10020,D
TEST_10022,D
TEST_10027,D
TEST_10028,D
TEST_10031,C
TEST_10034,C
TEST_10037,C
TEST_10039,D
TEST_10040,D
TEST_10051,D
TEST_10054,D
TEST_10056,D
TEST_10061,D
TEST_10063,C
TEST_10075,D
TEST_10087,D
TEST_10091,C
TEST_10093,D
TEST_10102,D
TEST_10117,D
TEST_10138,D
TEST_10141,D
TEST_10147,D
TEST_10150,D
TEST_10161,C
TEST_10166,C
TEST_10173,D
TEST_10174,D
TEST_10184,D
TEST_10197,D
TEST_10199,D
TEST_10213,D
TEST_10226,C
TEST_10231,D
TEST_10236,D
TEST_10237,D
TEST_10239,D
TEST_10247,C
TEST_10250,D
TEST_10252,C
TEST_10256,D
TEST_10271,C
TEST_10275,D
TEST_10279,D
TEST_10285,D
TEST_10286,D
TEST_10298,C
TEST_10299,C
TEST_10300,D
TEST_10305,C
TEST_10306,D
TEST_10310,D
TEST_10326,C
TEST_10333,C
TEST_10336,D
TEST_10347,D
TEST_10359,C
TEST_10362,C
TEST_10366,D
TEST_10373,D
TEST_10377,D
TEST_10382,D
TEST_10383,C
TEST_10385,D
TEST_10392,D
TEST_10393,D
TEST_10394,D
TEST_10395,D
TEST_10408,D
TEST_10425,D
TEST_10437,D
TEST_10441,D
TEST_10443,D
TEST_10449,D
TEST_10456,D
TEST_10475,D
TEST_10481,C
TEST_10483,C
TEST_10498,D
TEST_10500,C
TEST_10502,D
TEST_10507,C
TEST_10508,D
TEST_10510,D
TEST_10521,D
TEST_10532,D
TEST_10546,D
TEST_10547,D
TEST_10555,D
TEST_10557,C
TEST_10558,D
TEST_10561,C
TEST_10562,D
TEST_10568,D
TEST_10578,D
TEST_10579,D
TEST_10581,C
TEST_10583,D
TEST_10591,D
TEST_10596,D
TEST_10603,C
TEST_10620,D
TEST_10623,C
TEST_10645,D
TEST_10647,D
TEST_10659,C
TEST_10660,C
TEST_10673,D
TEST_10692,D
TEST_10699,D
TEST_10706,D
TEST_10708,D
TEST_10717,D
TEST_10727,D
TEST_10743,D
TEST_10748,D
TEST_10750,D
TEST_10752,D
TEST_10754,D
TEST_10757,D
TEST_10758,D
TEST_10763,D
TEST_10766,D
TEST_10780,D
TEST_10781,D
TEST_10793,C
TEST_10794,D
TEST_10806,D
TEST_10811,C
TEST_10813,D
TEST_10824,D
TEST_10828,D
TEST_10833,C
TEST_10835,C
TEST_10836,D
TEST_10840,D
TEST_10841,D
TEST_10843,D
TEST_10850,D
TEST_10857,C
TEST_10871,C
TEST_10880,D
TEST_10882,D
TEST_10887,D
TEST_10890,D
TEST_10898,C
TEST_10903,C
TEST_10905,D
TEST_10912,D
TEST_10919,C
TEST_10922,D
TEST_10923,C
TEST_10925,D
TEST_10931,D
TEST_10942,D
TEST_10943,D
TEST_10963,D
TEST_10964,D
TEST_10969,D
TEST_10970,D
TEST_10987,D
TEST_10997,C
TEST_11000,D
TEST_11002,D
TEST_11006,D
TEST_11009,D
TEST_11013,D
TEST_11018,C
TEST_11026,C
TEST_11028,D
TEST_11031,C
TEST_11046,D
TEST_11047,D
TEST_11049,D
TEST_11052,C
TEST_11053,D
TEST_11055,D
TEST_11057,C
TEST_11060,D
TEST_11067,D
TEST_11073,D
TEST_11081,D
TEST_11084,C
TEST_11089,C
TEST_11093,D
TEST_11096,D
TEST_11104,D
TEST_11112,D
TEST_11114,D
TEST_11120,C
TEST_11128,D
TEST_11143,D
TEST_11149,D
TEST_11158,C
TEST_11161,C
TEST_11167,D
TEST_11168,C
TEST_11169,D
TEST_11170,D
TEST_11172,D
TEST_11184,D
TEST_11200,C
TEST_11202,C
TEST_11203,D
TEST_11211,D
TEST_11216,D
TEST_11218,D
TEST_11221,C
TEST_11223,D
TEST_11225,D
TEST_11232,D
TEST_11237,C
TEST_11247,C
TEST_11248,D
TEST_11249,C
TEST_11261,D
TEST_11268,D
TEST_11293,D
TEST_11294,D
TEST_11297,D
TEST_11298,D
TEST_11303,D
TEST_11304,D
TEST_11308,C
TEST_11310,D
TEST_11315,D
TEST_11316,C
TEST_11348,C
TEST_11355,D
TEST_11362,D
TEST_11364,D
TEST_11368,D
TEST_11381,C
TEST_11386,C
TEST_11387,C
TEST_11410,D
TEST_11411,D
TEST_11413,D
TEST_11425,C
TEST_11436,D
TEST_11454,D
TEST_11455,D
TEST_11459,D
TEST_11460,D
TEST_11465,D
TEST_11471,D
TEST_11481,C
TEST_11482,D
TEST_11483,D
TEST_11486,D
TEST_11493,D
TEST_11494,C
TEST_11498,D
TEST_11499,D
TEST_11501,D
TEST_11506,C
TEST_11512,D
TEST_11518,D
TEST_11520,C
TEST_11523,D
TEST_11524,D
TEST_11530,C
TEST_11539,D
TEST_11543,D
TEST_11550,C
TEST_11557,C
TEST_11563,D
TEST_11566,C
TEST_11567,D
TEST_11572,C
TEST_11577,D
TEST_11587,D
TEST_11600,D
TEST_11602,D
TEST_11620,D
TEST_11627,D
TEST_11630,D
TEST_11645,D
TEST_11649,D
TEST_11652,C
TEST_11672,D
TEST_11684,D
TEST_11692,D
TEST_11702,D
TEST_11715,D
TEST_11717,C
TEST_11719,D
TEST_11730,C
TEST_11740,D
TEST_11744,D
TEST_11749,C
TEST_11769,D
TEST_11773,D
TEST_11788,C
TEST_11804,C
TEST_11816,C
TEST_11822,D
TEST_11825,C
TEST_11832,C
TEST_11835,C
TEST_11841,C
TEST_11843,D
TEST_11852,D
TEST_11854,C
TEST_11856,D
TEST_11862,D
TEST_11864,D
TEST_11873,D
TEST_11874,D
TEST_11875,D
TEST_11878,C
TEST_11880,D
TEST_11896,D
TEST_11904,D
TEST_11920,C
TEST_11923,D
TEST_11925,C
TEST_11933,D
TEST_11935,D
TEST_11941,D
TEST_11952,D
TEST_11967,D
TEST_11969,D
TEST_11970,C
TEST_11980,D
TEST_11991,C
TEST_11993,D
TEST_11997,D
TEST_12000,C
TEST_12006,C
TEST_12011,D
TEST_12017,D
TEST_12019,D
TEST_12022,D
TEST_12024,D
TEST_12028,C
TEST_12034,D
TEST_12036,D
TEST_12055,C
TEST_12063,D
TEST_12072,C
TEST_12074,D
TEST_12084,D
TEST_12091,D
TEST_12101,D
TEST_12102,D
TEST_12105,D
TEST_12111,D
TEST_12121,D
TEST_12122,D
TEST_12127,D
TEST_12133,D
TEST_12144,D
TEST_12166,D
TEST_12168,D
TEST_12171,D
TEST_12176,D
TEST_12178,C
TEST_12179,D
TEST_12181,D
TEST_12183,C
TEST_12186,D
TEST_12194,D
TEST_12205,D
TEST_12206,D
TEST_12208,D
TEST_12214,D
TEST_12221,D
TEST_12225,D
TEST_12230,D
TEST_12231,D
TEST_12233,D
TEST_12236,D
TEST_12238,D
TEST_12239,D
TEST_12253,D
TEST_12257,D
TEST_12259,C
TEST_12266,D
TEST_12267,D
TEST_12269,D
TEST_12273,C
TEST_12276,C
TEST_12280,C
TEST_12284,D
TEST_12287,D
TEST_12292,D
TEST_12299,D
TEST_12301,D
TEST_12302,D
TEST_12314,D
TEST_12320,D
TEST_12323,C
TEST_12345,C
TEST_12348,D
TEST_12352,D
TEST_12354,C
TEST_12377,C
TEST_12379,D
TEST_12389,D
TEST_12391,C
TEST_12395,C
TEST_12413,D
TEST_12415,D
TEST_12419,C
TEST_12433,D
TEST_12437,D
TEST_12439,D
TEST_12441,D
TEST_12445,C
TEST_12462,D
TEST_12467,D
TEST_12471,D
TEST_12474,C
TEST_12485,C
TEST_12489,D
TEST_12490,D
TEST_12498,C
TEST_12499,C
TEST_12510,C
TEST_12517,C
TEST_12526,D
TEST_12543,D
TEST_12546,D
TEST_12548,D
TEST_12553,D
TEST_12563,D
TEST_12565,C
TEST_12566,D
TEST_12578,D
TEST_12594,D
TEST_12595,D
TEST_12597,D
TEST_12608,D
TEST_12632,C
TEST_12643,D
TEST_12655,D
TEST_12657,C
TEST_12665,C
TEST_12682,D
TEST_12688,C
TEST_12694,D
TEST_12711,D
TEST_12712,D
TEST_12714,C
TEST_12719,D
TEST_12731,D
TEST_12734,D
TEST_12738,C
TEST_12742,C
TEST_12743,D
TEST_12749,D
TEST_12757,D
TEST_12762,D
TEST_12769,D
TEST_12795,C
TEST_12796,D
TEST_12813,D
TEST_12836,D
TEST_12843,C
TEST_12847,D
TEST_12850,C
TEST_12855,D
TEST_12856,C
TEST_12863,D
TEST_12868,D
TEST_12878,D
TEST_12880,D
TEST_12882,C
TEST_12886,D
TEST_12893,D
TEST_12897,D
TEST_12904,D
TEST_12907,D
TEST_12908,D
TEST_12911,C
TEST_12917,C
TEST_12924,D
TEST_12928,D
TEST_12939,D
TEST_12951,C
TEST_12960,C
TEST_12989,D
TEST_13002,D
TEST_13004,C
TEST_13014,D
TEST_13024,D
TEST_13049,D
TEST_13055,D
TEST_13057,D
TEST_13061,D
TEST_13070,C
TEST_13073,C
TEST_13074,D
TEST_13080,C
TEST_13091,D
TEST_13094,C
TEST_13104,C
TEST_13133,D
TEST_13136,D
TEST_13143,D
TEST_13146,D
TEST_13147,D
TEST_13148,D
TEST_13151,D
TEST_13160,D
TEST_13161,D
TEST_13164,D
TEST_13168,C
TEST_13179,D
TEST_13180,D
TEST_13184,D
TEST_13189,D
TEST_13199,D
TEST_13206,C
TEST_13214,D
TEST_13219,C
TEST_13220,D
TEST_13224,D
TEST_13225,D
TEST_13229,D
TEST_13232,D
TEST_13239,D
TEST_13242,D
TEST_13245,C
TEST_13246,C
TEST_13247,C
TEST_13268,D
TEST_13276,D
TEST_13288,D
TEST_13293,C
TEST_13309,D
TEST_13310,D
TEST_13315,D
TEST_13320,D
TEST_13324,C
TEST_13326,D
TEST_13330,D
TEST_13344,D
TEST_13351,D
TEST_13354,D
TEST_13356,C
TEST_13358,D
TEST_13373,D
TEST_13387,D
TEST_13389,D
TEST_13392,C
TEST_13393,C
TEST_13402,D
TEST_13407,C
TEST_13415,D
TEST_13424,C
TEST_13426,D
TEST_13429,D
TEST_13430,C
TEST_13432,D
TEST_13436,C
TEST_13443,D
TEST_13446,D
TEST_13453,D
TEST_13458,C
TEST_13467,C
TEST_13471,D
TEST_13472,C
TEST_13476,D
TEST_13480,D
TEST_13483,D
TEST_13497,C
TEST_13509,D
TEST_13517,C
TEST_13522,C
TEST_13526,D
TEST_13529,D
TEST_13533,C
TEST_13541,D
TEST_13548,D
TEST_13553,D
TEST_13559,C
TEST_13563,C
TEST_13568,C
TEST_13569,D
TEST_13572,C
TEST_13580,C
TEST_13581,D
TEST_13584,D
TEST_13586,C
TEST_13592,C
TEST_13613,C
TEST_13615,D
TEST_13624,C
TEST_13627,C
TEST_13629,D
TEST_13633,D
TEST_13638,D
TEST_13639,D
TEST_13643,D
TEST_13651,C
TEST_13652,C
TEST_13653,D
TEST_13655,D
TEST_13677,D
TEST_13683,D
TEST_13685,D
TEST_13689,C
TEST_13694,D
TEST_13703,D
TEST_13705,D
TEST_13706,D
TEST_13718,D
TEST_13730,D
TEST_13743,C
TEST_13751,D
TEST_13772,D
TEST_13780,D
TEST_13789,C
TEST_13803,C
TEST_13807,D
TEST_13816,C
TEST_13817,D
TEST_13821,D
TEST_13828,D
TEST_13834,D
TEST_13835,C
TEST_13838,D
TEST_13849,D
TEST_13859,C
TEST_13861,D
TEST_13866,D
TEST_13873,D
TEST_13875,D
TEST_13876,D
TEST_13881,C
TEST_13898,D
TEST_13906,D
TEST_13909,D
TEST_13912,D
TEST_13913,D
TEST_13914,D
TEST_13916,C
TEST_13923,D
TEST_13928,C
TEST_13930,D
TEST_13931,D
TEST_13933,C
TEST_13943,C
TEST_13947,C
TEST_13950,D
TEST_13953,D
TEST_13977,D
TEST_13980,D
TEST_13982,D
TEST_13986,C
TEST_13989,C
TEST_13995,D
TEST_13997,D
TEST_14000,D
TEST_14017,D
TEST_14019,C
TEST_14022,D
TEST_14024,C
TEST_14033,D
TEST_14034,D
TEST_14044,C
TEST_14047,D
TEST_14052,D
TEST_14054,C
TEST_14060,D
TEST_14061,C
TEST_14062,D
TEST_14069,D
TEST_14086,D
TEST_14101,D
TEST_14117,D
TEST_14118,C
TEST_14122,C
TEST_14128,D
TEST_14130,D
TEST_14132,D
TEST_14145,C
TEST_14146,C
TEST_14153,D
TEST_14161,D
TEST_14162,D
TEST_14164,C
TEST_14167,D
TEST_14169,C
TEST_14174,D
TEST_14183,C
TEST_14196,D
TEST_14198,D
TEST_14202,D
TEST_14234,D
TEST_14265,D
TEST_14270,D
TEST_14271,C
TEST_14276,D
TEST_14285,C
TEST_14290,D
TEST_14293,D
TEST_14296,C
TEST_14300,C
TEST_14302,D
TEST_14308,D
TEST_14312,C
TEST_14317,C
TEST_14321,D
TEST_14335,C
TEST_14339,D
TEST_14340,D
TEST_14341,D
TEST_14347,C
TEST_14356,D
TEST_14358,D
TEST_14364,D
TEST_14370,D
TEST_14374,D
TEST_14382,C
TEST_14387,D
TEST_14389,D
TEST_14391,D
TEST_14401,D
TEST_14412,C
TEST_14438,C
TEST_14451,C
TEST_14455,D
TEST_14460,C
TEST_14473,D
TEST_14475,D
TEST_14477,D
TEST_14484,C
TEST_14489,C
TEST_14496,D
TEST_14502,D
TEST_14509,C
TEST_14513,C
TEST_14514,D
TEST_14518,D
TEST_14532,D
TEST_14541,D
TEST_14545,D
TEST_14555,D
TEST_14557,D
TEST_14567,D
TEST_14569,D
TEST_14575,D
TEST_14580,D
TEST_14583,D
TEST_14603,C
TEST_14609,C
TEST_14610,D
TEST_14612,C
TEST_14614,D
TEST_14616,C
TEST_14619,D
TEST_14622,D
TEST_14624,D
TEST_14625,D
TEST_14631,D
TEST_14639,D
TEST_14640,D
TEST_14656,D
TEST_14658,C
TEST_14673,C
TEST_14677,D
TEST_14679,D
TEST_14689,C
TEST_14693,D
TEST_14705,D
TEST_14713,D
TEST_14714,C
TEST_14728,D
TEST_14735,D
TEST_14737,D
TEST_14755,C
TEST_14759,D
TEST_14765,D
TEST_14770,D
TEST_14774,D
TEST_14777,C
TEST_14787,C
TEST_14803,D
TEST_14804,D
TEST_14820,C
TEST_14825,C
TEST_14838,D
TEST_14842,D
TEST_14844,D
TEST_14877,D
TEST_14881,D
TEST_14883,D
TEST_14899,C
TEST_14901,D
TEST_14905,D
TEST_14911,D
TEST_14914,D
TEST_14921,D
TEST_14928,D
TEST_14933,C
TEST_14942,D
TEST_14949,D
TEST_14950,D
TEST_14968,D
TEST_14970,D
TEST_14973,D
TEST_14980,C
TEST_14985,C
TEST_14991,D
TEST_15003,D
TEST_15004,D
TEST_15037,D
TEST_15064,D
TEST_15066,C
TEST_15067,D
TEST_15079,D
TEST_15086,D
TEST_15095,D
TEST_15102,C
TEST_15110,D
TEST_15113,D
TEST_15124,D
TEST_15129,D
TEST_15137,C
TEST_15138,D
TEST_15139,C
TEST_15141,D
TEST_15143,D
TEST_15150,C
TEST_15151,D
TEST_15152,C
TEST_15154,D
TEST_15158,D
TEST_15161,D
TEST_15163,C
TEST_15167,C
TEST_15171,C
TEST_15177,C
TEST_15182,D
TEST_15184,D
TEST_15195,D
TEST_15196,D
TEST_15197,D
TEST_15205,D
TEST_15206,D
TEST_15210,D
TEST_15214,C
TEST_15220,D
TEST_15221,D
TEST_15239,D
TEST_15248,C
TEST_15254,D
TEST_15261,C
TEST_15264,D
TEST_15271,D
TEST_15277,D
TEST_15286,D
TEST_15288,D
TEST_15291,D
TEST_15299,D
TEST_15305,D
TEST_15317,D
TEST_15320,C
TEST_15328,D
TEST_15332,D
TEST_15337,D
TEST_15340,C
TEST_15341,C
TEST_15342,C
TEST_15351,C
TEST_15359,C
TEST_15361,D
TEST_15379,D
TEST_15383,D
TEST_15386,D
TEST_15387,D
TEST_15395,D
TEST_15400,D
TEST_15401,D
TEST_15424,C
TEST_15439,D
TEST_15444,D
TEST_15445,D
TEST_15447,D
TEST_15451,C
TEST_15467,D
TEST_15480,C
TEST_15486,C
TEST_15489,C
TEST_15496,D
TEST_15498,D
TEST_15500,D
TEST_15506,D
TEST_15512,D
TEST_15522,C
TEST_15523,D
TEST_15526,D
TEST_15528,D
TEST_15533,D
TEST_15541,C
TEST_15544,C
TEST_15548,D
TEST_15555,D
TEST_15556,C
TEST_15557,D
TEST_15560,D
TEST_15561,D
TEST_15563,D
TEST_15564,D
TEST_15581,D
TEST_15605,C
TEST_15610,C
TEST_15613,D
TEST_15617,D
TEST_15619,D
TEST_15624,D
TEST_15626,D
TEST_15657,C
TEST_15659,C
TEST_15668,D
TEST_15681,D
TEST_15682,D
TEST_15694,D
TEST_15697,D
TEST_15699,D
TEST_15704,C
TEST_15706,D
TEST_15712,D
TEST_15713,C
TEST_15725,D
TEST_15736,C
TEST_15739,D
TEST_15747,D
TEST_15749,D
TEST_15751,C
TEST_15763,D
TEST_15766,D
TEST_15767,D
TEST_15782,D
TEST_15783,C
TEST_15790,C
TEST_15792,D
TEST_15796,C
TEST_15815,D
TEST_15817,D
TEST_15819,D
TEST_15822,C
TEST_15834,D
TEST_15839,D
TEST_15843,C
TEST_15849,D
TEST_15857,D
TEST_15858,D
TEST_15861,D
TEST_15862,D
TEST_15866,D
TEST_15867,D
TEST_15869,C
TEST_15872,D
TEST_15874,C
TEST_15888,D
TEST_15893,C
TEST_15896,C
TEST_15905,D
TEST_15915,D
TEST_15923,C
TEST_15929,D
TEST_15934,D
TEST_15936,D
TEST_15939,D
TEST_15941,C
TEST_15943,C
TEST_15947,D
TEST_15951,C
TEST_15959,D
TEST_15968,D
TEST_15982,D
TEST_16005,D
TEST_16006,C
TEST_16010,D
TEST_16013,D
TEST_16014,C
TEST_16024,D
TEST_16026,D
TEST_16028,D
TEST_16030,C
TEST_16035,D
TEST_16037,C
TEST_16044,C
TEST_16048,D
TEST_16053,D
TEST_16057,D
TEST_16065,D
TEST_16067,D
TEST_16068,C
TEST_16072,D
TEST_16082,C
TEST_16094,D
TEST_16099,C
TEST_16101,D
TEST_16106,D
TEST_16110,C
TEST_16113,D
TEST_16114,D
TEST_16118,D
TEST_16122,D
TEST_16140,D
TEST_16144,D
TEST_16146,D
TEST_16151,D
TEST_16185,D
TEST_16188,D
TEST_16192,D
TEST_16217,D
TEST_16226,D
TEST_16237,C
TEST_16245,D
TEST_16246,D
TEST_16251,D
TEST_16256,D
TEST_16260,D
TEST_16267,D
TEST_16271,D
TEST_16276,C
TEST_16286,D
TEST_16288,D
TEST_16293,C
TEST_16296,C
TEST_16303,D
TEST_16308,D
TEST_16315,D
TEST_16317,D
TEST_16320,C
TEST_16322,C
TEST_16326,D
TEST_16329,D
TEST_16330,D
TEST_16332,C
TEST_16337,C
TEST_16351,C
TEST_16359,D
TEST_16362,C
TEST_16369,D
TEST_16372,D
TEST_16376,C
TEST_16381,C
TEST_16385,D
TEST_16401,C
TEST_16402,D
TEST_16403,C
TEST_16418,C
TEST_16419,D
TEST_16424,C
TEST_16425,D
TEST_16428,D
TEST_16431,D
TEST_16432,D
TEST_16434,D
TEST_16435,C
TEST_16436,D
TEST_16444,C
TEST_16446,D
TEST_16451,C
TEST_16454,D
TEST_16455,D
TEST_16460,D
TEST_16461,D
TEST_16470,C
TEST_16476,D
TEST_16477,D
TEST_16492,D
TEST_16506,C
TEST_16508,D
TEST_16521,D
TEST_16523,C
TEST_16526,D
TEST_16528,D
TEST_16534,C
TEST_16540,D
TEST_16546,D
TEST_16557,C
TEST_16569,C
TEST_16576,D
TEST_16584,C
TEST_16587,C
TEST_16589,D
TEST_16604,C
TEST_16605,D
TEST_16627,D
TEST_16635,C
TEST_16636,D
TEST_16638,C
TEST_16661,C
TEST_16675,D
TEST_16680,D
TEST_16682,D
TEST_16685,C
TEST_16688,D
TEST_16694,C
TEST_16695,D
TEST_16701,D
TEST_16710,C
TEST_16738,C
TEST_16748,D
TEST_16756,D
TEST_16757,D
TEST_16768,C
TEST_16785,D
TEST_16792,D
TEST_16798,C
TEST_16808,D
TEST_16809,D
TEST_16826,D
TEST_16829,C
TEST_16831,C
TEST_16846,C
TEST_16867,C
TEST_16869,C
TEST_16883,D
TEST_16885,C
TEST_16886,C
TEST_16890,D
TEST_16927,D
TEST_16929,D
TEST_16930,D
TEST_16933,D
TEST_16937,C
TEST_16941,D
TEST_16943,D
TEST_16944,C
TEST_16948,D
TEST_16949,D
TEST_16957,D
TEST_16961,D
TEST_16964,D
TEST_16967,D
TEST_16969,D
TEST_16971,D
TEST_16972,D
TEST_16975,D
TEST_16977,D
TEST_16981,D
TEST_16987,C
TEST_16996,C
TEST_17002,C
TEST_17010,D
TEST_17016,C
TEST_17017,D
TEST_17038,C
TEST_17041,D
TEST_17042,D
TEST_17044,D
TEST_17046,C
TEST_17052,D
TEST_17054,D
TEST_17060,C
TEST_17061,D
TEST_17062,D
TEST_17070,C
TEST_17073,D
TEST_17083,C
TEST_17084,C
TEST_17087,C
TEST_17089,D
TEST_17091,D
TEST_17098,C
TEST_17101,D
TEST_17104,C
TEST_17113,D
TEST_17124,D
TEST_17129,C
TEST_17131,C
TEST_17136,D
TEST_17140,D
TEST_17144,C
TEST_17149,D
TEST_17150,D
TEST_17157,C
TEST_17158,D
TEST_17164,C
TEST_17165,D
TEST_17167,C
TEST_17173,D
TEST_17175,C
TEST_17182,D
TEST_17183,D
TEST_17187,C
TEST_17189,C
TEST_17195,C
TEST_17206,C
TEST_17212,C
TEST_17215,C
TEST_17216,D
TEST_17236,D
TEST_17239,D
TEST_17240,C
TEST_17241,C
TEST_17246,C
TEST_17250,C
TEST_17252,D
TEST_17253,D
TEST_17266,C
TEST_17289,C
TEST_17291,D
TEST_17295,D
TEST_17298,D
TEST_17299,D
TEST_17305,D
TEST_17311,C
TEST_17312,D
TEST_17323,D
TEST_17327,C
TEST_17335,C
TEST_17342,C
TEST_17353,D
TEST_17362,D
TEST_17372,D
TEST_17393,C
TEST_17400,C
TEST_17411,D
TEST_17425,D
TEST_17436,D
TEST_17443,D
TEST_17445,C
TEST_17448,D
TEST_17453,D
TEST_17454,C
TEST_17472,D
TEST_17473,D
TEST_17485,D
TEST_17491,D
TEST_17492,C
TEST_17494,D
TEST_17497,D
TEST_17498,C
TEST_17499,C
TEST_17500,D
TEST_17502,C
TEST_17533,D
TEST_17535,D
TEST_17541,D
TEST_17550,D
TEST_17553,C
TEST_17557,D
TEST_17566,C
TEST_17567,D
TEST_17578,D
TEST_17589,D
TEST_17596,D
TEST_17610,C
TEST_17616,C
TEST_17628,D
TEST_17629,D
TEST_17637,C
TEST_17650,C
TEST_17656,D
TEST_17664,C
TEST_17679,C
TEST_17685,C
TEST_17688,C
TEST_17692,D
TEST_17693,C
TEST_17706,D
TEST_17715,C
TEST_17716,D
TEST_17722,D
TEST_17724,D
TEST_17727,D
TEST_17751,C
TEST_17752,D
TEST_17754,C
TEST_17757,C
TEST_17760,D
TEST_17765,D
TEST_17766,D
TEST_17771,D
TEST_17774,D
TEST_17776,C
TEST_17779,D
TEST_17781,D
TEST_17782,C
TEST_17786,D
TEST_17789,C
TEST_17791,D
TEST_17793,D
TEST_17802,C
TEST_17805,C
TEST_17806,C
TEST_17808,C
TEST_17812,D
TEST_17814,D
TEST_17820,C
TEST_17828,D
TEST_17834,D
TEST_17836,D
TEST_17844,D
TEST_17845,C
TEST_17847,C
TEST_17850,D
TEST_17871,D
TEST_17902,D
TEST_17916,C
TEST_17919,D
TEST_17922,D
TEST_17923,D
TEST_17929,D
TEST_17936,D
TEST_17942,C
TEST_17946,D
TEST_17951,D
TEST_17958,D
TEST_17965,D
TEST_17966,C
TEST_17967,D
TEST_17970,D
TEST_17971,D
TEST_17972,D
TEST_17977,D
TEST_17978,D
TEST_17990,D
TEST_17991,C
TEST_18003,D
TEST_18004,C
TEST_18007,D
TEST_18014,D
TEST_18016,D
TEST_18018,D
TEST_18020,C
TEST_18022,D
TEST_18023,D
TEST_18027,C
TEST_18030,C
TEST_18037,D
TEST_18045,D
TEST_18082,C
TEST_18088,C
TEST_18089,D
TEST_18101,D
TEST_18102,D
TEST_18105,D
TEST_18113,D
TEST_18115,D
TEST_18119,C
TEST_18123,C
TEST_18130,D
TEST_18138,D
TEST_18148,C
TEST_18151,C
TEST_18161,C
TEST_18166,C
TEST_18168,D
TEST_18176,D
TEST_18191,D
TEST_18215,D
TEST_18218,D
TEST_18228,D
TEST_18237,D
TEST_18238,D
TEST_18239,C
TEST_18242,D
TEST_18249,D
TEST_18258,D
TEST_18269,C
TEST_18270,D
TEST_18276,C
TEST_18282,D
TEST_18284,D
TEST_18288,D
TEST_18289,C
TEST_18296,D
TEST_18299,C
TEST_18304,D
TEST_18305,C
TEST_18310,D
TEST_18319,D
TEST_18320,D
TEST_18323,C
TEST_18332,D
TEST_18336,D
TEST_18341,D
TEST_18346,D
TEST_18349,D
TEST_18351,D
TEST_18357,D
TEST_18358,D
TEST_18366,D
TEST_18367,D
TEST_18371,C
TEST_18372,D
TEST_18375,D
TEST_18382,D
TEST_18383,C
TEST_18396,C
TEST_18397,C
TEST_18398,D
TEST_18399,D
TEST_18406,D
TEST_18408,D
TEST_18410,C
TEST_18413,C
TEST_18417,D
TEST_18418,C
TEST_18423,D
TEST_18424,D
TEST_18426,D
TEST_18430,D
TEST_18431,D
TEST_18433,D
TEST_18435,D
TEST_18440,D
TEST_18448,D
TEST_18450,D
TEST_18454,D
TEST_18459,C
TEST_18469,C
TEST_18474,D
TEST_18478,C
TEST_18482,C
TEST_18488,D
TEST_18490,D
TEST_18505,D
TEST_18508,D
TEST_18511,D
TEST_18512,C
TEST_18515,D
TEST_18528,D
TEST_18531,D
TEST_18563,D
TEST_18577,C
TEST_18579,D
TEST_18581,D
TEST_18586,D
TEST_18588,D
TEST_18593,D
TEST_18596,C
TEST_18608,D
TEST_18613,D
TEST_18630,D
TEST_18632,D
TEST_18635,C
TEST_18639,D
TEST_18640,D
TEST_18641,D
TEST_18642,D
TEST_18643,D
TEST_18645,D
TEST_18650,D
TEST_18653,D
TEST_18659,C
TEST_18663,D
TEST_18676,D
TEST_18679,D
TEST_18681,D
TEST_18687,D
TEST_18689,D
TEST_18692,D
TEST_18695,C
TEST_18697,D
TEST_18699,D
TEST_18700,D
TEST_18717,D
TEST_18724,D
TEST_18727,C
TEST_18739,D
TEST_18740,C
TEST_18741,D
TEST_18746,D
TEST_18765,C
TEST_18768,D
TEST_18780,D
TEST_18782,D
TEST_18783,D
TEST_18785,D
TEST_18792,D
TEST_18794,D
TEST_18800,C
TEST_18801,D
TEST_18807,D
TEST_18811,D
TEST_18821,D
TEST_18840,D
TEST_18845,D
TEST_18846,C
TEST_18848,D
TEST_18850,C
TEST_18854,D
TEST_18855,D
TEST_18860,C
TEST_18869,D
TEST_18895,D
TEST_18905,D
TEST_18910,C
TEST_18912,D
TEST_18916,D
TEST_18930,C
TEST_18932,D
TEST_18937,D
TEST_18942,C
TEST_18948,D
TEST_18962,C
TEST_18966,C
TEST_18971,D
TEST_18990,D
TEST_18999,D
TEST_19003,D
TEST_19005,C
TEST_19006,D
TEST_19013,D
TEST_19015,D
TEST_19023,C
TEST_19025,D
TEST_19032,D
TEST_19036,D
TEST_19037,C
TEST_19040,C
TEST_19045,D
TEST_19046,D
TEST_19048,D
TEST_19056,D
TEST_19065,C
TEST_19068,D
TEST_19069,D
TEST_19071,C
TEST_19077,D
TEST_19081,D
TEST_19091,D
TEST_19093,C
TEST_19103,D
TEST_19104,C
TEST_19107,D
TEST_19109,D
TEST_19110,D
TEST_19114,C
TEST_19116,D
TEST_19120,C
TEST_19122,D
TEST_19129,D
TEST_19144,D
TEST_19154,D
TEST_19169,C
TEST_19170,D
TEST_19174,D
TEST_19178,D
TEST_19183,D
TEST_19185,D
TEST_19186,D
TEST_19187,D
TEST_19189,D
TEST_19196,D
TEST_19200,C
TEST_19232,D
TEST_19260,C
TEST_19263,D
TEST_19267,D
TEST_19271,D
TEST_19273,D
TEST_19307,D
TEST_19315,D
TEST_19325,D
TEST_19329,C
TEST_19338,D
TEST_19345,D
TEST_19350,C
TEST_19356,C
TEST_19357,D
TEST_19360,C
TEST_19364,D
TEST_19366,D
TEST_19370,D
TEST_19371,D
TEST_19374,D
TEST_19380,D
TEST_19384,C
TEST_19393,D
TEST_19394,D
TEST_19395,C
TEST_19396,C
TEST_19401,D
TEST_19403,D
TEST_19406,D
TEST_19413,D
TEST_19420,D
TEST_19421,D
TEST_19428,D
TEST_19431,D
TEST_19436,D
TEST_19439,D
TEST_19461,C
TEST_19467,C
TEST_19470,D
TEST_19485,D
TEST_19492,D
TEST_19503,D
TEST_19515,D
TEST_19519,C
TEST_19537,D
TEST_19539,D
TEST_19553,C
TEST_19555,C
TEST_19564,D
TEST_19568,D
TEST_19570,C
TEST_19571,C
TEST_19573,C
TEST_19574,C
TEST_19581,D
TEST_19589,D
TEST_19591,C
TEST_19600,D
TEST_19602,C
TEST_19613,D
TEST_19623,D
TEST_19626,D
TEST_19632,D
TEST_19647,D
TEST_19652,C
TEST_19655,D
TEST_19658,D
TEST_19681,D
TEST_19707,D
TEST_19710,D
TEST_19713,D
TEST_19736,C
TEST_19746,D
TEST_19751,D
TEST_19765,D
TEST_19766,C
TEST_19770,D
TEST_19776,C
TEST_19781,D
TEST_19782,D
TEST_19783,D
TEST_19786,C
TEST_19788,D
TEST_19792,D
TEST_19797,D
TEST_19800,D
TEST_19802,D
TEST_19824,C
TEST_19829,D
TEST_19833,D
TEST_19836,C
TEST_19843,C
TEST_19845,D
TEST_19846,D
TEST_19848,C
TEST_19860,C
TEST_19867,D
TEST_19871,D
TEST_19875,D
TEST_19888,C
TEST_19896,C
TEST_19911,C
TEST_19921,D
TEST_19933,C
TEST_19935,C
TEST_19937,D
TEST_19938,C
TEST_19940,D
TEST_19942,D
TEST_19945,C
TEST_19960,D
TEST_19964,C
TEST_19967,D
TEST_19970,D
TEST_19977,C
TEST_19999,D
TEST_20001,D
TEST_20006,D
TEST_20010,D
TEST_20011,C
TEST_20028,D
TEST_20031,D
TEST_20037,C
TEST_20040,D
TEST_20049,D
TEST_20050,C
TEST_20075,D
TEST_20083,D
TEST_20086,D
TEST_20092,C
TEST_20098,C
TEST_20104,D
TEST_20109,D
TEST_20119,D
TEST_20124,D
TEST_20130,C
TEST_20134,C
TEST_20138,C
TEST_20143,C
TEST_20148,D
TEST_20149,D
TEST_20150,D
TEST_20154,D
TEST_20160,D
TEST_20161,C
TEST_20167,D
TEST_20168,D
TEST_20172,C
TEST_20175,D
TEST_20188,D
TEST_20190,D
TEST_20191,C
TEST_20199,D
TEST_20210,D
TEST_20230,D
TEST_20250,D
TEST_20258,C
TEST_20260,C
TEST_20263,D
TEST_20271,D
TEST_20272,D
TEST_20275,C
TEST_20281,C
TEST_20282,D
TEST_20283,D
TEST_20303,D
TEST_20323,C
TEST_20324,D
TEST_20326,C
TEST_20328,C
TEST_20335,C
TEST_20346,C
TEST_20348,C
TEST_20350,D
TEST_20352,D
TEST_20355,D
TEST_20369,D
TEST_20370,C
TEST_20373,C
TEST_20382,C
TEST_20386,C
TEST_20395,D
TEST_20405,D
TEST_20407,D
TEST_20419,D
TEST_20426,D
TEST_20431,C
TEST_20443,D
TEST_20447,D
TEST_20448,D
TEST_20450,D
TEST_20451,C
TEST_20458,D
TEST_20469,D
TEST_20470,D
TEST_20472,D
TEST_20476,D
TEST_20477,D
TEST_20478,D
TEST_20483,C
TEST_20484,C
TEST_20487,D
TEST_20491,C
TEST_20504,D
TEST_20529,D
TEST_20541,D
TEST_20546,C
TEST_20550,D
TEST_20554,D
TEST_20556,C
TEST_20564,D
TEST_20569,D
TEST_20570,D
TEST_20576,C
TEST_20577,D
TEST_20582,C
TEST_20587,C
TEST_20593,D
TEST_20605,C
TEST_20620,C
TEST_20621,D
TEST_20629,C
TEST_20643,C
TEST_20655,D
TEST_20661,D
TEST_20662,D
TEST_20663,C
TEST_20666,D
TEST_20667,D
TEST_20671,D
TEST_20673,D
TEST_20686,C
TEST_20692,D
TEST_20698,D
TEST_20706,D
TEST_20718,D
TEST_20719,D
TEST_20722,D
TEST_20728,D
TEST_20730,D
TEST_20742,D
TEST_20748,C
TEST_20762,C
TEST_20765,D
TEST_20774,C
TEST_20775,D
TEST_20779,D
TEST_20782,D
TEST_20789,D
TEST_20797,C
TEST_20799,C
TEST_20814,C
TEST_20820,D
TEST_20823,D
TEST_20831,D
TEST_20838,D
TEST_20842,D
TEST_20851,D
TEST_20853,C
TEST_20856,D
TEST_20859,D
TEST_20872,C
TEST_20876,D
TEST_20881,D
TEST_20882,D
TEST_20889,C
TEST_20891,C
TEST_20898,D
TEST_20904,D
TEST_20905,D
TEST_20906,D
TEST_20923,D
TEST_20925,D
TEST_20931,D
TEST_20942,D
TEST_20944,D
TEST_20958,D
TEST_20962,C
TEST_20964,D
TEST_20971,D
TEST_20972,D
TEST_20985,D
TEST_20986,D
TEST_20994,D
TEST_20997,D
TEST_21004,C
TEST_21007,C
TEST_21014,C
TEST_21034,D
TEST_21039,C
TEST_21041,D
TEST_21046,D
TEST_21047,C
TEST_21061,D
TEST_21069,D
TEST_21071,D
TEST_21084,D
TEST_21100,D
TEST_21105,C
TEST_21108,C
TEST_21109,C
TEST_21119,D
TEST_21122,C
TEST_21135,D
TEST_21141,D
TEST_21146,D
TEST_21147,D
TEST_21149,D
TEST_21162,D
TEST_21166,C
TEST_21167,D
TEST_21169,C
TEST_21182,D
TEST_21194,D
TEST_21207,C
TEST_21213,C
TEST_21231,D
TEST_21240,D
TEST_21257,C
TEST_21264,C
TEST_21273,D
TEST_21274,D
TEST_21276,C
TEST_21278,D
TEST_21296,D
TEST_21305,D
TEST_21313,D
TEST_21325,D
TEST_21327,D
TEST_21331,D
TEST_21332,C
TEST_21338,D
TEST_21346,D
TEST_21349,D
TEST_21356,D
TEST_21362,D
TEST_21367,D
TEST_21371,C
TEST_21380,C
TEST_21399,D
TEST_21404,D
TEST_21417,C
TEST_21418,C
TEST_21419,C
TEST_21427,C
TEST_21431,C
TEST_21432,C
TEST_21440,D
TEST_21442,D
TEST_21454,C
TEST_21461,D
TEST_21463,D
TEST_21465,D
TEST_21476,D
TEST_21486,C
TEST_21487,C
TEST_21498,C
TEST_21510,C
TEST_21511,D
TEST_21513,D
TEST_21522,D
TEST_21523,D
TEST_21526,D
TEST_21541,D
TEST_21543,D
TEST_21547,D
TEST_21548,D
TEST_21549,C
TEST_21550,C
TEST_21563,C
TEST_21564,D
TEST_21574,C
TEST_21577,C
TEST_21580,D
TEST_21584,D
TEST_21597,C
TEST_21601,C
TEST_21602,C
TEST_21604,D
TEST_21607,C
TEST_21615,D
TEST_21618,C
TEST_21625,D
TEST_21627,D
TEST_21628,D
TEST_21633,D
TEST_21636,D
TEST_21645,D
TEST_21652,D
TEST_21665,C
TEST_21667,C
TEST_21673,C
TEST_21676,C
TEST_21677,D
TEST_21681,D
TEST_21686,C
TEST_21691,D
TEST_21692,D
TEST_21693,C
TEST_21696,D
TEST_21698,D
TEST_21700,C
TEST_21706,D
TEST_21711,C
TEST_21714,C
TEST_21725,D
TEST_21737,C
TEST_21744,C
TEST_21757,C
TEST_21771,D
TEST_21780,D
TEST_21782,C
TEST_21788,C
TEST_21801,D
TEST_21806,D
TEST_21812,D
TEST_21816,C
TEST_21819,D
TEST_21820,C
TEST_21826,D
TEST_21828,D
TEST_21831,C
TEST_21836,D
TEST_21838,D
TEST_21843,C
TEST_21844,D
TEST_21846,D
TEST_21847,D
TEST_21849,D
TEST_21856,D
TEST_21862,C
TEST_21864,C
TEST_21881,C
TEST_21884,D
TEST_21890,D
TEST_21891,C
TEST_21907,D
TEST_21918,C
TEST_21929,D
TEST_21943,D
TEST_21961,D
TEST_21964,D
TEST_21965,C
TEST_21970,D
TEST_21971,D
TEST_21989,C
TEST_21998,C
TEST_21999,D
TEST_22001,D
TEST_22011,D
TEST_22023,D
TEST_22028,D
TEST_22031,C
TEST_22038,D
TEST_22053,D
TEST_22056,C
TEST_22087,D
TEST_22089,C
TEST_22092,D
TEST_22096,D
TEST_22122,D
TEST_22124,D
TEST_22125,D
TEST_22126,D
TEST_22127,D
TEST_22132,C
TEST_22138,D
TEST_22146,C
TEST_22153,D
TEST_22159,D
TEST_22162,D
TEST_22163,C
TEST_22172,D
TEST_22181,D
TEST_22186,C
TEST_22187,D
TEST_22191,D
TEST_22208,D
TEST_22216,C
TEST_22221,D
TEST_22225,D
TEST_22227,D
TEST_22233,D
TEST_22234,D
TEST_22241,C
TEST_22248,C
TEST_22310,C
TEST_22311,D
TEST_22323,D
TEST_22327,D
TEST_22328,D
TEST_22340,C
TEST_22344,C
TEST_22348,D
TEST_22349,D
TEST_22352,C
TEST_22366,C
TEST_22379,C
TEST_22380,D
TEST_22385,D
TEST_22387,C
TEST_22390,D
TEST_22407,D
TEST_22413,D
TEST_22441,D
TEST_22442,C
TEST_22444,C
TEST_22461,C
TEST_22467,D
TEST_22471,D
TEST_22476,D
TEST_22493,C
TEST_22496,D
TEST_22499,C
TEST_22505,D
TEST_22508,D
TEST_22513,D
TEST_22532,C
TEST_22533,C
TEST_22557,D
TEST_22558,D
TEST_22560,C
TEST_22567,C
TEST_22577,D
TEST_22600,C
TEST_22601,C
TEST_22602,D
TEST_22605,D
TEST_22610,D
TEST_22622,D
TEST_22623,C
TEST_22624,C
TEST_22629,D
TEST_22655,D
TEST_22657,D
TEST_22670,D
TEST_22686,C
TEST_22687,C
TEST_22694,C
TEST_22695,C
TEST_22696,D
TEST_22699,D
TEST_22703,C
TEST_22705,D
TEST_22706,D
TEST_22713,D
TEST_22721,D
TEST_22730,D
TEST_22734,D
TEST_22736,D
TEST_22751,C
TEST_22755,D
TEST_22763,D
TEST_22771,D
TEST_22779,C
TEST_22783,D
TEST_22795,D
TEST_22796,D
TEST_22838,D
TEST_22847,D
TEST_22856,D
TEST_22872,D
TEST_22879,C
TEST_22888,C
TEST_22893,C
TEST_22897,D
TEST_22899,D
TEST_22913,D
TEST_22914,D
TEST_22915,D
TEST_22916,D
TEST_22918,D
TEST_22920,D
TEST_22931,C
TEST_22942,D
TEST_22950,D
TEST_22959,D
TEST_22960,D
TEST_22962,D
TEST_22963,C
TEST_22971,D
TEST_22990,D
TEST_22996,D
TEST_23010,D
TEST_23021,C
TEST_23024,D
TEST_23027,D
TEST_23032,D
TEST_23038,D
TEST_23049,D
TEST_23057,D
TEST_23059,D
TEST_23060,D
TEST_23077,D
TEST_23080,C
TEST_23093,D
TEST_23096,D
TEST_23097,D
TEST_23099,D
TEST_23100,D
TEST_23105,D
TEST_23111,C
TEST_23116,D
TEST_23120,C
TEST_23124,C
TEST_23127,C
TEST_23133,C
TEST_23136,D
TEST_23139,D
TEST_23149,D
TEST_23153,D
TEST_23158,C
TEST_23160,C
TEST_23167,D
TEST_23179,D
TEST_23185,D
TEST_23187,D
TEST_23191,C
TEST_23195,D
TEST_23198,C
TEST_23204,D
TEST_23208,D
TEST_23211,D
TEST_23219,D
TEST_23223,D
TEST_23226,D
TEST_23227,D
TEST_23236,D
TEST_23247,C
TEST_23274,D
TEST_23281,D
TEST_23286,D
TEST_23298,D
TEST_23327,C
TEST_23339,D
TEST_23343,D
TEST_23352,D
TEST_23355,D
TEST_23358,D
TEST_23364,C
TEST_23371,D
TEST_23377,C
TEST_23382,D
TEST_23388,D
TEST_23394,D
TEST_23399,C
TEST_23402,C
TEST_23405,D
TEST_23411,D
TEST_23413,D
TEST_23418,D
TEST_23423,C
TEST_23428,D
TEST_23444,C
TEST_23449,D
TEST_23454,C
TEST_23464,D
TEST_23468,C
TEST_23469,C
TEST_23478,D
TEST_23490,D
TEST_23491,D
TEST_23494,D
TEST_23496,D
TEST_23497,D
TEST_23505,D
TEST_23508,C
TEST_23526,C
TEST_23547,C
TEST_23564,D
TEST_23565,D
TEST_23571,C
TEST_23588,C
TEST_23600,D
TEST_23602,D
TEST_23604,C
TEST_23605,C
TEST_23607,C
TEST_23620,C
TEST_23622,C
TEST_23628,D
TEST_23629,D
TEST_23631,C
TEST_23648,C
TEST_23650,D
TEST_23654,D
TEST_23665,D
TEST_23686,D
TEST_23689,C
TEST_23696,D
TEST_23698,D
TEST_23701,C
TEST_23716,D
TEST_23731,D
TEST_23734,D
TEST_23742,C
TEST_23744,C
TEST_23745,D
TEST_23752,D
TEST_23763,D
TEST_23764,D
TEST_23775,D
TEST_23779,D
TEST_23781,D
TEST_23786,D
TEST_23788,D
TEST_23791,C
TEST_23795,D
TEST_23798,C
TEST_23802,D
TEST_23803,D
TEST_23813,D
TEST_23814,C
TEST_23817,C
TEST_23818,D
TEST_23822,C
TEST_23858,C
TEST_23864,D
TEST_23875,D
TEST_23887,D
TEST_23890,C
TEST_23891,D
TEST_23892,C
TEST_23898,D
TEST_23910,D
TEST_23913,D
TEST_23915,C
TEST_23921,D
TEST_23923,D
TEST_23934,D
TEST_23935,D
TEST_23943,D
TEST_23947,D
TEST_23951,D
TEST_23958,C
TEST_23983,C
TEST_23991,D
TEST_23993,D
TEST_24018,D
TEST_24026,D
TEST_24027,D
TEST_24037,D
TEST_24051,D
TEST_24053,D
TEST_24067,C
TEST_24068,C
TEST_24070,C
TEST_24074,D
TEST_24079,D
TEST_24083,D
TEST_24087,C
TEST_24090,C
TEST_24096,D
TEST_24107,D
TEST_24123,D
TEST_24133,D
TEST_24137,D
TEST_24139,C
TEST_24140,D
TEST_24148,C
TEST_24150,C
TEST_24159,D
TEST_24163,D
TEST_24172,C
TEST_24176,D
TEST_24182,D
TEST_24188,D
TEST_24192,D
TEST_24193,C
TEST_24195,C
TEST_24215,D
TEST_24219,C
TEST_24221,D
TEST_24227,D
TEST_24229,D
TEST_24241,D
TEST_24248,D
TEST_24255,D
TEST_24262,D
TEST_24264,D
TEST_24270,D
TEST_24274,C
TEST_24277,D
TEST_24284,C
TEST_24288,D
TEST_24299,C
TEST_24301,D
TEST_24305,C
TEST_24308,C
TEST_24309,D
TEST_24312,D
TEST_24326,D
TEST_24344,D
TEST_24345,C
TEST_24348,C
TEST_24350,D
TEST_24365,C
TEST_24367,D
TEST_24372,D
TEST_24390,D
TEST_24394,D
TEST_24401,C
TEST_24428,D
TEST_24434,C
TEST_24437,D
TEST_24440,C
TEST_24443,D
TEST_24449,C
TEST_24452,D
TEST_24453,D
TEST_24467,D
TEST_24468,C
TEST_24483,D
TEST_24486,D
TEST_24487,D
TEST_24489,D
TEST_24500,D
TEST_24506,D
TEST_24508,C
TEST_24525,C
TEST_24527,C
TEST_24528,D
TEST_24533,D
TEST_24535,C
TEST_24538,C
TEST_24540,D
TEST_24548,D
TEST_24559,D
TEST_24574,D
TEST_24577,D
TEST_24581,D
TEST_24584,C
TEST_24588,C
TEST_24590,D
TEST_24591,D
TEST_24612,C
TEST_24616,C
TEST_24620,D
TEST_24622,C
TEST_24640,C
TEST_24642,D
TEST_24648,D
TEST_24651,C
TEST_24653,D
TEST_24659,D
TEST_24669,D
TEST_24670,D
TEST_24675,D
TEST_24679,C
TEST_24703,D
TEST_24716,D
TEST_24719,D
TEST_24721,C
TEST_24725,C
TEST_24734,C
TEST_24742,D
TEST_24744,C
TEST_24745,D
TEST_24747,D
TEST_24750,C
TEST_24768,C
TEST_24770,D
TEST_24771,D
TEST_24772,D
TEST_24777,D
TEST_24788,D
TEST_24800,D
TEST_24804,C
TEST_24806,C
TEST_24809,D
TEST_24816,D
TEST_24822,D
TEST_24823,C
TEST_24824,D
TEST_24830,C
TEST_24835,D
TEST_24843,D
TEST_24850,D
TEST_24857,C
TEST_24858,C
TEST_24865,D
TEST_24885,C
TEST_24893,C
TEST_24895,D
TEST_24906,D
TEST_24916,C
TEST_24933,C
TEST_24936,C
TEST_24938,D
TEST_24942,C
TEST_24945,D
TEST_24950,D
TEST_24954,C
TEST_24958,D
TEST_24960,D
TEST_24968,D
TEST_24969,C
TEST_24970,D
TEST_24974,D
TEST_24976,C
TEST_24983,D
TEST_24985,D
TEST_24991,D
TEST_24999,D
TEST_25002,C
TEST_25006,C
TEST_25010,D
TEST_25012,D
TEST_25014,D
TEST_25019,D
TEST_25024,D
TEST_25030,D
TEST_25037,D
TEST_25051,D
TEST_25062,D
TEST_25072,D
TEST_25079,D
TEST_25084,D
TEST_25087,D
TEST_25093,D
TEST_25096,C
TEST_25117,D
TEST_25118,D
TEST_25123,D
TEST_25124,C
TEST_25126,D
TEST_25128,C
TEST_25131,D
TEST_25137,D
TEST_25138,C
TEST_25143,D
TEST_25158,D
TEST_25159,D
TEST_25172,C
TEST_25180,D
TEST_25186,D
TEST_25192,D
TEST_25194,D
TEST_25199,D
TEST_25200,D
TEST_25204,C
TEST_25222,D
TEST_25229,D
TEST_25230,C
TEST_25232,C
TEST_25247,D
TEST_25257,D
TEST_25259,D
TEST_25261,D
TEST_25269,D
TEST_25276,D
TEST_25283,D
TEST_25284,C
TEST_25287,D
TEST_25298,D
TEST_25312,D
TEST_25315,D
TEST_25318,D
TEST_25319,C
TEST_25322,D
TEST_25364,D
TEST_25365,D
TEST_25375,D
TEST_25378,D
TEST_25381,D
TEST_25387,C
TEST_25388,D
TEST_25391,D
TEST_25394,D
TEST_25397,C
TEST_25402,D
TEST_25411,D
TEST_25423,D
TEST_25425,D
TEST_25429,C
TEST_25447,D
TEST_25451,C
TEST_25455,C
TEST_25457,C
TEST_25471,D
TEST_25478,C
TEST_25482,C
TEST_25483,D
TEST_25492,C
TEST_25493,D
TEST_25497,C
TEST_25498,D
TEST_25503,D
TEST_25504,C
TEST_25511,D
TEST_25513,C
TEST_25516,C
TEST_25517,D
TEST_25519,D
TEST_25524,C
TEST_25530,C
TEST_25547,D
TEST_25548,D
TEST_25554,D
TEST_25555,D
TEST_25560,C
TEST_25570,C
TEST_25579,D
TEST_25581,C
TEST_25583,D
TEST_25596,D
TEST_25598,D
TEST_25603,C
TEST_25607,D
TEST_25613,D
TEST_25615,D
TEST_25616,C
TEST_25619,D
TEST_25625,D
TEST_25626,D
TEST_25651,D
TEST_25653,C
TEST_25660,D
TEST_25673,C
TEST_25674,D
TEST_25677,C
TEST_25683,D
TEST_25686,C
TEST_25700,D
TEST_25706,D
TEST_25713,D
TEST_25719,D
TEST_25722,D
TEST_25741,D
TEST_25743,D
TEST_25744,D
TEST_25758,D
TEST_25765,D
TEST_25781,D
TEST_25786,D
TEST_25791,D
TEST_25793,D
TEST_25794,D
TEST_25795,D
TEST_25798,D
TEST_25806,D
TEST_25810,D
TEST_25812,C
TEST_25815,D
TEST_25833,D
TEST_25844,D
TEST_25845,D
TEST_25850,D
TEST_25855,D
TEST_25862,D
TEST_25865,D
TEST_25872,D
TEST_25873,D
TEST_25885,D
TEST_25898,C
TEST_25900,D
TEST_25901,C
TEST_25902,D
TEST_25907,D
TEST_25913,D
TEST_25914,D
TEST_25916,C
TEST_25919,C
TEST_25924,D
TEST_25932,D
TEST_25936,D
TEST_25939,C
TEST_25942,D
TEST_25944,D
TEST_25948,C
TEST_25949,D
TEST_25967,C
TEST_25971,D
TEST_25977,D
TEST_25978,C
TEST_26000,D
TEST_26017,C
TEST_26018,D
TEST_26024,D
TEST_26037,D
TEST_26038,C
TEST_26042,C
TEST_26048,D
TEST_26053,C
TEST_26066,C
TEST_26075,D
TEST_26082,C
TEST_26089,D
TEST_26090,D
TEST_26098,D
TEST_26101,D
TEST_26112,D
TEST_26118,C
TEST_26125,D
TEST_26138,C
TEST_26141,D
TEST_26142,D
TEST_26155,D
TEST_26156,C
TEST_26159,C
TEST_26166,C
TEST_26168,D
TEST_26170,D
TEST_26174,C
TEST_26178,C
TEST_26188,C
TEST_26193,C
TEST_26194,D
TEST_26195,D
TEST_26196,C
TEST_26213,D
TEST_26216,D
TEST_26222,D
TEST_26233,C
TEST_26239,C
TEST_26240,C
TEST_26243,D
TEST_26253,D
TEST_26254,D
TEST_26260,D
TEST_26262,C
TEST_26264,D
TEST_26268,D
TEST_26269,D
TEST_26271,D
TEST_26273,D
TEST_26278,C
TEST_26288,D
TEST_26295,C
TEST_26311,D
TEST_26316,C
TEST_26317,D
TEST_26320,D
TEST_26329,D
TEST_26331,C
TEST_26335,D
TEST_26338,D
TEST_26345,D
TEST_26347,D
TEST_26348,D
TEST_26350,D
TEST_26354,C
TEST_26355,D
TEST_26359,D
TEST_26363,C
TEST_26366,D
TEST_26371,D
TEST_26378,C
TEST_26386,D
TEST_26403,D
TEST_26406,D
TEST_26407,C
TEST_26412,D
TEST_26415,D
TEST_26419,D
TEST_26420,D
TEST_26422,D
TEST_26427,C
TEST_26436,D
TEST_26441,D
TEST_26459,D
TEST_26462,D
TEST_26470,D
TEST_26496,D
TEST_26500,C
TEST_26508,C
TEST_26517,D
TEST_26518,C
TEST_26528,D
TEST_26533,C
TEST_26534,D
TEST_26541,C
TEST_26552,C
TEST_26554,D
TEST_26564,D
TEST_26565,D
TEST_26573,D
TEST_26579,C
TEST_26591,C
TEST_26603,C
TEST_26611,D
TEST_26621,D
TEST_26622,D
TEST_26637,D
TEST_26645,D
TEST_26650,C
TEST_26654,C
TEST_26656,C
TEST_26658,D
TEST_26659,C
TEST_26661,D
TEST_26668,D
TEST_26670,D
TEST_26695,C
TEST_26699,D
TEST_26707,D
TEST_26710,D
TEST_26713,D
TEST_26715,D
TEST_26720,D
TEST_26721,D
TEST_26727,D
TEST_26728,C
TEST_26740,D
TEST_26741,C
TEST_26748,D
TEST_26755,D
TEST_26760,C
TEST_26763,D
TEST_26769,D
TEST_26775,D
TEST_26785,C
TEST_26803,C
TEST_26812,D
TEST_26821,C
TEST_26822,D
TEST_26838,C
TEST_26847,D
TEST_26853,C
TEST_26865,C
TEST_26868,D
TEST_26870,D
TEST_26871,D
TEST_26874,D
TEST_26877,D
TEST_26885,C
TEST_26887,C
TEST_26895,D
TEST_26908,C
TEST_26925,D
TEST_26938,D
TEST_26942,D
TEST_26957,C
TEST_26958,C
TEST_26964,C
TEST_26969,D
TEST_26979,D
TEST_26984,D
TEST_26988,D
TEST_26992,C
TEST_26993,D
TEST_27018,D
TEST_27019,D
TEST_27029,D
TEST_27032,C
TEST_27033,D
TEST_27037,C
TEST_27040,C
TEST_27043,D
TEST_27046,C
TEST_27050,D
TEST_27053,D
TEST_27064,D
TEST_27067,D
TEST_27075,C
TEST_27078,C
TEST_27080,D
TEST_27091,C
TEST_27093,C
TEST_27094,D
TEST_27097,C
TEST_27105,D
TEST_27115,D
TEST_27122,D
TEST_27126,C
TEST_27132,D
TEST_27134,D
TEST_27144,D
TEST_27163,D
TEST_27168,D
TEST_27169,C
TEST_27177,C
TEST_27182,C
TEST_27214,D
TEST_27215,C
TEST_27219,D
TEST_27224,C
TEST_27225,D
TEST_27229,D
TEST_27231,D
TEST_27233,D
TEST_27240,D
TEST_27243,D
TEST_27244,D
TEST_27250,D
TEST_27252,C
TEST_27269,D
TEST_27271,C
TEST_27280,D
TEST_27283,D
TEST_27284,D
TEST_27290,D
TEST_27298,D
TEST_27300,D
TEST_27309,D
TEST_27318,D
TEST_27320,D
TEST_27335,D
TEST_27347,D
TEST_27351,D
TEST_27354,D
TEST_27358,D
TEST_27365,D
TEST_27377,C
TEST_27382,C
TEST_27386,C
TEST_27393,C
TEST_27396,D
TEST_27399,D
TEST_27401,C
TEST_27411,D
TEST_27419,D
TEST_27424,C
TEST_27445,D
TEST_27449,C
TEST_27454,C
TEST_27458,D
TEST_27462,D
TEST_27465,D
TEST_27466,C
TEST_27471,D
TEST_27484,D
TEST_27493,C
TEST_27510,D
TEST_27519,C
TEST_27523,C
TEST_27535,D
TEST_27537,D
TEST_27552,D
TEST_27565,D
TEST_27573,C
TEST_27575,D
TEST_27581,D
TEST_27585,D
TEST_27589,C
TEST_27593,D
TEST_27601,D
TEST_27614,D
TEST_27622,D
TEST_27626,D
TEST_27640,D
TEST_27642,D
TEST_27644,D
TEST_27656,D
TEST_27661,C
TEST_27665,C
TEST_27666,C
TEST_27684,D
TEST_27690,C
TEST_27695,C
TEST_27726,C
TEST_27735,C
TEST_27739,D
TEST_27740,D
TEST_27744,D
TEST_27750,D
TEST_27757,D
TEST_27763,D
TEST_27764,D
TEST_27767,D
TEST_27776,D
TEST_27781,C
TEST_27784,D
TEST_27793,D
TEST_27795,D
TEST_27801,D
TEST_27808,C
TEST_27815,C
TEST_27821,D
TEST_27839,D
TEST_27848,C
TEST_27853,C
TEST_27856,C
TEST_27868,D
TEST_27872,D
TEST_27873,D
TEST_27887,D
TEST_27889,D
TEST_27891,D
TEST_27915,D
TEST_27932,D
TEST_27951,C
TEST_27963,D
TEST_27968,C
TEST_27972,C
TEST_27990,D
TEST_28002,D
TEST_28011,D
TEST_28037,C
TEST_28044,D
TEST_28052,D
TEST_28060,D
TEST_28061,D
TEST_28062,D
TEST_28070,D
TEST_28076,C
TEST_28084,D
TEST_28086,D
TEST_28089,D
TEST_28090,D
TEST_28098,D
TEST_28101,D
TEST_28103,D
TEST_28110,D
TEST_28113,C
TEST_28124,C
TEST_28127,D
TEST_28140,D
TEST_28141,D
TEST_28149,D
TEST_28155,D
TEST_28167,D
TEST_28184,D
TEST_28199,C
TEST_28213,D
TEST_28217,D
TEST_28220,D
TEST_28222,D
TEST_28226,D
TEST_28231,D
TEST_28232,D
TEST_28237,C
TEST_28241,D
TEST_28242,C
TEST_28250,C
TEST_28255,D
TEST_28269,C
TEST_28271,C
TEST_28272,D
TEST_28275,C
TEST_28280,D
TEST_28281,D
TEST_28284,D
TEST_28285,D
TEST_28287,D
TEST_28288,D
TEST_28291,D
TEST_28295,D
TEST_28300,D
TEST_28301,D
TEST_28303,C
TEST_28306,C
TEST_28308,D
TEST_28343,D
TEST_28344,D
TEST_28346,D
TEST_28361,D
TEST_28365,D
TEST_28366,C
TEST_28369,C
TEST_28371,C
TEST_28378,D
TEST_28381,D
TEST_28382,D
TEST_28385,D
TEST_28390,D
TEST_28405,D
TEST_28407,D
TEST_28420,C
TEST_28429,D
TEST_28432,D
TEST_28437,D
TEST_28440,D
TEST_28443,C
TEST_28448,D
TEST_28460,D
TEST_28461,C
TEST_28474,C
TEST_28479,D
TEST_28481,C
TEST_28483,D
TEST_28484,D
TEST_28500,D
TEST_28501,D
TEST_28502,D
TEST_28518,D
TEST_28519,D
TEST_28524,C
TEST_28538,C
TEST_28541,C
TEST_28545,C
TEST_28548,D
TEST_28553,D
TEST_28568,C
TEST_28578,C
TEST_28580,D
TEST_28582,D
TEST_28585,D
TEST_28592,D
TEST_28593,D
TEST_28598,C
TEST_28608,C
TEST_28616,D
TEST_28637,D
TEST_28646,D
TEST_28656,D
TEST_28679,D
TEST_28684,D
TEST_28686,D
TEST_28694,D
TEST_28697,C
TEST_28699,D
TEST_28700,D
TEST_28701,D
TEST_28706,C
TEST_28710,D
TEST_28713,D
TEST_28718,D
TEST_28725,C
TEST_28728,C
TEST_28729,D
TEST_28732,D
TEST_28735,C
TEST_28740,C
TEST_28746,D
TEST_28753,D
TEST_28765,D
TEST_28768,D
TEST_28778,C
TEST_28780,C
TEST_28782,C
TEST_28787,D
TEST_28796,D
TEST_28810,D
TEST_28814,C
TEST_28819,D
TEST_28824,C
TEST_28841,D
TEST_28861,D
TEST_28870,C
TEST_28873,D
TEST_28876,C
TEST_28878,D
TEST_28879,C
TEST_28881,D
TEST_28883,D
TEST_28901,D
TEST_28909,C
TEST_28912,C
TEST_28914,D
TEST_28933,C
TEST_28944,D
TEST_28957,C
TEST_28962,D
TEST_28976,D
TEST_28978,D
TEST_28982,D
TEST_29004,C
TEST_29007,D
TEST_29013,D
TEST_29016,C
TEST_29018,D
TEST_29019,D
TEST_29021,C
TEST_29042,D
TEST_29043,D
TEST_29054,D
TEST_29060,D
TEST_29063,D
TEST_29064,D
TEST_29095,D
TEST_29096,D
TEST_29100,D
TEST_29108,C
TEST_29116,D
TEST_29139,D
TEST_29141,D
TEST_29144,D
TEST_29146,C
TEST_29147,D
TEST_29149,D
TEST_29170,D
TEST_29183,D
TEST_29184,D
TEST_29185,D
TEST_29197,D
TEST_29207,C
TEST_29222,D
TEST_29228,D
TEST_29238,D
TEST_29244,D
TEST_29252,D
TEST_29266,C
TEST_29267,D
TEST_29272,D
TEST_29277,C
TEST_29280,D
TEST_29284,D
TEST_29297,C
TEST_29303,D
TEST_29310,D
TEST_29312,D
TEST_29313,D
TEST_29314,D
TEST_29323,C
TEST_29327,D
TEST_29328,D
TEST_29329,C
TEST_29332,D
TEST_29351,D
TEST_29352,D
TEST_29354,D
TEST_29359,D
TEST_29360,D
TEST_29361,D
TEST_29370,D
TEST_29377,C
TEST_29378,D
TEST_29379,D
TEST_29394,C
TEST_29396,D
TEST_29402,D
TEST_29412,D
TEST_29413,C
TEST_29416,D
TEST_29431,D
TEST_29464,C
TEST_29465,D
TEST_29471,C
TEST_29475,C
TEST_29482,D
TEST_29483,D
TEST_29485,C
TEST_29491,D
TEST_29493,C
TEST_29514,D
TEST_29516,D
TEST_29517,D
TEST_29522,D
TEST_29523,D
TEST_29527,C
TEST_29535,D
TEST_29543,D
TEST_29548,C
TEST_29562,D
TEST_29563,D
TEST_29571,D
TEST_29598,D
TEST_29606,D
TEST_29612,C
TEST_29622,D
TEST_29625,D
TEST_29626,C
TEST_29628,D
TEST_29635,D
TEST_29649,C
TEST_29652,C
TEST_29655,D
TEST_29661,D
TEST_29667,D
TEST_29698,D
TEST_29704,D
TEST_29705,D
TEST_29707,D
TEST_29708,D
TEST_29710,C
TEST_29713,C
TEST_29720,C
TEST_29724,D
TEST_29731,D
TEST_29734,D
TEST_29735,D
TEST_29752,D
TEST_29779,D
TEST_29789,D
TEST_29791,D
TEST_29792,D
TEST_29799,D
TEST_29802,D
TEST_29813,D
TEST_29815,D
TEST_29821,D
TEST_29823,D
TEST_29824,D
TEST_29827,D
TEST_29834,C
TEST_29836,D
TEST_29839,D
TEST_29851,D
TEST_29863,D
TEST_29868,D
TEST_29874,D
TEST_29875,C
TEST_29894,D
TEST_29897,C
TEST_29899,D
TEST_29905,D
TEST_29917,D
TEST_29922,D
TEST_29924,C
TEST_29935,C
TEST_29938,C
TEST_29939,D
TEST_29941,D
TEST_29947,D
TEST_29958,D
TEST_29963,D
TEST_29966,D
TEST_29976,D
TEST_29983,D
TEST_29984,D
TEST_29986,C
TEST_29992,C
TEST_29994,C
TEST_29997,D
TEST_29998,D
TEST_29999,C
TEST_30007,D
TEST_30009,D
TEST_30028,D
TEST_30033,D
TEST_30034,D
TEST_30036,C
TEST_30042,D
TEST_30043,D
TEST_30046,D
TEST_30047,C
TEST_30056,C
TEST_30058,C
TEST_30069,D
TEST_30086,D
TEST_30088,C
TEST_30101,D
TEST_30102,C
TEST_30112,D
TEST_30114,D
TEST_30119,C
TEST_30147,D
TEST_30149,D
TEST_30165,C
TEST_30178,D
TEST_30179,D
TEST_30184,C
TEST_30194,D
TEST_30200,D
TEST_30207,D
TEST_30222,D
TEST_30226,D
TEST_30229,D
TEST_30233,D
TEST_30234,D
TEST_30238,C
TEST_30243,D
TEST_30245,D
TEST_30266,D
TEST_30274,C
TEST_30280,C
TEST_30281,D
TEST_30285,D
TEST_30288,C
TEST_30292,D
TEST_30313,D
TEST_30316,D
TEST_30324,D
TEST_30331,D
TEST_30334,D
TEST_30345,C
TEST_30346,D
TEST_30355,D
TEST_30356,D
TEST_30375,D
TEST_30377,C
TEST_30378,D
TEST_30380,D
TEST_30395,C
TEST_30396,D
TEST_30399,D
TEST_30401,D
TEST_30410,D
TEST_30412,D
TEST_30429,C
TEST_30434,D
TEST_30439,D
TEST_30450,D
TEST_30458,D
TEST_30497,D
TEST_30501,D
TEST_30510,D
TEST_30527,C
TEST_30531,C
TEST_30534,D
TEST_30543,D
TEST_30544,C
TEST_30563,C
TEST_30572,D
TEST_30582,D
TEST_30584,D
TEST_30587,D
TEST_30592,C
TEST_30600,C
TEST_30618,C
TEST_30636,C
TEST_30643,D
TEST_30645,C
TEST_30646,D
TEST_30655,D
TEST_30657,D
TEST_30668,D
TEST_30679,D
TEST_30682,C
TEST_30684,D
TEST_30685,D
TEST_30695,D
TEST_30700,D
TEST_30729,D
TEST_30731,D
TEST_30732,C
TEST_30734,D
TEST_30736,C
TEST_30739,D
TEST_30744,D
TEST_30749,D
TEST_30751,C
TEST_30765,C
TEST_30780,C
TEST_30785,D
TEST_30796,D
TEST_30797,D
TEST_30804,D
TEST_30812,C
TEST_30820,D
TEST_30840,D
TEST_30844,C
TEST_30848,D
TEST_30854,D
TEST_30859,D
TEST_30862,D
TEST_30886,D
TEST_30889,D
TEST_30903,C
TEST_30906,D
TEST_30907,D
TEST_30908,D
TEST_30936,D
TEST_30937,D
TEST_30940,D
TEST_30948,D
TEST_30949,C
TEST_30951,D
TEST_30953,D
TEST_30955,D
TEST_30956,D
TEST_30957,D
TEST_30976,C
TEST_30985,D
TEST_30988,D
TEST_30990,D
TEST_31002,D
TEST_31003,D
TEST_31007,D
TEST_31016,C
TEST_31019,C
TEST_31025,D
TEST_31035,D
TEST_31040,C
TEST_31045,C
TEST_31056,D
TEST_31060,D
TEST_31063,D
TEST_31066,C
TEST_31068,D
TEST_31085,C
TEST_31091,C
TEST_31094,C
TEST_31100,D
TEST_31102,D
TEST_31103,D
TEST_31114,D
TEST_31122,D
TEST_31132,C
TEST_31140,D
TEST_31144,D
TEST_31149,D
TEST_31152,D
TEST_31158,D
TEST_31173,D
TEST_31175,C
TEST_31195,D
TEST_31202,D
TEST_31203,D
TEST_31212,D
TEST_31225,D
TEST_31230,C
TEST_31249,C
TEST_31251,C
TEST_31254,C
TEST_31255,C
TEST_31257,D
TEST_31261,C
TEST_31263,C
TEST_31270,D
TEST_31273,C
TEST_31276,C
TEST_31285,D
TEST_31297,C
TEST_31301,D
TEST_31302,D
TEST_31313,D
TEST_31325,C
TEST_31326,D
TEST_31327,D
TEST_31330,D
TEST_31333,C
TEST_31334,D
TEST_31339,C
TEST_31353,C
TEST_31356,D
TEST_31361,D
TEST_31367,D
TEST_31371,D
TEST_31375,D
TEST_31385,C
TEST_31392,D
TEST_31399,C
TEST_31400,D
TEST_31429,D
TEST_31430,C
TEST_31431,C
TEST_31437,D
TEST_31438,D
TEST_31456,D
TEST_31458,D
TEST_31466,D
TEST_31469,D
TEST_31474,D
TEST_31486,C
TEST_31512,D
TEST_31515,D
TEST_31516,D
TEST_31518,D
TEST_31525,D
TEST_31527,D
TEST_31531,D
TEST_31540,C
TEST_31547,D
TEST_31548,D
TEST_31550,D
TEST_31555,D
TEST_31560,C
TEST_31566,D
TEST_31575,D
TEST_31582,D
TEST_31585,D
TEST_31615,C
TEST_31616,C
TEST_31620,D
TEST_31621,C
TEST_31630,D
TEST_31631,D
TEST_31635,D
TEST_31668,C
TEST_31684,C
TEST_31688,D
TEST_31696,D
TEST_31705,D
TEST_31712,D
TEST_31713,D
TEST_31717,D
TEST_31727,C
TEST_31729,D
TEST_31732,C
TEST_31742,C
TEST_31752,C
TEST_31756,C
TEST_31777,D
TEST_31780,C
TEST_31782,D
TEST_31784,D
TEST_31795,C
TEST_31799,D
TEST_31811,C
TEST_31812,D
TEST_31822,D
TEST_31827,D
TEST_31829,C
TEST_31834,D
TEST_31840,D
TEST_31847,D
TEST_31852,D
TEST_31854,C
TEST_31856,D
TEST_31864,D
TEST_31870,C
TEST_31876,D
TEST_31880,D
TEST_31893,C
TEST_31897,D
TEST_31909,D
TEST_31916,D
TEST_31919,D
TEST_31921,C
TEST_31927,D
TEST_31935,D
TEST_31951,C
TEST_31968,D
TEST_31977,C
TEST_31979,C
TEST_31980,D
TEST_31985,D
TEST_31988,D
TEST_31991,C
TEST_31992,D
TEST_31993,D
TEST_32005,D
TEST_32011,D
TEST_32014,D
TEST_32024,D
TEST_32029,C
TEST_32032,D
TEST_32039,C
TEST_32053,C
TEST_32061,C
TEST_32062,D
TEST_32064,D
TEST_32073,C
TEST_32083,C
TEST_32088,D
TEST_32094,D
TEST_32101,C
TEST_32103,C
TEST_32104,D
TEST_32113,C
TEST_32116,D
TEST_32122,C
TEST_32131,C
TEST_32132,C
TEST_32133,D
TEST_32135,C
TEST_32138,D
TEST_32141,C
TEST_32146,D
TEST_32156,D
TEST_32159,C
TEST_32161,C
TEST_32164,D
TEST_32166,D
TEST_32185,D
TEST_32186,D
TEST_32197,D
TEST_32198,D
TEST_32204,D
TEST_32217,D
TEST_32219,D
TEST_32225,C
TEST_32232,D
TEST_32237,D
TEST_32254,C
TEST_32257,D
TEST_32259,D
TEST_32279,D
TEST_32294,D
TEST_32305,D
TEST_32307,D
TEST_32313,D
TEST_32314,D
TEST_32321,D
TEST_32322,C
TEST_32328,D
TEST_32336,C
TEST_32338,D
TEST_32339,D
TEST_32346,C
TEST_32358,C
TEST_32367,D
TEST_32368,D
TEST_32381,D
TEST_32431,C
TEST_32433,D
TEST_32445,C
TEST_32450,C
TEST_32451,C
TEST_32454,D
TEST_32459,D
TEST_32460,C
TEST_32461,D
TEST_32464,D
TEST_32474,C
TEST_32476,D
TEST_32480,C
TEST_32487,D
TEST_32490,D
TEST_32491,C
TEST_32492,D
TEST_32495,D
TEST_32502,D
TEST_32507,C
TEST_32516,C
TEST_32525,D
TEST_32528,D
TEST_32536,C
TEST_32540,C
TEST_32550,D
TEST_32559,C
TEST_32578,D
TEST_32579,D
TEST_32590,D
TEST_32593,D
TEST_32600,D
TEST_32602,D
TEST_32614,D
TEST_32619,C
TEST_32623,D
TEST_32644,D
TEST_32649,C
TEST_32651,D
TEST_32657,C
TEST_32673,D
TEST_32692,C
TEST_32696,C
TEST_32697,D
TEST_32707,C
TEST_32717,C
TEST_32734,D
TEST_32737,D
TEST_32738,C
TEST_32741,C
TEST_32744,D
TEST_32750,D
TEST_32753,D
TEST_32767,D
TEST_32771,C
TEST_32784,D
TEST_32792,C
TEST_32801,D
TEST_32822,D
TEST_32826,D
TEST_32846,D
TEST_32848,D
TEST_32849,C
TEST_32854,D
TEST_32869,D
TEST_32870,C
TEST_32880,C
TEST_32890,D
TEST_32903,D
TEST_32906,D
TEST_32916,D
TEST_32923,D
TEST_32925,D
TEST_32934,D
TEST_32936,D
TEST_32942,D
TEST_32944,D
TEST_32961,C
TEST_32964,C
TEST_32970,D
TEST_32974,D
TEST_32976,C
TEST_32988,D
TEST_32994,D
TEST_33000,D
TEST_33013,D
TEST_33037,C
TEST_33041,D
TEST_33044,D
TEST_33047,D
TEST_33049,D
TEST_33050,D
TEST_33057,D
TEST_33059,D
TEST_33069,D
TEST_33077,D
TEST_33079,D
TEST_33082,D
TEST_33085,D
TEST_33091,C
TEST_33096,D
TEST_33098,D
TEST_33107,D
TEST_33110,D
TEST_33120,D
TEST_33124,C
TEST_33128,C
TEST_33132,D
TEST_33143,C
TEST_33148,C
TEST_33152,D
TEST_33158,D
TEST_33174,D
TEST_33176,D
TEST_33184,D
TEST_33190,C
TEST_33210,C
TEST_33226,D
TEST_33227,D
TEST_33228,D
TEST_33235,C
TEST_33240,D
TEST_33243,C
TEST_33260,D
TEST_33261,D
TEST_33286,C
TEST_33308,D
TEST_33312,C
TEST_33323,D
TEST_33324,D
TEST_33325,D
TEST_33332,D
TEST_33335,D
TEST_33339,D
TEST_33356,D
TEST_33360,D
TEST_33364,D
TEST_33368,D
TEST_33387,D
TEST_33390,D
TEST_33411,C
TEST_33413,D
TEST_33417,C
TEST_33419,D
TEST_33426,D
TEST_33433,D
TEST_33439,C
TEST_33443,C
TEST_33451,C
TEST_33453,D
TEST_33472,C
TEST_33476,D
TEST_33492,D
TEST_33498,D
TEST_33511,D
TEST_33517,D
TEST_33521,C
TEST_33522,D
TEST_33527,D
TEST_33535,C
TEST_33556,C
TEST_33568,D
TEST_33583,D
TEST_33584,D
TEST_33587,D
TEST_33594,C
TEST_33595,D
TEST_33598,D
TEST_33613,D
TEST_33625,C
TEST_33626,C
TEST_33632,D
TEST_33649,C
TEST_33653,D
TEST_33661,D
TEST_33665,D
TEST_33692,D
TEST_33697,D
TEST_33701,C
TEST_33713,D
TEST_33728,D
TEST_33733,D
TEST_33736,D
TEST_33739,D
TEST_33750,D
TEST_33751,C
TEST_33759,C
TEST_33760,D
TEST_33765,C
TEST_33767,D
TEST_33770,D
TEST_33775,D
TEST_33778,D
TEST_33779,D
TEST_33812,C
TEST_33814,D
TEST_33822,D
TEST_33827,C
TEST_33837,C
TEST_33848,D
TEST_33856,C
TEST_33857,D
TEST_33860,D
TEST_33876,D
TEST_33878,D
TEST_33880,D
TEST_33882,D
TEST_33885,C
TEST_33887,C
TEST_33888,D
TEST_33899,C
TEST_33900,D
TEST_33901,C
TEST_33913,D
TEST_33921,C
TEST_33931,C
TEST_33937,D
TEST_33956,D
TEST_33957,C
TEST_33961,D
TEST_33970,C
TEST_33972,D
TEST_33986,D
TEST_33991,D
TEST_34009,D
TEST_34014,D
TEST_34037,C
TEST_34038,D
TEST_34040,D
TEST_34049,D
TEST_34056,D
TEST_34058,D
TEST_34061,D
TEST_34064,D
TEST_34083,D
TEST_34089,D
TEST_34098,D
TEST_34105,C
TEST_34108,D
TEST_34114,D
TEST_34116,C
TEST_34117,D
TEST_34130,C
TEST_34136,D
TEST_34146,D
TEST_34148,C
TEST_34150,C
TEST_34152,C
TEST_34155,C
TEST_34167,D
TEST_34169,D
TEST_34171,D
TEST_34173,D
TEST_34179,C
TEST_34180,D
TEST_34194,D
TEST_34199,C
TEST_34200,D
TEST_34206,C
TEST_34219,C
TEST_34225,D
TEST_34230,D
TEST_34245,D
TEST_34251,C
TEST_34253,D
TEST_34258,C
TEST_34267,D
TEST_34268,D
TEST_34271,D
TEST_34278,D
TEST_34286,D
TEST_34288,C
TEST_34291,D
TEST_34294,D
TEST_34295,C
TEST_34301,D
TEST_34305,D
TEST_34308,C
TEST_34313,C
TEST_34314,D
TEST_34319,C
TEST_34321,C
TEST_34323,D
TEST_34328,C
TEST_34333,C
TEST_34334,D
TEST_34344,C
TEST_34347,D
TEST_34363,C
TEST_34365,C
TEST_34370,D
TEST_34371,D
TEST_34386,D
TEST_34393,C
TEST_34399,C
TEST_34403,D
TEST_34404,D
TEST_34408,C
TEST_34411,C
TEST_34439,D
TEST_34449,D
TEST_34452,D
TEST_34460,C
TEST_34463,D
TEST_34468,C
TEST_34475,D
TEST_34480,D
TEST_34490,C
TEST_34493,D
TEST_34498,C
TEST_34503,D
TEST_34520,D
TEST_34526,D
TEST_34528,D
TEST_34529,D
TEST_34536,C
TEST_34539,C
TEST_34541,C
TEST_34542,D
TEST_34558,D
TEST_34559,D
TEST_34560,D
TEST_34561,C
TEST_34562,C
TEST_34566,D
TEST_34574,C
TEST_34580,C
TEST_34585,C
TEST_34590,D
TEST_34592,D
TEST_34597,D
TEST_34610,D
TEST_34617,D
TEST_34619,D
TEST_34629,D
TEST_34639,D
TEST_34647,D
TEST_34651,D
TEST_34653,D
TEST_34669,D
TEST_34677,D
TEST_34683,D
TEST_34693,C
TEST_34704,D
TEST_34705,D
TEST_34712,D
TEST_34717,D
TEST_34719,D
TEST_34724,D
TEST_34737,D
TEST_34740,D
TEST_34741,D
TEST_34748,D
TEST_34753,D
TEST_34760,C
TEST_34764,D
TEST_34765,D
TEST_34774,C
TEST_34780,C
TEST_34799,D
TEST_34801,D
TEST_34826,D
TEST_34843,C
TEST_34845,D
TEST_34851,C
TEST_34852,D
TEST_34860,C
TEST_34874,D
TEST_34875,D
TEST_34880,D
TEST_34885,D
TEST_34889,D
TEST_34896,D
TEST_34900,D
TEST_34901,D
TEST_34903,C
TEST_34906,D
TEST_34920,D
TEST_34922,C
TEST_34924,D
TEST_34926,C
TEST_34931,D
TEST_34932,D
TEST_34937,C
TEST_34948,D
TEST_34949,D
TEST_34951,D
TEST_34955,D
TEST_34957,C
TEST_34964,D
TEST_34970,C
TEST_34972,C
TEST_34991,D
TEST_34997,D
TEST_35003,D
TEST_35005,D
TEST_35007,D
TEST_35008,D
TEST_35012,D
TEST_35013,C
TEST_35021,D
TEST_35024,D
TEST_35031,D
TEST_35033,C
TEST_35044,C
TEST_35048,C
TEST_35050,D
TEST_35055,D
TEST_35060,D
TEST_35074,D
TEST_35075,D
TEST_35090,D
TEST_35094,C
TEST_35097,D
TEST_35099,C
TEST_35100,D
TEST_35101,D
TEST_35104,C
TEST_35109,C
TEST_35114,D
TEST_35115,C
TEST_35131,C
TEST_35140,D
TEST_35142,C
TEST_35152,C
TEST_35154,D
TEST_35155,C
TEST_35161,C
TEST_35167,D
TEST_35173,D
TEST_35190,D
TEST_35192,D
TEST_35195,C
TEST_35202,D
TEST_35207,D
TEST_35208,D
TEST_35213,C
TEST_35225,C
TEST_35229,D
TEST_35231,D
TEST_35232,D
TEST_35236,D
TEST_35243,D
TEST_35249,D
TEST_35252,C
TEST_35258,D
TEST_35283,D
TEST_35286,D
TEST_35287,D
TEST_35295,D
TEST_35302,D
TEST_35307,D
TEST_35315,D
TEST_35333,C
TEST_35342,D
TEST_35361,D
TEST_35369,D
TEST_35382,D
TEST_35383,D
TEST_35385,C
TEST_35392,C
TEST_35394,C
TEST_35399,C
TEST_35413,D
TEST_35418,C
TEST_35433,D
TEST_35434,D
TEST_35440,C
TEST_35445,D
TEST_35452,D
TEST_35453,D
TEST_35472,C
TEST_35488,C
TEST_35491,C
TEST_35499,D
TEST_35503,C
TEST_35505,D
TEST_35507,D
TEST_35513,D
TEST_35523,D
TEST_35524,D
TEST_35529,C
TEST_35535,D
TEST_35538,D
TEST_35542,C
TEST_35545,C
TEST_35548,D
TEST_35550,D
TEST_35562,D
TEST_35581,D
TEST_35596,D
TEST_35600,D
TEST_35604,D
TEST_35608,D
TEST_35610,D
TEST_35611,D
TEST_35622,C
TEST_35637,D
TEST_35638,D
TEST_35641,D
TEST_35642,D
TEST_35644,D
TEST_35650,C
TEST_35661,D
TEST_35663,D
TEST_35672,D
TEST_35675,D
TEST_35681,D
TEST_35684,D
TEST_35696,D
TEST_35713,D
TEST_35714,D
TEST_35725,D
TEST_35742,C
TEST_35747,D
TEST_35751,C
TEST_35755,C
TEST_35756,C
TEST_35759,D
TEST_35762,D
TEST_35763,C
TEST_35764,D
TEST_35771,D
TEST_35774,D
TEST_35779,D
TEST_35780,D
TEST_35782,D
TEST_35785,C
TEST_35796,C
TEST_35803,D
TEST_35811,D
TEST_35812,D
TEST_35815,D
TEST_35816,D
TEST_35819,C
TEST_35823,D
TEST_35831,D
TEST_35835,D
TEST_35839,C
TEST_35845,D
TEST_35848,D
TEST_35853,D
TEST_35859,D
TEST_35865,D
TEST_35866,C
TEST_35873,D
TEST_35875,D
TEST_35880,C
TEST_35881,D
TEST_35886,C
TEST_35898,C
TEST_35900,D
TEST_35912,C
TEST_35913,C
TEST_35920,C
TEST_35935,D
TEST_35937,D
TEST_35948,C
TEST_35952,D
TEST_35956,C
TEST_35965,C
TEST_35970,D
TEST_35972,D
TEST_35973,D
TEST_35982,D
TEST_35984,C
TEST_35986,D
TEST_35993,D
TEST_35994,D
TEST_36004,C
TEST_36015,D
TEST_36016,D
TEST_36021,D
TEST_36023,C
TEST_36047,C
TEST_36050,D
TEST_36053,D
TEST_36058,C
TEST_36068,D
TEST_36070,D
TEST_36072,D
TEST_36075,C
TEST_36076,D
TEST_36078,D
TEST_36084,D
TEST_36095,D
TEST_36114,D
TEST_36120,D
TEST_36125,D
TEST_36131,D
TEST_36155,D
TEST_36162,D
TEST_36164,D
TEST_36167,D
TEST_36170,C
TEST_36173,D
TEST_36179,C
TEST_36191,D
TEST_36199,D
TEST_36206,D
TEST_36210,C
TEST_36215,D
TEST_36216,D
TEST_36220,C
TEST_36226,C
TEST_36249,C
TEST_36251,D
TEST_36254,C
TEST_36270,D
TEST_36275,D
TEST_36280,D
TEST_36285,C
TEST_36289,C
TEST_36306,D
TEST_36310,D
TEST_36323,D
TEST_36332,D
TEST_36334,D
TEST_36345,D
TEST_36350,D
TEST_36354,D
TEST_36355,C
TEST_36359,C
TEST_36369,D
TEST_36393,D
TEST_36405,D
TEST_36410,C
TEST_36413,D
TEST_36415,C
TEST_36425,D
TEST_36434,D
TEST_36445,D
TEST_36452,C
TEST_36455,D
TEST_36458,D
TEST_36475,C
TEST_36481,D
TEST_36484,C
TEST_36496,C
TEST_36509,D
TEST_36514,C
TEST_36534,D
TEST_36550,D
TEST_36564,D
TEST_36565,D
TEST_36566,C
TEST_36570,C
TEST_36575,D
TEST_36585,D
TEST_36590,C
TEST_36594,D
TEST_36596,D
TEST_36597,D
TEST_36601,D
TEST_36606,C
TEST_36620,C
TEST_36628,D
TEST_36648,C
TEST_36653,C
TEST_36655,D
TEST_36660,D
TEST_36662,C
TEST_36663,C
TEST_36664,C
TEST_36665,C
TEST_36667,D
TEST_36670,D
TEST_36671,D
TEST_36674,D
TEST_36682,C
TEST_36690,D
TEST_36703,C
TEST_36709,D
TEST_36712,C
TEST_36715,C
TEST_36717,D
TEST_36721,C
TEST_36723,D
TEST_36736,D
TEST_36737,D
TEST_36754,D
TEST_36759,D
TEST_36763,D
TEST_36766,C
TEST_36770,D
TEST_36773,D
TEST_36775,D
TEST_36781,D
TEST_36785,C
TEST_36787,C
TEST_36795,D
TEST_36800,D
TEST_36808,D
TEST_36813,D
TEST_36823,D
TEST_36826,C
TEST_36832,D
TEST_36833,C
TEST_36835,D
TEST_36842,D
TEST_36843,D
TEST_36850,D
TEST_36853,D
TEST_36874,D
TEST_36884,D
TEST_36887,D
TEST_36888,D
TEST_36898,C
TEST_36908,D
TEST_36920,C
TEST_36921,C
TEST_36931,D
TEST_36935,C
TEST_36939,D
TEST_36944,D
TEST_36947,D
TEST_36950,C
TEST_36956,D
TEST_36957,C
TEST_36961,D
TEST_36967,D
TEST_36976,C
TEST_36977,D
TEST_36987,C
TEST_36988,C
TEST_37012,D
TEST_37014,D
TEST_37015,D
TEST_37020,D
TEST_37022,D
TEST_37033,D
TEST_37034,D
TEST_37050,C
TEST_37052,D
TEST_37060,D
TEST_37064,C
TEST_37066,D
TEST_37072,C
TEST_37084,D
TEST_37088,D
TEST_37092,D
TEST_37095,D
TEST_37098,D
TEST_37100,C
TEST_37103,C
TEST_37105,D
TEST_37110,D
TEST_37118,C
TEST_37121,C
TEST_37125,C
TEST_37134,C
TEST_37135,D
TEST_37146,D
TEST_37152,D
TEST_37153,D
TEST_37165,D
TEST_37184,D
TEST_37190,D
TEST_37191,D
TEST_37205,D
TEST_37208,D
TEST_37219,D
TEST_37220,D
TEST_37222,C
TEST_37231,C
TEST_37232,D
TEST_37242,D
TEST_37247,D
TEST_37255,C
TEST_37256,C
TEST_37258,C
TEST_37267,D
TEST_37268,D
TEST_37269,C
TEST_37271,D
TEST_37272,C
TEST_37279,D
TEST_37284,C
TEST_37288,C
TEST_37291,C
TEST_37302,D
TEST_37308,D
TEST_37314,D
TEST_37318,D
TEST_37333,D
TEST_37337,D
TEST_37347,D
TEST_37357,D
TEST_37364,C
TEST_37370,D
TEST_37373,D
TEST_37384,C
TEST_37391,C
TEST_37393,D
TEST_37395,D
TEST_37402,D
TEST_37406,D
TEST_37420,D
TEST_37421,C
TEST_37425,D
TEST_37429,D
TEST_37430,C
TEST_37431,D
TEST_37441,C
TEST_37446,D
TEST_37452,C
TEST_37454,D
TEST_37455,D
TEST_37459,D
TEST_37461,C
TEST_37466,D
TEST_37472,D
TEST_37492,D
TEST_37493,C
TEST_37497,D
TEST_37504,D
TEST_37512,D
TEST_37526,C
TEST_37529,D
TEST_37540,C
TEST_37554,D
TEST_37565,C
TEST_37568,D
TEST_37570,D
TEST_37574,D
TEST_37615,D
TEST_37621,C
TEST_37622,D
TEST_37625,D
TEST_37630,D
TEST_37638,D
TEST_37651,D
TEST_37664,D
TEST_37666,C
TEST_37673,C
TEST_37676,C
TEST_37679,D
TEST_37686,C
TEST_37706,D
TEST_37707,C
TEST_37715,D
TEST_37721,D
TEST_37725,D
TEST_37730,D
TEST_37733,D
TEST_37736,D
TEST_37742,D
TEST_37746,C
TEST_37752,D
TEST_37757,C
TEST_37758,D
TEST_37762,D
TEST_37765,D
TEST_37782,D
TEST_37783,C
TEST_37789,D
TEST_37792,D
TEST_37801,D
TEST_37816,C
TEST_37818,D
TEST_37821,D
TEST_37822,D
TEST_37830,C
TEST_37837,D
TEST_37842,D
TEST_37859,D
TEST_37901,C
TEST_37904,D
TEST_37906,D
TEST_37909,D
TEST_37912,D
TEST_37933,C
TEST_37934,D
TEST_37936,D
TEST_37937,D
TEST_37949,C
TEST_37964,C
TEST_37966,D
TEST_37971,D
TEST_37978,C
TEST_37995,D
TEST_37999,D
TEST_38006,D
TEST_38014,D
TEST_38018,D
TEST_38021,D
TEST_38028,C
TEST_38036,D
TEST_38038,C
TEST_38048,C
TEST_38049,D
TEST_38051,C
TEST_38067,C
TEST_38068,D
TEST_38077,D
TEST_38083,D
TEST_38084,D
TEST_38105,D
TEST_38107,D
TEST_38109,D
TEST_38119,D
TEST_38122,C
TEST_38143,D
TEST_38147,C
TEST_38152,D
TEST_38158,D
TEST_38162,D
TEST_38165,D
TEST_38167,C
TEST_38169,D
TEST_38172,D
TEST_38177,C
TEST_38183,D
TEST_38187,D
TEST_38190,D
TEST_38196,D
TEST_38198,C
TEST_38204,D
TEST_38206,D
TEST_38208,D
TEST_38209,D
TEST_38211,C
TEST_38217,C
TEST_38226,D
TEST_38247,D
TEST_38249,C
TEST_38255,D
TEST_38256,D
TEST_38257,C
TEST_38260,D
TEST_38265,D
TEST_38273,C
TEST_38275,D
TEST_38277,D
TEST_38278,C
TEST_38283,D
TEST_38286,D
TEST_38287,D
TEST_38289,C
TEST_38293,C
TEST_38298,D
TEST_38301,C
TEST_38304,D
TEST_38313,D
TEST_38321,C
TEST_38330,C
TEST_38331,D
TEST_38335,D
TEST_38339,C
TEST_38344,D
TEST_38371,C
TEST_38375,D
TEST_38381,D
TEST_38382,D
TEST_38387,D
TEST_38402,C
TEST_38407,C
TEST_38421,D
TEST_38425,D
TEST_38427,C
TEST_38429,D
TEST_38434,D
TEST_38438,C
TEST_38440,C
TEST_38444,D
TEST_38451,D
TEST_38460,C
TEST_38464,D
TEST_38471,C
TEST_38474,C
TEST_38480,D
TEST_38485,D
TEST_38496,C
TEST_38497,D
TEST_38500,C
TEST_38501,C
TEST_38507,D
TEST_38513,C
TEST_38516,D
TEST_38525,C
TEST_38535,D
TEST_38542,D
TEST_38549,D
TEST_38559,C
TEST_38561,C
TEST_38570,C
TEST_38576,D
TEST_38582,D
TEST_38591,D
TEST_38603,D
TEST_38611,C
TEST_38629,D
TEST_38639,C
TEST_38646,D
TEST_38649,D
TEST_38661,D
TEST_38667,D
TEST_38672,D
TEST_38674,D
TEST_38695,D
TEST_38698,D
TEST_38700,D
TEST_38702,C
TEST_38703,C
TEST_38722,C
TEST_38731,D
TEST_38748,C
TEST_38769,C
TEST_38770,D
TEST_38807,D
TEST_38810,D
TEST_38815,D
TEST_38822,D
TEST_38832,D
TEST_38833,D
TEST_38837,D
TEST_38843,D
TEST_38845,D
TEST_38860,C
TEST_38880,C
TEST_38881,C
TEST_38888,C
TEST_38902,D
TEST_38903,D
TEST_38910,C
TEST_38911,D
TEST_38915,D
TEST_38922,C
TEST_38926,D
TEST_38928,D
TEST_38931,C
TEST_38939,C
TEST_38956,D
TEST_38961,D
TEST_38966,D
TEST_38974,D
TEST_38978,C
TEST_38985,D
TEST_38991,D
TEST_38992,D
TEST_39012,C
TEST_39019,D
TEST_39032,D
TEST_39034,D
TEST_39045,C
TEST_39048,D
TEST_39056,D
TEST_39057,D
TEST_39058,D
TEST_39065,D
TEST_39066,D
TEST_39092,C
TEST_39098,C
TEST_39103,D
TEST_39108,D
TEST_39112,C
TEST_39115,D
TEST_39117,D
TEST_39122,D
TEST_39125,D
TEST_39127,D
TEST_39129,D
TEST_39137,D
TEST_39140,D
TEST_39141,C
TEST_39149,D
TEST_39157,D
TEST_39167,C
TEST_39175,D
TEST_39179,D
TEST_39187,D
TEST_39188,C
TEST_39192,D
TEST_39195,D
TEST_39197,C
TEST_39198,D
TEST_39199,C
TEST_39217,D
TEST_39230,D
TEST_39235,D
TEST_39249,D
TEST_39253,C
TEST_39259,C
TEST_39261,D
TEST_39264,D
TEST_39265,D
TEST_39271,C
TEST_39272,D
TEST_39281,D
TEST_39283,C
TEST_39290,C
TEST_39305,D
TEST_39311,D
TEST_39313,C
TEST_39314,C
TEST_39319,D
TEST_39320,D
TEST_39322,D
TEST_39329,D
TEST_39348,D
TEST_39349,D
TEST_39352,C
TEST_39356,D
TEST_39359,D
TEST_39363,D
TEST_39383,D
TEST_39397,D
TEST_39403,C
TEST_39405,D
TEST_39418,C
TEST_39427,C
TEST_39435,D
TEST_39440,C
TEST_39451,C
TEST_39454,C
TEST_39455,C
TEST_39461,D
TEST_39462,C
TEST_39468,D
TEST_39469,C
TEST_39471,D
TEST_39473,C
TEST_39482,D
TEST_39483,C
TEST_39491,D
TEST_39492,D
TEST_39493,D
TEST_39501,D
TEST_39502,D
TEST_39519,D
TEST_39526,D
TEST_39534,D
TEST_39564,C
TEST_39571,D
TEST_39572,C
TEST_39573,C
TEST_39591,C
TEST_39593,D
TEST_39595,D
TEST_39602,D
TEST_39605,D
TEST_39606,D
TEST_39607,D
TEST_39615,D
TEST_39620,C
TEST_39629,C
TEST_39630,C
TEST_39643,D
TEST_39644,D
TEST_39654,D
TEST_39656,D
TEST_39660,C
TEST_39669,D
TEST_39671,D
TEST_39672,D
TEST_39690,D
TEST_39693,C
TEST_39713,C
TEST_39714,D
TEST_39717,D
TEST_39724,D
TEST_39725,D
TEST_39730,C
TEST_39731,C
TEST_39738,D
TEST_39741,D
TEST_39749,C
TEST_39750,D
TEST_39755,D
TEST_39757,C
TEST_39762,D
TEST_39764,C
TEST_39767,D
TEST_39773,D
TEST_39783,D
TEST_39785,D
TEST_39791,D
TEST_39793,D
TEST_39800,D
TEST_39804,D
TEST_39810,D
TEST_39823,C
TEST_39825,D
TEST_39827,D
TEST_39828,C
TEST_39835,D
TEST_39843,D
TEST_39847,D
TEST_39852,D
TEST_39856,D
TEST_39863,D
TEST_39867,C
TEST_39881,D
TEST_39884,D
TEST_39885,C
TEST_39886,D
TEST_39891,D
TEST_39895,C
TEST_39899,D
TEST_39905,C
TEST_39906,D
TEST_39922,D
TEST_39925,C
TEST_39927,D
TEST_39969,C
TEST_39971,D
TEST_39981,D
TEST_39988,D
TEST_39990,C
TEST_39993,C
TEST_39995,C
TEST_39997,C
TEST_39999,D
TEST_40003,C
TEST_40005,C
TEST_40020,D
TEST_40026,D
TEST_40028,D
TEST_40034,D
TEST_40046,C
TEST_40051,D
TEST_40066,D
TEST_40069,C
TEST_40075,C
TEST_40086,D
TEST_40099,D
TEST_40101,D
TEST_40112,C
TEST_40116,D
TEST_40126,D
TEST_40131,C
TEST_40132,D
TEST_40150,D
TEST_40151,D
TEST_40152,C
TEST_40153,D
TEST_40166,C
TEST_40170,D
TEST_40181,D
TEST_40186,D
TEST_40203,D
TEST_40206,C
TEST_40210,D
TEST_40219,D
TEST_40225,D
TEST_40232,D
TEST_40233,D
TEST_40236,C
TEST_40251,C
TEST_40287,D
TEST_40302,D
TEST_40306,C
TEST_40308,C
TEST_40310,C
TEST_40312,D
TEST_40313,D
TEST_40314,C
TEST_40321,C
TEST_40324,D
TEST_40328,D
TEST_40330,D
TEST_40332,D
TEST_40334,D
TEST_40335,C
TEST_40337,D
TEST_40338,D
TEST_40342,C
TEST_40353,C
TEST_40358,D
TEST_40361,C
TEST_40370,D
TEST_40385,D
TEST_40387,D
TEST_40391,D
TEST_40392,D
TEST_40396,D
TEST_40404,D
TEST_40405,D
TEST_40408,D
TEST_40409,C
TEST_40417,D
TEST_40418,D
TEST_40419,D
TEST_40429,D
TEST_40431,C
TEST_40443,D
TEST_40469,C
TEST_40483,D
TEST_40485,C
TEST_40486,D
TEST_40497,C
TEST_40502,C
TEST_40506,D
TEST_40515,D
TEST_40518,D
TEST_40520,C
TEST_40524,D
TEST_40525,C
TEST_40534,C
TEST_40535,D
TEST_40536,C
TEST_40538,D
TEST_40550,C
TEST_40552,D
TEST_40554,D
TEST_40560,D
TEST_40568,C
TEST_40571,D
TEST_40573,D
TEST_40576,C
TEST_40581,D
TEST_40586,D
TEST_40589,D
TEST_40600,D
TEST_40607,C
TEST_40610,D
TEST_40612,D
TEST_40627,D
TEST_40638,D
TEST_40642,D
TEST_40643,C
TEST_40647,D
TEST_40648,C
TEST_40656,D
TEST_40657,C
TEST_40660,D
TEST_40661,D
TEST_40684,D
TEST_40687,D
TEST_40693,C
TEST_40699,D
TEST_40700,D
TEST_40701,D
TEST_40708,D
TEST_40709,D
TEST_40716,D
TEST_40717,D
TEST_40718,D
TEST_40722,C
TEST_40726,D
TEST_40743,D
TEST_40746,D
TEST_40748,C
TEST_40751,D
TEST_40776,D
TEST_40778,D
TEST_40781,D
TEST_40782,C
TEST_40799,C
TEST_40804,D
TEST_40808,C
TEST_40809,C
TEST_40833,D
TEST_40834,D
TEST_40837,C
TEST_40838,D
TEST_40845,D
TEST_40849,D
TEST_40851,D
TEST_40852,D
TEST_40856,D
TEST_40867,D
TEST_40876,C
TEST_40877,D
TEST_40891,D
TEST_40895,D
TEST_40901,D
TEST_40902,C
TEST_40903,C
TEST_40905,D
TEST_40907,C
TEST_40915,D
TEST_40917,C
TEST_40921,D
TEST_40923,D
TEST_40928,D
TEST_40938,C
TEST_40947,D
TEST_40957,C
TEST_40960,D
TEST_40962,D
TEST_40970,D
TEST_40977,D
TEST_40988,D
TEST_40995,C
TEST_40997,D
TEST_41006,C
TEST_41009,D
TEST_41010,D
TEST_41015,D
TEST_41017,D
TEST_41024,C
TEST_41025,D
TEST_41026,D
TEST_41037,D
TEST_41039,C
TEST_41042,C
TEST_41046,C
TEST_41060,D
TEST_41065,C
TEST_41075,D
TEST_41085,D
TEST_41086,C
TEST_41102,D
TEST_41104,D
TEST_41106,C
TEST_41118,D
TEST_41134,D
TEST_41140,D
TEST_41142,D
TEST_41169,D
TEST_41174,D
TEST_41184,D
TEST_41187,D
TEST_41194,D
TEST_41198,D
TEST_41199,D
TEST_41208,D
TEST_41218,D
TEST_41255,C
TEST_41257,C
TEST_41272,D
TEST_41276,C
TEST_41277,D
TEST_41298,D
TEST_41306,D
TEST_41308,D
TEST_41312,C
TEST_41313,D
TEST_41315,C
TEST_41316,D
TEST_41320,D
TEST_41325,D
TEST_41326,C
TEST_41330,D
TEST_41335,C
TEST_41337,D
TEST_41347,C
TEST_41364,C
TEST_41367,D
TEST_41372,D
TEST_41387,D
TEST_41392,D
TEST_41395,C
TEST_41398,C
TEST_41402,D
TEST_41404,D
TEST_41420,C
TEST_41421,D
TEST_41422,D
TEST_41424,C
TEST_41425,D
TEST_41426,C
TEST_41431,D
TEST_41434,C
TEST_41438,D
TEST_41443,C
TEST_41447,D
TEST_41455,D
TEST_41457,D
TEST_41459,D
TEST_41461,D
TEST_41463,C
TEST_41479,D
TEST_41488,D
TEST_41503,D
TEST_41507,C
TEST_41508,C
TEST_41515,C
TEST_41535,C
TEST_41550,C
TEST_41552,D
TEST_41556,C
TEST_41557,D
TEST_41585,C
TEST_41598,D
TEST_41599,D
TEST_41622,D
TEST_41629,D
TEST_41639,D
TEST_41642,D
TEST_41648,C
TEST_41658,D
TEST_41665,D
TEST_41693,C
TEST_41696,C
TEST_41708,C
TEST_41711,D
TEST_41714,D
TEST_41718,D
TEST_41720,C
TEST_41723,D
TEST_41731,C
TEST_41743,D
TEST_41745,C
TEST_41753,D
TEST_41755,C
TEST_41760,D
TEST_41763,C
TEST_41779,D
TEST_41780,D
TEST_41782,C
TEST_41783,C
TEST_41790,D
TEST_41795,D
TEST_41811,C
TEST_41821,D
TEST_41823,D
TEST_41826,C
TEST_41828,D
TEST_41833,D
TEST_41840,D
TEST_41855,D
TEST_41859,C
TEST_41865,D
TEST_41874,C
TEST_41878,D
TEST_41889,D
TEST_41896,D
TEST_41903,D
TEST_41908,D
TEST_41910,C
TEST_41912,C
TEST_41914,D
TEST_41921,C
TEST_41933,D
TEST_41936,D
TEST_41945,C
TEST_41951,D
TEST_41973,C
TEST_41977,D
TEST_41981,D
TEST_41988,D
TEST_41994,D
TEST_41996,D
TEST_42001,C
TEST_42006,D
TEST_42007,C
TEST_42011,C
TEST_42022,D
TEST_42030,C
TEST_42048,C
TEST_42049,D
TEST_42050,D
TEST_42053,D
TEST_42054,D
TEST_42056,D
TEST_42059,D
TEST_42063,D
TEST_42066,D
TEST_42069,D
TEST_42071,C
TEST_42075,D
TEST_42076,C
TEST_42077,D
TEST_42084,D
TEST_42086,D
TEST_42104,D
TEST_42113,D
TEST_42118,D
TEST_42131,C
TEST_42132,D
TEST_42142,C
TEST_42146,D
TEST_42148,D
TEST_42155,D
TEST_42158,C
TEST_42166,D
TEST_42171,C
TEST_42177,D
TEST_42200,D
TEST_42205,D
TEST_42215,D
TEST_42230,C
TEST_42238,C
TEST_42243,C
TEST_42246,D
TEST_42262,D
TEST_42279,D
TEST_42295,D
TEST_42299,D
TEST_42308,D
TEST_42318,D
TEST_42322,D
TEST_42325,C
TEST_42327,C
TEST_42337,C
TEST_42349,C
TEST_42355,D
TEST_42358,C
TEST_42363,D
TEST_42367,D
TEST_42368,D
TEST_42371,C
TEST_42375,D
TEST_42383,D
TEST_42384,D
TEST_42391,D
TEST_42402,D
TEST_42407,D
TEST_42409,D
TEST_42411,D
TEST_42419,D
TEST_42420,D
TEST_42427,C
TEST_42435,C
TEST_42445,C
TEST_42449,D
TEST_42463,D
TEST_42466,D
TEST_42471,D
TEST_42482,D
TEST_42484,D
TEST_42485,D
TEST_42489,C
TEST_42491,C
TEST_42499,D
TEST_42505,D
TEST_42507,C
TEST_42510,D
TEST_42512,C
TEST_42513,C
TEST_42517,D
TEST_42521,C
TEST_42522,D
TEST_42531,D
TEST_42540,D
TEST_42553,D
TEST_42563,D
TEST_42570,D
TEST_42571,C
TEST_42587,D
TEST_42590,D
TEST_42592,C
TEST_42593,D
TEST_42601,D
TEST_42602,D
TEST_42603,D
TEST_42610,C
TEST_42612,C
TEST_42616,C
TEST_42621,D
TEST_42624,D
TEST_42637,D
TEST_42638,C
TEST_42639,D
TEST_42650,D
TEST_42651,D
TEST_42653,D
TEST_42655,C
TEST_42657,D
TEST_42664,D
TEST_42681,D
TEST_42683,C
TEST_42685,D
TEST_42688,C
TEST_42709,D
TEST_42719,C
TEST_42720,C
TEST_42745,C
TEST_42767,D
TEST_42768,D
TEST_42774,D
TEST_42779,D
TEST_42782,C
TEST_42790,C
TEST_42802,C
TEST_42803,D
TEST_42807,D
TEST_42823,C
TEST_42829,D
TEST_42834,C
TEST_42838,D
TEST_42841,D
TEST_42853,D
TEST_42856,D
TEST_42868,C
TEST_42869,C
TEST_42885,C
TEST_42888,C
TEST_42906,C
TEST_42907,C
TEST_42908,D
TEST_42909,D
TEST_42915,C
TEST_42917,D
TEST_42918,D
TEST_42923,D
TEST_42926,C
TEST_42935,D
TEST_42936,D
TEST_42944,D
TEST_42948,C
TEST_42952,D
TEST_42963,C
TEST_42973,D
TEST_42981,C
TEST_42982,D
TEST_42993,C
TEST_42995,D
TEST_43004,D
TEST_43010,C
TEST_43012,C
TEST_43016,C
TEST_43019,D
TEST_43021,D
TEST_43039,D
TEST_43042,D
TEST_43049,D
TEST_43052,D
TEST_43068,D
TEST_43078,C
TEST_43090,C
TEST_43095,D
TEST_43098,D
TEST_43101,D
TEST_43115,D
TEST_43116,D
TEST_43117,C
TEST_43122,C
TEST_43132,C
TEST_43150,D
TEST_43155,D
TEST_43167,C
TEST_43175,C
TEST_43192,D
TEST_43214,C
TEST_43221,D
TEST_43239,C
TEST_43240,D
TEST_43248,D
TEST_43254,D
TEST_43256,D
TEST_43257,C
TEST_43258,C
TEST_43275,C
TEST_43279,C
TEST_43280,C
TEST_43286,D
TEST_43287,C
TEST_43291,D
TEST_43302,C
TEST_43303,D
TEST_43322,C
TEST_43327,D
TEST_43359,C
TEST_43361,C
TEST_43363,D
TEST_43368,D
TEST_43376,C
TEST_43377,D
TEST_43379,C
TEST_43383,C
TEST_43384,D
TEST_43390,D
TEST_43415,C
TEST_43421,C
TEST_43424,D
TEST_43432,C
TEST_43439,C
TEST_43445,D
TEST_43472,D
TEST_43475,C
TEST_43478,C
TEST_43491,C
TEST_43506,D
TEST_43514,C
TEST_43523,D
TEST_43530,C
TEST_43534,D
TEST_43537,C
TEST_43540,D
TEST_43542,C
TEST_43545,D
TEST_43546,D
TEST_43555,D
TEST_43570,C
TEST_43571,C
TEST_43573,C
TEST_43580,C
TEST_43588,D
TEST_43589,D
TEST_43594,D
TEST_43611,C
TEST_43614,D
TEST_43624,D
TEST_43625,D
TEST_43628,C
TEST_43631,D
TEST_43634,C
TEST_43638,D
TEST_43640,D
TEST_43644,D
TEST_43666,D
TEST_43670,D
TEST_43706,D
TEST_43707,D
TEST_43709,C
TEST_43718,D
TEST_43720,C
TEST_43745,D
TEST_43764,D
TEST_43767,D
TEST_43774,D
TEST_43782,D
TEST_43786,D
TEST_43787,C
TEST_43809,D
TEST_43811,D
TEST_43817,D
TEST_43818,D
TEST_43820,C
TEST_43825,C
TEST_43831,D
TEST_43834,D
TEST_43835,D
TEST_43837,D
TEST_43839,D
TEST_43856,D
TEST_43867,D
TEST_43872,C
TEST_43886,C
TEST_43890,C
TEST_43893,D
TEST_43902,D
TEST_43905,D
TEST_43919,C
TEST_43920,C
TEST_43927,C
TEST_43931,D
TEST_43938,C
TEST_43943,D
TEST_43946,D
TEST_43948,D
TEST_43961,D
TEST_43968,D
TEST_43969,C
TEST_43970,D
TEST_43972,D
TEST_43986,D
TEST_43987,D
TEST_43990,C
TEST_43993,C
TEST_43999,D
TEST_44000,C
TEST_44005,D
TEST_44023,C
TEST_44029,C
TEST_44032,C
TEST_44037,D
TEST_44049,D
TEST_44063,C
TEST_44066,D
TEST_44077,C
TEST_44081,D
TEST_44085,C
TEST_44111,C
TEST_44130,D
TEST_44133,D
TEST_44139,D
TEST_44141,D
TEST_44156,C
TEST_44157,D
TEST_44160,C
TEST_44165,D
TEST_44170,D
TEST_44184,D
TEST_44186,C
TEST_44187,D
TEST_44195,D
TEST_44209,D
TEST_44212,C
TEST_44213,D
TEST_44218,D
TEST_44223,C
TEST_44229,C
TEST_44230,D
TEST_44234,C
TEST_44235,D
TEST_44236,D
TEST_44238,D
TEST_44240,D
TEST_44249,D
TEST_44250,D
TEST_44253,D
TEST_44262,D
TEST_44267,D
TEST_44272,C
TEST_44277,D
TEST_44280,D
TEST_44288,D
TEST_44290,D
TEST_44295,D
TEST_44301,C
TEST_44303,C
TEST_44310,D
TEST_44317,D
TEST_44327,D
TEST_44328,C
TEST_44336,D
TEST_44346,D
TEST_44357,C
TEST_44359,D
TEST_44364,D
TEST_44376,C
TEST_44385,D
TEST_44392,D
TEST_44398,D
TEST_44400,D
TEST_44401,C
TEST_44403,C
TEST_44405,C
TEST_44418,D
TEST_44422,D
TEST_44425,D
TEST_44427,D
TEST_44429,D
TEST_44435,D
TEST_44439,C
TEST_44443,C
TEST_44453,D
TEST_44455,D
TEST_44459,D
TEST_44463,D
TEST_44469,C
TEST_44472,D
TEST_44482,C
TEST_44487,D
TEST_44491,D
TEST_44498,D
TEST_44503,D
TEST_44512,D
TEST_44515,D
TEST_44522,C
TEST_44523,D
TEST_44526,C
TEST_44543,C
TEST_44560,C
TEST_44566,C
TEST_44570,D
TEST_44574,D
TEST_44585,D
TEST_44586,C
TEST_44591,D
TEST_44595,C
TEST_44596,C
TEST_44598,D
TEST_44614,C
TEST_44622,D
TEST_44629,D
TEST_44642,D
TEST_44643,D
TEST_44649,D
TEST_44653,C
TEST_44669,D
TEST_44691,D
TEST_44695,C
TEST_44699,D
TEST_44706,C
TEST_44708,D
TEST_44711,D
TEST_44738,D
TEST_44739,D
TEST_44745,C
TEST_44747,D
TEST_44749,D
TEST_44751,D
TEST_44762,D
TEST_44763,D
TEST_44764,D
TEST_44773,D
TEST_44775,C
TEST_44779,D
TEST_44783,D
TEST_44807,D
TEST_44816,C
TEST_44818,D
TEST_44830,C
TEST_44837,D
TEST_44846,C
TEST_44848,C
TEST_44850,C
TEST_44852,D
TEST_44892,D
TEST_44912,C
TEST_44920,C
TEST_44922,C
TEST_44923,C
TEST_44931,D
TEST_44934,D
TEST_44937,D
TEST_44944,D
TEST_44947,D
TEST_44956,C
TEST_44962,D
TEST_44974,D
TEST_44977,C
TEST_44981,C
TEST_44983,C
TEST_44992,C
TEST_44997,D
TEST_45009,D
TEST_45010,D
TEST_45021,D
TEST_45024,D
TEST_45042,D
TEST_45050,D
TEST_45053,D
TEST_45054,C
TEST_45062,C
TEST_45067,C
TEST_45073,D
TEST_45081,D
TEST_45082,D
TEST_45084,D
TEST_45086,D
TEST_45095,D
TEST_45103,D
TEST_45104,C
TEST_45109,D
TEST_45111,C
TEST_45119,C
TEST_45141,C
TEST_45145,D
TEST_45148,D
TEST_45152,C
TEST_45161,D
TEST_45163,D
TEST_45166,D
TEST_45178,C
TEST_45183,D
TEST_45195,D
TEST_45196,D
TEST_45204,D
TEST_45205,D
TEST_45215,D
TEST_45223,D
TEST_45233,D
TEST_45235,D
TEST_45239,D
TEST_45240,C
TEST_45242,D
TEST_45243,D
TEST_45256,D
TEST_45259,D
TEST_45261,D
TEST_45263,D
TEST_45265,D
TEST_45266,D
TEST_45270,D
TEST_45271,D
TEST_45276,C
TEST_45277,C
TEST_45283,D
TEST_45288,D
TEST_45298,D
TEST_45299,C
TEST_45304,D
TEST_45308,D
TEST_45313,D
TEST_45316,D
TEST_45330,C
TEST_45335,D
TEST_45340,D
TEST_45344,C
TEST_45345,C
TEST_45347,D
TEST_45349,D
TEST_45355,D
TEST_45373,C
TEST_45382,D
TEST_45383,D
TEST_45384,D
TEST_45387,D
TEST_45401,C
TEST_45413,D
TEST_45416,D
TEST_45430,D
TEST_45435,C
TEST_45442,D
TEST_45447,D
TEST_45448,D
TEST_45452,C
TEST_45459,C
TEST_45470,D
TEST_45471,D
TEST_45472,C
TEST_45484,D
TEST_45500,D
TEST_45504,C
TEST_45515,C
TEST_45517,D
TEST_45526,D
TEST_45530,D
TEST_45536,D
TEST_45551,D
TEST_45563,D
TEST_45567,C
TEST_45571,C
TEST_45574,D
TEST_45577,D
TEST_45582,D
TEST_45583,C
TEST_45584,D
TEST_45586,D
TEST_45589,D
TEST_45593,D
TEST_45597,C
TEST_45600,D
TEST_45601,D
TEST_45604,D
TEST_45609,D
TEST_45611,D
TEST_45620,D
TEST_45637,C
TEST_45651,D
TEST_45668,C
TEST_45684,D
TEST_45687,D
TEST_45708,C
TEST_45714,D
TEST_45715,D
TEST_45718,C
TEST_45730,D
TEST_45734,C
TEST_45740,D
TEST_45741,C
TEST_45742,D
TEST_45743,C
TEST_45754,D
TEST_45761,D
TEST_45767,C
TEST_45769,C
TEST_45772,D
TEST_45781,D
TEST_45785,C
TEST_45790,D
TEST_45793,D
TEST_45799,D
TEST_45802,D
TEST_45808,D
TEST_45810,D
TEST_45811,C
TEST_45819,D
TEST_45824,C
TEST_45826,D
TEST_45827,C
TEST_45829,D
TEST_45830,D
TEST_45843,C
TEST_45850,D
TEST_45856,D
TEST_45857,D
TEST_45868,C
TEST_45876,C
TEST_45888,D
TEST_45891,D
TEST_45899,D
TEST_45900,C
TEST_45901,D
TEST_45906,D
TEST_45914,D
TEST_45920,D
TEST_45921,C
TEST_45925,C
TEST_45933,C
TEST_45943,D
TEST_45946,D
TEST_45973,C
TEST_45977,C
TEST_45978,D
TEST_45981,C
TEST_45987,D
TEST_45990,D
TEST_45994,D
TEST_45995,C
TEST_46004,C
TEST_46010,D
TEST_46014,D
TEST_46015,C
TEST_46021,D
TEST_46022,D
TEST_46032,D
TEST_46038,C
TEST_46041,D
TEST_46049,C
TEST_46051,D
TEST_46062,D
TEST_46072,D
TEST_46081,D
TEST_46082,C
TEST_46085,D
TEST_46088,D
TEST_46091,D
TEST_46093,D
TEST_46099,D
TEST_46111,D
TEST_46112,C
TEST_46117,D
TEST_46124,D
TEST_46128,D
TEST_46147,D
TEST_46154,D
TEST_46166,D
TEST_46171,D
TEST_46179,C
TEST_46183,D
TEST_46184,C
TEST_46207,D
TEST_46208,C
TEST_46209,C
TEST_46212,D
TEST_46216,D
TEST_46218,C
TEST_46224,D
TEST_46229,D
TEST_46230,C
TEST_46234,D
TEST_46248,D
TEST_46250,D
TEST_46255,D
TEST_46280,C
TEST_46285,C
TEST_46286,D
TEST_46287,C
TEST_46291,D
TEST_46292,D
TEST_46296,D
TEST_46298,C
TEST_46299,C
TEST_46302,D
TEST_46310,D
TEST_46311,D
TEST_46316,C
TEST_46331,C
TEST_46338,C
TEST_46340,D
TEST_46343,D
TEST_46367,C
TEST_46370,D
TEST_46374,D
TEST_46378,D
TEST_46379,D
TEST_46384,D
TEST_46391,D
TEST_46393,D
TEST_46399,C
TEST_46409,D
TEST_46411,C
TEST_46423,D
TEST_46426,D
TEST_46434,D
TEST_46436,D
TEST_46438,D
TEST_46447,D
TEST_46452,C
TEST_46456,D
TEST_46463,D
TEST_46476,D
TEST_46481,C
TEST_46486,D
TEST_46497,C
TEST_46501,D
TEST_46512,D
TEST_46516,D
TEST_46517,C
TEST_46526,D
TEST_46528,C
TEST_46531,D
TEST_46533,D
TEST_46535,D
TEST_46546,C
TEST_46551,D
TEST_46555,D
TEST_46565,D
TEST_46567,D
TEST_46570,C
TEST_46580,C
TEST_46583,D
TEST_46599,C
TEST_46600,D
TEST_46608,D
TEST_46618,D
TEST_46628,D
TEST_46634,C
TEST_46637,C
TEST_46638,D
TEST_46652,D
TEST_46658,D
TEST_46661,D
TEST_46662,D
TEST_46682,C
TEST_46689,D
TEST_46696,D
TEST_46714,C
TEST_46722,D
TEST_46727,C
TEST_46729,D
TEST_46740,D
TEST_46748,D
TEST_46767,D
TEST_46768,D
TEST_46773,D
TEST_46780,D
TEST_46787,D
TEST_46794,D
TEST_46799,D
TEST_46809,D
TEST_46811,D
TEST_46818,C
TEST_46823,C
TEST_46827,D
TEST_46828,D
TEST_46834,D
TEST_46847,D
TEST_46849,D
TEST_46855,D
TEST_46871,D
TEST_46878,D
TEST_46889,D
TEST_46891,C
TEST_46892,D
TEST_46898,D
TEST_46910,D
TEST_46924,C
TEST_46930,D
TEST_46932,D
TEST_46949,C
TEST_46951,D
TEST_46958,C
TEST_46961,D
TEST_46965,D
TEST_46966,D
TEST_46969,D
TEST_46970,D
TEST_46990,D
TEST_46994,D
TEST_47011,D
TEST_47035,D
TEST_47059,D
TEST_47065,D
TEST_47077,D
TEST_47081,D
TEST_47093,D
TEST_47110,D
TEST_47113,D
TEST_47118,D
TEST_47119,D
TEST_47126,C
TEST_47130,D
TEST_47133,D
TEST_47143,D
TEST_47153,D
TEST_47155,D
TEST_47160,C
TEST_47164,D
TEST_47182,D
TEST_47201,D
TEST_47211,C
TEST_47215,D
TEST_47216,C
TEST_47221,D
TEST_47222,D
TEST_47232,D
TEST_47236,D
TEST_47242,C
TEST_47252,D
TEST_47253,D
TEST_47260,C
TEST_47266,C
TEST_47278,C
TEST_47281,D
TEST_47298,C
TEST_47307,D
TEST_47323,D
TEST_47333,C
TEST_47339,D
TEST_47346,D
TEST_47348,C
TEST_47368,C
TEST_47379,C
TEST_47381,D
TEST_47384,D
TEST_47386,C
TEST_47390,C
TEST_47396,D
TEST_47398,D
TEST_47406,C
TEST_47407,D
TEST_47412,D
TEST_47426,D
TEST_47429,C
TEST_47436,D
TEST_47440,D
TEST_47442,C
TEST_47467,C
TEST_47476,D
TEST_47478,D
TEST_47480,D
TEST_47483,C
TEST_47491,D
TEST_47507,D
TEST_47510,D
TEST_47511,D
TEST_47516,C
TEST_47520,C
TEST_47521,D
TEST_47528,D
TEST_47538,C
TEST_47539,C
TEST_47541,D
TEST_47548,D
TEST_47565,C
TEST_47576,D
TEST_47583,C
TEST_47621,D
TEST_47626,C
TEST_47630,D
TEST_47637,D
TEST_47646,D
TEST_47649,D
TEST_47650,D
TEST_47658,D
TEST_47659,D
TEST_47683,D
TEST_47689,D
TEST_47696,D
TEST_47707,C
TEST_47723,D
TEST_47726,D
TEST_47728,D
TEST_47730,D
TEST_47735,C
TEST_47753,C
TEST_47755,D
TEST_47762,D
TEST_47768,D
TEST_47776,D
TEST_47794,D
TEST_47796,D
TEST_47797,C
TEST_47804,D
TEST_47807,D
TEST_47814,D
TEST_47817,C
TEST_47828,D
TEST_47832,D
TEST_47834,C
TEST_47842,C
TEST_47855,D
TEST_47859,D
TEST_47861,C
TEST_47862,D
TEST_47864,D
TEST_47888,D
TEST_47904,D
TEST_47910,D
TEST_47913,D
TEST_47920,C
TEST_47924,D
TEST_47925,C
TEST_47938,C
TEST_47947,C
TEST_47955,D
TEST_47957,C
TEST_47959,C
TEST_47966,C
TEST_47972,D
TEST_47974,D
TEST_47982,D
TEST_47988,C
TEST_48008,C
TEST_48012,D
TEST_48022,C
TEST_48028,D
TEST_48030,D
TEST_48035,D
TEST_48046,D
TEST_48058,D
TEST_48061,D
TEST_48069,C
TEST_48072,D
TEST_48085,D
TEST_48086,D
TEST_48088,C
TEST_48100,D
TEST_48102,D
TEST_48103,D
TEST_48108,D
TEST_48122,C
TEST_48124,D
TEST_48135,D
TEST_48137,D
TEST_48145,D
TEST_48146,C
TEST_48148,D
TEST_48160,D
TEST_48161,D
TEST_48166,D
TEST_48169,D
TEST_48173,C
TEST_48183,D
TEST_48202,D
TEST_48209,D
TEST_48214,C
TEST_48226,D
TEST_48228,C
TEST_48235,C
TEST_48238,D
TEST_48239,D
TEST_48256,D
TEST_48258,D
TEST_48262,C
TEST_48267,D
TEST_48270,D
TEST_48272,D
TEST_48274,D
TEST_48276,C
TEST_48283,D
TEST_48289,D
TEST_48316,D
TEST_48317,C
TEST_48327,C
TEST_48330,D
TEST_48332,D
TEST_48333,D
TEST_48360,D
TEST_48362,C
TEST_48366,D
TEST_48368,D
TEST_48369,D
TEST_48374,C
TEST_48379,C
TEST_48389,C
TEST_48392,D
TEST_48398,D
TEST_48401,D
TEST_48402,C
TEST_48403,D
TEST_48410,C
TEST_48424,C
TEST_48430,C
TEST_48456,D
TEST_48457,D
TEST_48471,D
TEST_48485,D
TEST_48492,D
TEST_48493,D
TEST_48500,D
TEST_48509,D
TEST_48510,C
TEST_48516,C
TEST_48532,D
TEST_48554,D
TEST_48557,C
TEST_48560,C
TEST_48569,C
TEST_48577,D
TEST_48587,D
TEST_48590,C
TEST_48592,C
TEST_48601,D
TEST_48604,C
TEST_48608,D
TEST_48615,D
TEST_48620,D
TEST_48622,C
TEST_48631,D
TEST_48632,D
TEST_48645,D
TEST_48649,C
TEST_48654,D
TEST_48656,D
TEST_48667,D
TEST_48670,D
TEST_48677,C
TEST_48679,D
TEST_48688,D
TEST_48703,C
TEST_48704,C
TEST_48705,D
TEST_48717,D
TEST_48727,D
TEST_48736,D
TEST_48741,D
TEST_48755,C
TEST_48760,D
TEST_48769,D
TEST_48771,D
TEST_48774,D
TEST_48780,D
TEST_48783,D
TEST_48801,D
TEST_48803,D
TEST_48806,D
TEST_48813,C
TEST_48821,D
TEST_48832,C
TEST_48833,D
TEST_48843,D
TEST_48856,D
TEST_48858,D
TEST_48861,D
TEST_48864,D
TEST_48869,D
TEST_48873,D
TEST_48883,C
TEST_48889,D
TEST_48901,D
TEST_48913,D
TEST_48938,C
TEST_48950,D
TEST_48951,D
TEST_48956,D
TEST_48982,C
TEST_48994,D
TEST_49011,D
TEST_49013,C
TEST_49025,D
TEST_49027,D
TEST_49034,D
TEST_49052,D
TEST_49055,D
TEST_49067,D
TEST_49095,C
TEST_49102,D
TEST_49104,C
TEST_49115,D
TEST_49124,C
TEST_49125,D
TEST_49126,D
TEST_49127,C
TEST_49128,D
TEST_49153,D
TEST_49157,D
TEST_49165,C
TEST_49167,C
TEST_49179,D
TEST_49180,D
TEST_49181,C
TEST_49183,D
TEST_49184,D
TEST_49197,C
TEST_49201,D
TEST_49224,C
TEST_49226,D
TEST_49227,C
TEST_49239,C
TEST_49240,C
TEST_49257,D
TEST_49263,D
TEST_49264,D
TEST_49265,D
TEST_49276,C
TEST_49280,D
TEST_49301,C
TEST_49306,D
TEST_49316,D
TEST_49324,C
TEST_49341,D
TEST_49366,D
TEST_49367,C
TEST_49375,D
TEST_49391,C
TEST_49400,D
TEST_49420,D
TEST_49427,D
TEST_49440,D
TEST_49442,D
TEST_49446,D
TEST_49448,D
TEST_49449,D
TEST_49451,D
TEST_49461,D
TEST_49466,D
TEST_49475,D
TEST_49476,D
TEST_49478,D
TEST_49483,C
TEST_49484,D
TEST_49488,D
TEST_49490,D
TEST_49494,C
TEST_49503,C
TEST_49504,D
TEST_49510,C
TEST_49514,D
TEST_49528,D
TEST_49529,C
TEST_49534,D
TEST_49546,C
TEST_49552,C
TEST_49553,D
TEST_49565,D
TEST_49572,D
TEST_49581,D
TEST_49582,D
TEST_49583,C
TEST_49596,C
TEST_49599,C
TEST_49607,C
TEST_49608,D
TEST_49614,D
TEST_49621,D
TEST_49625,D
TEST_49628,C
TEST_49635,D
TEST_49646,D
TEST_49651,D
TEST_49656,C
TEST_49658,D
TEST_49672,D
TEST_49675,D
TEST_49680,D
TEST_49682,D
TEST_49689,D
TEST_49695,D
TEST_49701,D
TEST_49705,D
TEST_49711,C
TEST_49719,D
TEST_49725,C
TEST_49741,D
TEST_49742,C
TEST_49744,D
TEST_49748,D
TEST_49762,C
TEST_49769,D
TEST_49770,C
TEST_49775,D
TEST_49778,D
TEST_49784,C
TEST_49786,D
TEST_49789,D
TEST_49790,D
TEST_49792,D
TEST_49793,D
TEST_49808,C
TEST_49809,D
TEST_49813,D
TEST_49814,D
TEST_49823,C
TEST_49828,C
TEST_49833,C
TEST_49835,C
TEST_49848,D
TEST_49852,C
TEST_49858,D
TEST_49873,D
TEST_49878,C
TEST_49893,D
TEST_49895,C
TEST_49897,D
TEST_49898,D
TEST_49906,D
TEST_49908,D
TEST_49913,C
TEST_49917,D
TEST_49921,D
TEST_49927,D
TEST_49939,D
TEST_49941,C
TEST_49963,C
TEST_49965,C
TEST_49967,D
TEST_49970,C
TEST_49972,C
TEST_49973,C
TEST_49974,D
TEST_49975,D
TEST_49984,D
TEST_49986,D
TEST_49990,C
TEST_50001,D
TEST_50010,D
TEST_50012,D
TEST_50016,D
TEST_50027,D
TEST_50029,D
TEST_50031,C
TEST_50037,D
TEST_50043,C
TEST_50046,C
TEST_50048,D
TEST_50052,D
TEST_50059,D
TEST_50062,D
TEST_50064,C
TEST_50065,D
TEST_50067,D
TEST_50068,D
TEST_50078,D
TEST_50088,D
TEST_50097,C
TEST_50107,D
TEST_50141,D
TEST_50145,D
TEST_50147,C
TEST_50149,D
TEST_50152,D
TEST_50154,D
TEST_50157,C
TEST_50161,C
TEST_50170,D
TEST_50180,D
TEST_50183,D
TEST_50186,D
TEST_50191,D
TEST_50208,C
TEST_50212,D
TEST_50215,D
TEST_50218,D
TEST_50224,D
TEST_50225,D
TEST_50226,D
TEST_50234,C
TEST_50250,D
TEST_50263,D
TEST_50272,D
TEST_50275,C
TEST_50288,D
TEST_50289,D
TEST_50297,D
TEST_50299,D
TEST_50307,D
TEST_50315,D
TEST_50318,D
TEST_50327,D
TEST_50329,C
TEST_50342,D
TEST_50353,C
TEST_50358,D
TEST_50365,D
TEST_50373,C
TEST_50378,C
TEST_50380,D
TEST_50381,D
TEST_50383,C
TEST_50390,C
TEST_50393,C
TEST_50394,D
TEST_50413,C
TEST_50421,C
TEST_50429,C
TEST_50436,D
TEST_50444,D
TEST_50447,D
TEST_50454,C
TEST_50460,D
TEST_50464,D
TEST_50478,C
TEST_50480,C
TEST_50486,D
TEST_50489,C
TEST_50498,C
TEST_50499,C
TEST_50508,D
TEST_50529,D
TEST_50541,D
TEST_50546,D
TEST_50547,D
TEST_50584,D
TEST_50586,D
TEST_50596,D
TEST_50601,D
TEST_50603,C
TEST_50607,D
TEST_50624,C
TEST_50630,D
TEST_50633,D
TEST_50635,D
TEST_50641,C
TEST_50643,D
TEST_50645,D
TEST_50655,C
TEST_50661,D
TEST_50663,D
TEST_50670,D
TEST_50680,D
TEST_50683,D
TEST_50693,C
TEST_50699,D
TEST_50702,C
TEST_50708,C
TEST_50723,C
TEST_50732,D
TEST_50738,D
TEST_50739,C
TEST_50745,D
TEST_50748,D
TEST_50760,D
TEST_50761,D
TEST_50762,D
TEST_50774,C
TEST_50783,D
TEST_50788,D
TEST_50795,D
TEST_50803,D
TEST_50807,D
TEST_50815,D
TEST_50829,D
TEST_50833,C
TEST_50835,D
TEST_50840,D
TEST_50845,D
TEST_50858,D
TEST_50866,D
TEST_50870,D
TEST_50871,D
TEST_50878,C
TEST_50882,D
TEST_50886,D
TEST_50899,C
TEST_50900,C
TEST_50905,D
TEST_50923,C
TEST_50938,D
TEST_50941,C
TEST_50945,D
TEST_50952,D
TEST_50953,D
TEST_50967,C
TEST_50971,D
TEST_50979,C
TEST_50980,C
TEST_50981,C
TEST_50986,D
TEST_50989,C
TEST_50992,D
TEST_51000,D
TEST_51007,D
TEST_51023,C
TEST_51024,D
TEST_51026,D
TEST_51046,C
TEST_51049,D
TEST_51055,D
TEST_51073,D
TEST_51086,C
TEST_51087,D
TEST_51090,D
TEST_51093,D
TEST_51103,C
TEST_51104,D
TEST_51106,D
TEST_51109,D
TEST_51129,D
TEST_51137,C
TEST_51139,C
TEST_51150,D
TEST_51152,D
TEST_51158,D
TEST_51167,D
TEST_51178,C
TEST_51193,C
TEST_51203,C
TEST_51204,C
TEST_51206,D
TEST_51212,C
TEST_51223,D
TEST_51226,D
TEST_51227,D
TEST_51232,C
TEST_51236,D
TEST_51238,C
TEST_51239,D
TEST_51247,C
TEST_51252,D
TEST_51254,D
TEST_51256,C
TEST_51275,D
TEST_51278,D
TEST_51279,D
TEST_51280,D
TEST_51284,D
TEST_51287,D
TEST_51294,C
TEST_51301,D
TEST_51302,D
TEST_51309,C
TEST_51312,D
TEST_51315,C
TEST_51317,D
TEST_51326,D
TEST_51327,C
TEST_51332,D
TEST_51341,D
TEST_51349,C
TEST_51356,D
TEST_51362,D
TEST_51363,D
TEST_51375,D
TEST_51385,C
TEST_51390,D
TEST_51407,D
TEST_51413,C
TEST_51415,D
TEST_51427,D
TEST_51429,D
TEST_51441,D
TEST_51442,D
TEST_51446,C
TEST_51462,C
TEST_51471,D
TEST_51482,D
TEST_51489,D
TEST_51490,D
TEST_51496,D
TEST_51501,C
TEST_51513,D
TEST_51529,D
TEST_51538,C
TEST_51543,C
TEST_51548,D
TEST_51550,D
TEST_51552,C
TEST_51559,D
TEST_51560,D
TEST_51561,C
TEST_51576,D
TEST_51584,D
TEST_51585,C
TEST_51592,D
TEST_51594,D
TEST_51597,D
TEST_51607,D
TEST_51614,D
TEST_51621,D
TEST_51626,D
TEST_51631,D
TEST_51638,D
TEST_51639,C
TEST_51651,D
TEST_51653,D
TEST_51654,D
TEST_51657,C
TEST_51658,C
TEST_51664,C
TEST_51666,C
TEST_51671,C
TEST_51678,D
TEST_51683,C
TEST_51694,C
TEST_51702,D
TEST_51706,C
TEST_51710,D
TEST_51718,C
TEST_51722,D
TEST_51730,C
TEST_51734,D
TEST_51749,D
TEST_51760,D
TEST_51777,D
TEST_51782,D
TEST_51787,D
TEST_51788,D
TEST_51790,D
TEST_51792,D
TEST_51795,D
TEST_51800,D
TEST_51812,D
TEST_51826,D
TEST_51827,D
TEST_51829,C
TEST_51843,D
TEST_51845,D
TEST_51857,D
TEST_51860,D
TEST_51861,C
TEST_51865,D
TEST_51874,D
TEST_51880,C
TEST_51899,C
TEST_51901,D
TEST_51906,D
TEST_51909,C
TEST_51920,C
TEST_51922,D
TEST_51927,D
TEST_51932,D
TEST_51938,D
TEST_51942,C
TEST_51956,D
TEST_51961,D
TEST_51963,D
TEST_51966,D
TEST_51968,D
TEST_51972,D
TEST_51973,C
TEST_51975,D
TEST_52000,C
TEST_52006,D
TEST_52010,D
TEST_52013,D
TEST_52018,D
TEST_52026,D
TEST_52043,D
TEST_52044,C
TEST_52054,D
TEST_52055,D
TEST_52059,C
TEST_52060,D
TEST_52077,D
TEST_52087,D
TEST_52093,C
TEST_52105,D
TEST_52110,C
TEST_52112,C
TEST_52114,D
TEST_52126,D
TEST_52136,D
TEST_52146,C
TEST_52147,C
TEST_52151,C
TEST_52153,D
TEST_52154,D
TEST_52156,C
TEST_52180,D
TEST_52186,D
TEST_52187,D
TEST_52189,D
TEST_52196,C
TEST_52215,C
TEST_52224,D
TEST_52235,D
TEST_52237,C
TEST_52240,D
TEST_52242,D
TEST_52250,D
TEST_52256,C
TEST_52257,D
TEST_52261,C
TEST_52274,C
TEST_52275,D
TEST_52277,C
TEST_52281,D
TEST_52282,D
TEST_52288,D
TEST_52289,C
TEST_52290,D
TEST_52309,D
TEST_52321,C
TEST_52327,D
TEST_52331,C
TEST_52333,D
TEST_52349,D
TEST_52358,C
TEST_52381,C
TEST_52404,C
TEST_52405,C
TEST_52408,D
TEST_52420,D
TEST_52428,D
TEST_52429,D
TEST_52439,D
TEST_52442,D
TEST_52448,C
TEST_52453,D
TEST_52462,D
TEST_52469,D
TEST_52471,D
TEST_52474,C
TEST_52476,C
TEST_52487,C
TEST_52488,C
TEST_52494,D
TEST_52495,D
TEST_52502,D
TEST_52503,D
TEST_52508,C
TEST_52516,D
TEST_52519,D
TEST_52526,D
TEST_52538,D
TEST_52541,D
TEST_52546,D
TEST_52549,D
TEST_52550,D
TEST_52557,D
TEST_52569,C
TEST_52574,D
TEST_52578,D
TEST_52583,C
TEST_52584,D
TEST_52586,D
TEST_52587,D
TEST_52588,D
TEST_52603,C
TEST_52607,D
TEST_52620,D
TEST_52625,D
TEST_52627,C
TEST_52632,D
TEST_52635,D
TEST_52638,D
TEST_52642,D
TEST_52643,D
TEST_52646,D
TEST_52650,D
TEST_52657,D
TEST_52661,D
TEST_52667,D
TEST_52673,C
TEST_52678,C
TEST_52681,D
TEST_52685,C
TEST_52692,D
TEST_52698,D
TEST_52709,C
TEST_52712,D
TEST_52717,C
TEST_52720,C
TEST_52728,D
TEST_52735,D
TEST_52740,D
TEST_52744,D
TEST_52748,D
TEST_52752,D
TEST_52755,D
TEST_52762,D
TEST_52768,D
TEST_52774,C
TEST_52776,D
TEST_52784,C
TEST_52790,D
TEST_52798,D
TEST_52803,C
TEST_52806,D
TEST_52810,D
TEST_52830,D
TEST_52833,D
TEST_52842,D
TEST_52846,C
TEST_52848,C
TEST_52851,D
TEST_52858,D
TEST_52865,D
TEST_52880,C
TEST_52882,C
TEST_52888,D
TEST_52897,D
TEST_52903,C
TEST_52916,D
TEST_52924,D
TEST_52932,D
TEST_52939,C
TEST_52941,D
TEST_52954,D
TEST_52956,D
TEST_52960,D
TEST_52966,D
TEST_52976,D
TEST_52981,C
TEST_52984,D
TEST_52985,D
TEST_52994,D
TEST_53004,D
TEST_53017,D
TEST_53025,D
TEST_53027,C
TEST_53028,C
TEST_53032,C
TEST_53036,C
TEST_53037,D
TEST_53046,C
TEST_53057,D
TEST_53066,D
TEST_53080,D
TEST_53100,D
TEST_53109,C
TEST_53111,D
TEST_53112,C
TEST_53131,C
TEST_53133,D
TEST_53134,D
TEST_53141,D
TEST_53170,D
TEST_53189,D
TEST_53196,C
TEST_53207,C
TEST_53213,C
TEST_53218,C
TEST_53228,D
TEST_53237,C
TEST_53248,D
TEST_53254,D
TEST_53258,C
TEST_53260,D
TEST_53266,D
TEST_53274,C
TEST_53276,D
TEST_53281,D
TEST_53293,C
TEST_53307,D
TEST_53316,D
TEST_53327,D
TEST_53329,C
TEST_53330,D
TEST_53338,D
TEST_53344,D
TEST_53347,D
TEST_53348,D
TEST_53354,D
TEST_53360,D
TEST_53361,D
TEST_53364,D
TEST_53377,C
TEST_53379,D
TEST_53384,D
TEST_53386,D
TEST_53389,D
TEST_53390,D
TEST_53418,D
TEST_53426,D
TEST_53435,C
TEST_53462,D
TEST_53463,C
TEST_53465,C
TEST_53476,D
TEST_53485,C
TEST_53487,D
TEST_53491,D
TEST_53497,D
TEST_53498,D
TEST_53500,C
TEST_53503,D
TEST_53504,C
TEST_53511,D
TEST_53515,D
TEST_53520,C
TEST_53524,C
TEST_53525,C
TEST_53527,D
TEST_53531,D
TEST_53535,D
TEST_53543,C
TEST_53546,C
TEST_53548,D
TEST_53553,D
TEST_53557,D
TEST_53558,C
TEST_53566,D
TEST_53570,D
TEST_53576,D
TEST_53583,C
TEST_53587,C
TEST_53589,C
TEST_53597,D
TEST_53599,D
TEST_53600,D
TEST_53601,D
TEST_53605,D
TEST_53606,D
TEST_53614,C
TEST_53615,D
TEST_53617,D
TEST_53619,D
TEST_53624,D
TEST_53625,D
TEST_53647,C
TEST_53668,D
TEST_53671,D
TEST_53683,D
TEST_53686,D
TEST_53687,C
TEST_53688,D
TEST_53689,D
TEST_53698,D
TEST_53703,D
TEST_53708,D
TEST_53712,D
TEST_53721,C
TEST_53730,D
TEST_53737,C
TEST_53752,D
TEST_53770,D
TEST_53771,D
TEST_53790,C
TEST_53800,D
TEST_53809,D
TEST_53818,D
TEST_53826,D
TEST_53834,D
TEST_53847,C
TEST_53853,D
TEST_53859,D
TEST_53862,D
TEST_53888,D
TEST_53889,D
TEST_53893,D
TEST_53899,D
TEST_53901,D
TEST_53908,D
TEST_53917,C
TEST_53918,C
TEST_53920,D
TEST_53922,D
TEST_53924,C
TEST_53926,C
TEST_53932,D
TEST_53937,D
TEST_53947,C
TEST_53949,D
TEST_53951,D
TEST_53952,D
TEST_53954,D
TEST_53957,D
TEST_53961,D
TEST_53973,C
TEST_53975,D
TEST_53982,C
TEST_53989,D
TEST_53995,D
TEST_53997,C
TEST_54005,D
TEST_54014,D
TEST_54021,D
TEST_54031,D
TEST_54032,D
TEST_54038,C
TEST_54043,C
TEST_54052,D
TEST_54060,D
TEST_54075,D
TEST_54083,D
TEST_54109,C
TEST_54112,D
TEST_54117,D
TEST_54118,D
TEST_54131,D
TEST_54132,D
TEST_54136,C
TEST_54147,C
TEST_54148,D
TEST_54150,D
TEST_54153,C
TEST_54155,D
TEST_54176,D
TEST_54193,D
TEST_54197,D
TEST_54204,D
TEST_54206,D
TEST_54208,D
TEST_54209,D
TEST_54217,D
TEST_54222,D
TEST_54235,D
TEST_54237,D
TEST_54268,D
TEST_54274,D
TEST_54285,D
TEST_54286,D
TEST_54298,D
TEST_54301,D
TEST_54327,D
TEST_54337,C
TEST_54339,C
TEST_54340,D
TEST_54342,D
TEST_54358,D
TEST_54366,D
TEST_54375,C
TEST_54380,C
TEST_54384,D
TEST_54390,D
TEST_54397,D
TEST_54401,C
TEST_54411,D
TEST_54412,D
TEST_54413,D
TEST_54427,D
TEST_54430,C
TEST_54433,D
TEST_54445,C
TEST_54450,D
TEST_54452,D
TEST_54475,C
TEST_54477,D
TEST_54479,D
TEST_54482,C
TEST_54517,D
TEST_54525,C
TEST_54532,C
TEST_54545,C
TEST_54562,D
TEST_54568,C
TEST_54569,D
TEST_54573,C
TEST_54575,D
TEST_54577,D
TEST_54583,D
TEST_54587,D
TEST_54589,D
TEST_54593,D
TEST_54602,D
TEST_54609,D
TEST_54611,D
TEST_54614,D
TEST_54619,D
TEST_54622,C
TEST_54623,D
TEST_54627,C
TEST_54632,D
TEST_54636,D
TEST_54637,D
TEST_54640,D
TEST_54643,D
TEST_54645,C
TEST_54648,D
TEST_54649,D
TEST_54652,D
TEST_54658,D
TEST_54659,D
TEST_54675,D
TEST_54680,D
TEST_54687,D
TEST_54692,D
TEST_54701,C
TEST_54702,D
TEST_54706,D
TEST_54712,D
TEST_54719,D
TEST_54721,D
TEST_54722,C
TEST_54723,D
TEST_54733,D
TEST_54734,C
TEST_54742,D
TEST_54746,D
TEST_54747,D
TEST_54748,D
TEST_54758,D
TEST_54759,C
TEST_54768,C
TEST_54771,D
TEST_54782,D
TEST_54803,D
TEST_54808,D
TEST_54826,D
TEST_54829,D
TEST_54834,C
TEST_54840,D
TEST_54846,D
TEST_54859,D
TEST_54861,C
TEST_54868,D
TEST_54872,C
TEST_54873,D
TEST_54885,D
TEST_54895,D
TEST_54900,D
TEST_54915,D
TEST_54916,C
TEST_54921,D
TEST_54923,D
TEST_54928,C
TEST_54950,D
TEST_54955,D
TEST_54969,D
TEST_54972,D
TEST_54980,C
TEST_54981,D
TEST_55000,D
TEST_55018,D
TEST_55019,D
TEST_55033,C
TEST_55036,C
TEST_55052,D
TEST_55059,D
TEST_55062,C
TEST_55081,D
TEST_55087,C
TEST_55090,D
TEST_55095,D
TEST_55099,D
TEST_55111,D
TEST_55119,D
TEST_55122,D
TEST_55125,D
TEST_55130,C
TEST_55147,C
TEST_55158,C
TEST_55182,D
TEST_55196,D
TEST_55200,C
TEST_55208,D
TEST_55215,D
TEST_55217,D
TEST_55219,C
TEST_55223,D
TEST_55224,D
TEST_55227,D
TEST_55228,C
TEST_55234,D
TEST_55239,C
TEST_55242,D
TEST_55250,D
TEST_55259,D
TEST_55260,D
TEST_55271,D
TEST_55277,D
TEST_55288,C
TEST_55334,D
TEST_55337,C
TEST_55338,D
TEST_55347,D
TEST_55350,D
TEST_55355,C
TEST_55356,D
TEST_55358,D
TEST_55364,D
TEST_55377,D
TEST_55380,D
TEST_55388,D
TEST_55420,D
TEST_55434,C
TEST_55443,C
TEST_55451,D
TEST_55454,D
TEST_55458,D
TEST_55465,D
TEST_55472,D
TEST_55481,D
TEST_55487,D
TEST_55496,D
TEST_55500,C
TEST_55508,D
TEST_55519,D
TEST_55521,D
TEST_55538,D
TEST_55539,D
TEST_55542,C
TEST_55547,D
TEST_55551,D
TEST_55552,D
TEST_55559,D
TEST_55561,D
TEST_55577,D
TEST_55584,D
TEST_55585,D
TEST_55593,D
TEST_55594,D
TEST_55598,C
TEST_55611,C
TEST_55629,C
TEST_55639,D
TEST_55641,D
TEST_55642,C
TEST_55643,D
TEST_55651,C
TEST_55652,C
TEST_55659,C
TEST_55663,D
TEST_55671,D
TEST_55682,D
TEST_55683,D
TEST_55697,D
TEST_55711,C
TEST_55718,C
TEST_55723,D
TEST_55726,D
TEST_55727,D
TEST_55734,D
TEST_55735,D
TEST_55736,C
TEST_55741,D
TEST_55757,D
TEST_55762,C
TEST_55783,D
TEST_55788,D
TEST_55794,D
TEST_55795,D
TEST_55800,C
TEST_55802,D
TEST_55812,D
TEST_55830,C
TEST_55841,C
TEST_55842,C
TEST_55844,D
TEST_55847,C
TEST_55852,D
TEST_55861,D
TEST_55866,D
TEST_55867,C
TEST_55871,D
TEST_55872,D
TEST_55877,C
TEST_55910,C
TEST_55914,C
TEST_55917,C
TEST_55920,C
TEST_55921,C
TEST_55925,D
TEST_55927,D
TEST_55935,D
TEST_55937,D
TEST_55942,C
TEST_55952,D
TEST_55960,D
TEST_55977,D
TEST_55988,C
TEST_55991,D
TEST_55996,D
TEST_56005,C
TEST_56006,C
TEST_56010,C
TEST_56011,D
TEST_56020,D
TEST_56024,C
TEST_56029,C
TEST_56040,D
TEST_56049,D
TEST_56068,D
TEST_56070,D
TEST_56072,D
TEST_56081,D
TEST_56086,D
TEST_56088,C
TEST_56096,D
TEST_56115,D
TEST_56121,D
TEST_56129,D
TEST_56140,D
TEST_56144,C
TEST_56145,D
TEST_56146,D
TEST_56155,D
TEST_56156,D
TEST_56159,C
TEST_56163,D
TEST_56170,D
TEST_56173,C
TEST_56178,D
TEST_56179,D
TEST_56181,C
TEST_56193,D
TEST_56202,C
TEST_56207,D
TEST_56209,D
TEST_56215,D
TEST_56221,D
TEST_56223,D
TEST_56229,D
TEST_56233,D
TEST_56234,D
TEST_56237,D
TEST_56239,D
TEST_56246,C
TEST_56260,D
TEST_56265,D
TEST_56266,D
TEST_56268,C
TEST_56273,D
TEST_56275,D
TEST_56287,D
TEST_56291,C
TEST_56295,D
TEST_56301,D
TEST_56304,D
TEST_56307,D
TEST_56324,D
TEST_56326,C
TEST_56333,D
TEST_56340,D
TEST_56343,C
TEST_56347,D
TEST_56374,D
TEST_56382,D
TEST_56404,D
TEST_56406,D
TEST_56423,D
TEST_56424,D
TEST_56434,D
TEST_56439,D
TEST_56444,C
TEST_56445,D
TEST_56447,C
TEST_56462,D
TEST_56469,D
TEST_56473,D
TEST_56477,D
TEST_56490,D
TEST_56491,C
TEST_56502,C
TEST_56504,C
TEST_56505,D
TEST_56506,C
TEST_56511,C
TEST_56514,C
TEST_56519,D
TEST_56531,D
TEST_56532,C
TEST_56550,D
TEST_56587,D
TEST_56595,C
TEST_56597,D
TEST_56602,C
TEST_56603,D
TEST_56605,D
TEST_56609,D
TEST_56617,C
TEST_56620,D
TEST_56622,D
TEST_56633,D
TEST_56636,D
TEST_56656,D
TEST_56657,D
TEST_56663,D
TEST_56674,D
TEST_56675,D
TEST_56677,D
TEST_56681,C
TEST_56690,D
TEST_56699,D
TEST_56701,D
TEST_56703,D
TEST_56704,C
TEST_56706,D
TEST_56718,D
TEST_56720,D
TEST_56734,D
TEST_56735,D
TEST_56741,D
TEST_56751,C
TEST_56755,D
TEST_56763,D
TEST_56766,C
TEST_56780,D
TEST_56795,D
TEST_56814,C
TEST_56819,D
TEST_56824,D
TEST_56830,D
TEST_56835,C
TEST_56837,D
TEST_56838,D
TEST_56840,C
TEST_56846,D
TEST_56848,D
TEST_56855,D
TEST_56856,D
TEST_56862,D
TEST_56870,C
TEST_56875,D
TEST_56880,D
TEST_56888,D
TEST_56895,D
TEST_56898,D
TEST_56900,C
TEST_56902,D
TEST_56916,D
TEST_56924,D
TEST_56941,D
TEST_56943,D
TEST_56947,D
TEST_56948,C
TEST_56954,C
TEST_56963,D
TEST_56964,D
TEST_56977,D
TEST_56978,D
TEST_56979,D
TEST_56989,D
TEST_56996,C
TEST_57002,D
TEST_57004,D
TEST_57010,C
TEST_57023,D
TEST_57033,D
TEST_57034,D
TEST_57035,D
TEST_57044,C
TEST_57054,C
TEST_57061,D
TEST_57067,C
TEST_57069,C
TEST_57081,D
TEST_57085,D
TEST_57091,D
TEST_57092,D
TEST_57097,D
TEST_57098,D
TEST_57100,D
TEST_57120,D
TEST_57131,D
TEST_57136,D
TEST_57152,D
TEST_57154,C
TEST_57160,D
TEST_57175,D
TEST_57180,D
TEST_57181,C
TEST_57192,C
TEST_57200,C
TEST_57210,D
TEST_57216,C
TEST_57217,D
TEST_57242,D
TEST_57245,C
TEST_57248,D
TEST_57254,D
TEST_57255,D
TEST_57271,C
TEST_57274,D
TEST_57275,D
TEST_57276,C
TEST_57283,C
TEST_57290,C
TEST_57292,D
TEST_57297,D
TEST_57303,C
TEST_57304,C
TEST_57312,C
TEST_57324,D
TEST_57328,D
TEST_57329,D
TEST_57330,D
TEST_57340,D
TEST_57349,D
TEST_57373,C
TEST_57381,C
TEST_57386,D
TEST_57394,D
TEST_57403,C
TEST_57409,D
TEST_57422,C
TEST_57426,C
TEST_57429,D
TEST_57431,D
TEST_57446,D
TEST_57454,D
TEST_57460,C
TEST_57469,C
TEST_57473,D
TEST_57480,D
TEST_57492,C
TEST_57514,D
TEST_57516,D
TEST_57517,D
TEST_57519,D
TEST_57536,C
TEST_57538,D
TEST_57543,D
TEST_57549,C
TEST_57561,D
TEST_57562,D
TEST_57568,D
TEST_57572,D
TEST_57575,D
TEST_57577,C
TEST_57589,D
TEST_57592,C
TEST_57594,C
TEST_57602,C
TEST_57605,C
TEST_57611,D
TEST_57612,D
TEST_57627,D
TEST_57631,D
TEST_57645,D
TEST_57647,D
TEST_57657,D
TEST_57658,D
TEST_57659,D
TEST_57673,D
TEST_57679,D
TEST_57688,C
TEST_57690,C
TEST_57695,D
TEST_57699,D
TEST_57700,D
TEST_57701,D
TEST_57713,D
TEST_57722,D
TEST_57729,D
TEST_57733,D
TEST_57739,C
TEST_57753,D
TEST_57757,D
TEST_57766,D
TEST_57767,D
TEST_57774,D
TEST_57782,C
TEST_57789,C
TEST_57793,C
TEST_57795,D
TEST_57799,D
TEST_57804,D
TEST_57806,D
TEST_57816,D
TEST_57817,D
TEST_57824,D
TEST_57825,C
TEST_57835,D
TEST_57836,D
TEST_57845,C
TEST_57865,D
TEST_57869,C
TEST_57870,D
TEST_57874,C
TEST_57875,C
TEST_57891,D
TEST_57897,D
TEST_57902,C
TEST_57907,D
TEST_57928,C
TEST_57934,C
TEST_57962,D
TEST_57963,D
TEST_57964,D
TEST_57967,D
TEST_57970,C
TEST_57973,D
TEST_57988,D
TEST_57990,C
TEST_58000,D
TEST_58002,D
TEST_58009,D
TEST_58013,C
TEST_58018,C
TEST_58029,C
TEST_58031,C
TEST_58032,D
TEST_58033,D
TEST_58043,D
TEST_58046,D
TEST_58048,D
TEST_58049,D
TEST_58058,D
TEST_58062,C
TEST_58075,D
TEST_58080,D
TEST_58096,C
TEST_58098,D
TEST_58102,D
TEST_58109,C
TEST_58110,D
TEST_58112,D
TEST_58114,D
TEST_58119,D
TEST_58123,D
TEST_58127,D
TEST_58135,D
TEST_58145,D
TEST_58148,C
TEST_58156,C
TEST_58166,D
TEST_58167,C
TEST_58174,D
TEST_58176,C
TEST_58198,D
TEST_58213,D
TEST_58226,D
TEST_58234,C
TEST_58237,D
TEST_58239,C
TEST_58241,D
TEST_58242,D
TEST_58262,C
TEST_58272,C
TEST_58280,D
TEST_58282,D
TEST_58285,C
TEST_58286,D
TEST_58289,D
TEST_58293,C
TEST_58298,D
TEST_58301,C
TEST_58310,D
TEST_58323,D
TEST_58338,D
TEST_58348,D
TEST_58352,D
TEST_58370,D
TEST_58373,C
TEST_58378,C
TEST_58379,D
TEST_58397,C
TEST_58408,D
TEST_58410,D
TEST_58415,D
TEST_58416,C
TEST_58425,D
TEST_58426,D
TEST_58430,D
TEST_58431,C
TEST_58444,C
TEST_58447,C
TEST_58450,C
TEST_58451,C
TEST_58455,D
TEST_58459,D
TEST_58469,D
TEST_58478,D
TEST_58483,D
TEST_58486,C
TEST_58496,D
TEST_58497,D
TEST_58514,D
TEST_58529,D
TEST_58530,C
TEST_58537,D
TEST_58542,D
TEST_58545,D
TEST_58546,C
TEST_58564,C
TEST_58568,C
TEST_58580,D
TEST_58595,D
TEST_58598,D
TEST_58599,D
TEST_58602,D
TEST_58605,C
TEST_58607,D
TEST_58609,D
TEST_58617,D
TEST_58623,C
TEST_58638,D
TEST_58642,C
TEST_58648,D
TEST_58649,D
TEST_58650,C
TEST_58660,C
TEST_58664,D
TEST_58667,D
TEST_58674,D
TEST_58675,C
TEST_58682,D
TEST_58696,D
TEST_58703,D
TEST_58704,C
TEST_58716,D
TEST_58731,D
TEST_58734,D
TEST_58735,D
TEST_58746,D
TEST_58750,D
TEST_58753,D
TEST_58757,D
TEST_58772,D
TEST_58776,D
TEST_58783,C
TEST_58790,C
TEST_58807,C
TEST_58811,D
TEST_58815,D
TEST_58817,C
TEST_58818,C
TEST_58820,C
TEST_58824,C
TEST_58831,C
TEST_58838,D
TEST_58855,D
TEST_58858,D
TEST_58860,D
TEST_58865,D
TEST_58867,D
TEST_58868,D
TEST_58874,D
TEST_58884,D
TEST_58890,D
TEST_58905,D
TEST_58908,D
TEST_58909,D
TEST_58911,D
TEST_58918,D
TEST_58920,D
TEST_58924,D
TEST_58943,D
TEST_58944,C
TEST_58953,D
TEST_58954,D
TEST_58957,D
TEST_58960,D
TEST_58966,D
TEST_58982,C
TEST_58989,C
TEST_58990,D
TEST_58993,D
TEST_58994,D
TEST_58995,D
TEST_58997,C
TEST_59002,D
TEST_59011,D
TEST_59013,D
TEST_59019,D
TEST_59025,D
TEST_59029,D
TEST_59031,D
TEST_59058,D
TEST_59060,D
TEST_59078,C
TEST_59079,D
TEST_59080,D
TEST_59091,D
TEST_59093,D
TEST_59095,C
TEST_59099,D
TEST_59113,D
TEST_59119,D
TEST_59120,D
TEST_59131,D
TEST_59143,D
TEST_59149,C
TEST_59154,C
TEST_59157,D
TEST_59161,D
TEST_59168,D
TEST_59173,D
TEST_59177,C
TEST_59183,D
TEST_59194,D
TEST_59203,C
TEST_59204,D
TEST_59225,C
TEST_59233,C
TEST_59234,D
TEST_59239,D
TEST_59240,C
TEST_59243,D
TEST_59245,D
TEST_59246,D
TEST_59248,C
TEST_59267,D
TEST_59281,D
TEST_59285,D
TEST_59286,D
TEST_59288,C
TEST_59297,C
TEST_59300,C
TEST_59301,D
TEST_59304,D
TEST_59312,D
TEST_59342,C
TEST_59346,D
TEST_59347,C
TEST_59351,D
TEST_59356,C
TEST_59375,C
TEST_59393,D
TEST_59399,C
TEST_59401,C
TEST_59407,D
TEST_59414,D
TEST_59417,D
TEST_59419,D
TEST_59437,D
TEST_59442,D
TEST_59445,D
TEST_59446,C
TEST_59449,C
TEST_59451,C
TEST_59471,D
TEST_59477,C
TEST_59478,D
TEST_59482,C
TEST_59491,D
TEST_59509,D
TEST_59510,D
TEST_59512,C
TEST_59516,D
TEST_59517,C
TEST_59532,D
TEST_59536,D
TEST_59538,D
TEST_59540,C
TEST_59552,D
TEST_59554,C
TEST_59562,C
TEST_59579,C
TEST_59586,D
TEST_59592,C
TEST_59600,C
TEST_59602,D
TEST_59611,C
TEST_59613,C
TEST_59616,D
TEST_59617,C
TEST_59654,D
TEST_59662,D
TEST_59671,C
TEST_59682,D
TEST_59696,D
TEST_59703,D
TEST_59705,D
TEST_59708,D
TEST_59713,D
TEST_59715,D
TEST_59730,D
TEST_59735,D
TEST_59766,D
TEST_59769,C
TEST_59773,D
TEST_59780,C
TEST_59781,C
TEST_59783,D
TEST_59785,D
TEST_59790,C
TEST_59804,C
TEST_59817,D
TEST_59823,C
TEST_59827,D
TEST_59838,D
TEST_59845,C
TEST_59855,D
TEST_59859,D
TEST_59862,D
TEST_59863,D
TEST_59865,D
TEST_59886,D
TEST_59890,D
TEST_59896,C
TEST_59909,D
TEST_59914,D
TEST_59917,D
TEST_59919,D
TEST_59935,C
TEST_59941,C
TEST_59946,C
TEST_59947,D
TEST_59952,D
TEST_59959,C
TEST_59961,D
TEST_59963,D
TEST_59964,D
TEST_59969,D
TEST_59976,D
TEST_59981,D
TEST_59985,D
TEST_59986,C
TEST_59988,D
TEST_59991,C
TEST_59992,D
TEST_59995,D
TEST_60003,D
TEST_60014,D
TEST_60016,D
TEST_60017,D
TEST_60021,C
TEST_60024,D
TEST_60028,C
TEST_60029,D
TEST_60036,D
TEST_60050,C
TEST_60053,D
TEST_60059,D
TEST_60068,D
TEST_60072,C
TEST_60074,D
TEST_60077,D
TEST_60082,C
TEST_60092,D
TEST_60100,D
TEST_60124,D
TEST_60126,D
TEST_60132,C
TEST_60150,D
TEST_60151,D
TEST_60161,D
TEST_60162,D
TEST_60165,C
TEST_60176,C
TEST_60195,C
TEST_60197,D
TEST_60201,D
TEST_60202,D
TEST_60207,C
TEST_60213,D
TEST_60214,D
TEST_60220,D
TEST_60225,D
TEST_60226,C
TEST_60231,D
TEST_60233,C
TEST_60234,D
TEST_60238,D
TEST_60245,D
TEST_60250,D
TEST_60252,D
TEST_60258,D
TEST_60261,D
TEST_60262,C
TEST_60267,D
TEST_60268,D
TEST_60271,C
TEST_60273,D
TEST_60279,D
TEST_60288,C
TEST_60292,C
TEST_60301,D
TEST_60308,D
TEST_60311,D
TEST_60317,C
TEST_60323,C
TEST_60325,D
TEST_60328,C
TEST_60341,C
TEST_60351,D
TEST_60360,D
TEST_60361,D
TEST_60363,C
TEST_60364,C
TEST_60365,D
TEST_60373,D
TEST_60380,D
TEST_60383,D
TEST_60392,C
TEST_60404,D
TEST_60405,D
TEST_60412,D
TEST_60415,C
TEST_60416,D
TEST_60433,C
TEST_60454,C
TEST_60458,D
TEST_60463,C
TEST_60465,D
TEST_60468,D
TEST_60486,C
TEST_60490,C
TEST_60491,C
TEST_60501,C
TEST_60509,C
TEST_60517,D
TEST_60521,D
TEST_60530,D
TEST_60536,D
TEST_60539,C
TEST_60542,D
TEST_60554,C
TEST_60576,D
TEST_60590,C
TEST_60591,D
TEST_60593,D
TEST_60598,D
TEST_60599,C
TEST_60600,D
TEST_60609,D
TEST_60610,C
TEST_60612,D
TEST_60614,D
TEST_60640,D
TEST_60641,D
TEST_60652,D
TEST_60654,D
TEST_60681,D
TEST_60683,D
TEST_60690,C
TEST_60691,D
TEST_60694,D
TEST_60695,D
TEST_60697,D
TEST_60708,D
TEST_60715,D
TEST_60724,D
TEST_60737,C
TEST_60738,C
TEST_60757,D
TEST_60771,D
TEST_60790,C
TEST_60791,C
TEST_60793,D
TEST_60802,C
TEST_60835,D
TEST_60843,D
TEST_60856,C
TEST_60860,D
TEST_60867,C
TEST_60875,D
TEST_60887,D
TEST_60894,D
TEST_60909,D
TEST_60910,D
TEST_60913,C
TEST_60930,D
TEST_60944,D
TEST_60945,D
TEST_60951,D
TEST_60953,D
TEST_60955,D
TEST_60971,D
TEST_60979,C
TEST_60984,D
TEST_60988,D
TEST_60997,C
TEST_60999,D
TEST_61021,D
TEST_61026,D
TEST_61027,D
TEST_61033,C
TEST_61043,D
TEST_61054,C
TEST_61079,D
TEST_61086,D
TEST_61089,C
TEST_61090,D
TEST_61095,C
TEST_61099,C
TEST_61100,C
TEST_61103,D
TEST_61106,D
TEST_61108,D
TEST_61112,C
TEST_61117,D
TEST_61134,D
TEST_61137,C
TEST_61139,C
TEST_61141,D
TEST_61143,D
TEST_61151,D
TEST_61153,D
TEST_61167,C
TEST_61173,D
TEST_61176,C
TEST_61201,C
TEST_61206,C
TEST_61209,D
TEST_61213,D
TEST_61216,D
TEST_61221,D
TEST_61223,D
TEST_61239,C
TEST_61241,D
TEST_61250,D
TEST_61253,C
TEST_61256,D
TEST_61262,D
TEST_61267,C
TEST_61272,D
TEST_61277,D
TEST_61281,D
TEST_61286,D
TEST_61293,D
TEST_61304,C
TEST_61313,D
TEST_61317,D
TEST_61334,D
TEST_61340,D
TEST_61346,D
TEST_61349,C
TEST_61352,D
TEST_61359,D
TEST_61367,D
TEST_61371,D
TEST_61372,D
TEST_61376,D
TEST_61383,C
TEST_61394,D
TEST_61403,D
TEST_61405,D
TEST_61409,D
TEST_61410,C
TEST_61411,D
TEST_61414,C
TEST_61433,C
TEST_61437,D
TEST_61441,D
TEST_61444,D
TEST_61447,D
TEST_61448,D
TEST_61471,D
TEST_61478,D
TEST_61484,D
TEST_61487,D
TEST_61490,C
TEST_61495,D
TEST_61502,D
TEST_61523,D
TEST_61527,D
TEST_61533,D
TEST_61534,D
TEST_61543,D
TEST_61553,D
TEST_61558,D
TEST_61566,C
TEST_61576,D
TEST_61577,D
TEST_61595,C
TEST_61604,C
TEST_61627,C
TEST_61628,D
TEST_61636,D
TEST_61642,D
TEST_61648,D
TEST_61652,D
TEST_61656,D
TEST_61659,C
TEST_61663,D
TEST_61668,D
TEST_61671,C
TEST_61673,C
TEST_61676,D
TEST_61681,C
TEST_61688,C
TEST_61695,D
TEST_61698,D
TEST_61702,D
TEST_61704,D
TEST_61705,D
TEST_61706,C
TEST_61714,C
TEST_61715,C
TEST_61716,D
TEST_61724,D
TEST_61726,D
TEST_61733,D
TEST_61736,D
TEST_61751,D
TEST_61752,D
TEST_61761,D
TEST_61769,D
TEST_61770,D
TEST_61773,D
TEST_61774,C
TEST_61775,D
TEST_61776,D
TEST_61788,C
TEST_61791,D
TEST_61797,D
TEST_61800,D
TEST_61801,D
TEST_61809,D
TEST_61812,D
TEST_61825,D
TEST_61832,D
TEST_61835,D
TEST_61836,C
TEST_61838,D
TEST_61850,D
TEST_61863,D
TEST_61864,D
TEST_61871,D
TEST_61872,D
TEST_61873,D
TEST_61884,D
TEST_61888,C
TEST_61907,C
TEST_61928,D
TEST_61932,C
TEST_61934,D
TEST_61942,D
TEST_61945,C
TEST_61947,C
TEST_61952,C
TEST_61966,D
TEST_61973,D
TEST_61982,D
TEST_62001,C
TEST_62012,D
TEST_62013,D
TEST_62020,C
TEST_62038,D
TEST_62039,D
TEST_62043,D
TEST_62044,D
TEST_62045,C
TEST_62053,C
TEST_62063,D
TEST_62064,D
TEST_62074,C
TEST_62077,D
TEST_62078,C
TEST_62080,C
TEST_62082,D
TEST_62084,D
TEST_62088,C
TEST_62090,D
TEST_62095,C
TEST_62097,C
TEST_62113,C
TEST_62117,D
TEST_62120,D
TEST_62121,D
TEST_62128,C
TEST_62129,C
TEST_62131,C
TEST_62132,C
TEST_62133,C
TEST_62148,D
TEST_62168,D
TEST_62169,D
TEST_62185,D
TEST_62195,D
TEST_62202,D
TEST_62203,D
TEST_62204,D
TEST_62206,C
TEST_62213,C
TEST_62216,D
TEST_62247,D
TEST_62255,D
TEST_62265,C
TEST_62266,D
TEST_62267,D
TEST_62268,C
TEST_62272,C
TEST_62274,D
TEST_62281,D
TEST_62287,C
TEST_62296,C
TEST_62304,D
TEST_62305,D
TEST_62315,C
TEST_62323,C
TEST_62325,D
TEST_62326,C
TEST_62328,D
TEST_62333,D
TEST_62339,D
TEST_62346,D
TEST_62347,D
TEST_62354,D
TEST_62355,D
TEST_62371,C
TEST_62379,D
TEST_62381,D
TEST_62383,D
TEST_62386,C
TEST_62401,D
TEST_62404,D
TEST_62405,D
TEST_62410,C
TEST_62425,D
TEST_62450,C
TEST_62455,D
TEST_62461,C
TEST_62472,D
TEST_62485,C
TEST_62494,D
TEST_62496,D
TEST_62502,C
TEST_62515,C
TEST_62516,D
TEST_62517,C
TEST_62532,C
TEST_62539,C
TEST_62546,D
TEST_62551,D
TEST_62557,D
TEST_62563,D
TEST_62567,D
TEST_62569,D
TEST_62570,C
TEST_62588,D
TEST_62589,C
TEST_62594,D
TEST_62595,C
TEST_62596,D
TEST_62603,D
TEST_62621,C
TEST_62622,C
TEST_62640,C
TEST_62648,C
TEST_62660,D
TEST_62665,C
TEST_62671,D
TEST_62675,D
TEST_62680,D
TEST_62689,C
TEST_62702,D
TEST_62704,C
TEST_62707,D
TEST_62708,D
TEST_62709,D
TEST_62710,D
TEST_62717,C
TEST_62719,C
TEST_62733,D
TEST_62741,C
TEST_62748,D
TEST_62751,C
TEST_62755,D
TEST_62757,D
TEST_62762,D
TEST_62765,D
TEST_62769,D
TEST_62772,D
TEST_62790,D
TEST_62791,C
TEST_62804,D
TEST_62805,D
TEST_62809,C
TEST_62830,C
TEST_62838,D
TEST_62840,D
TEST_62847,D
TEST_62860,C
TEST_62863,D
TEST_62866,D
TEST_62874,D
TEST_62883,D
TEST_62885,C
TEST_62893,D
TEST_62898,C
TEST_62899,D
TEST_62911,D
TEST_62927,D
TEST_62930,D
TEST_62933,D
TEST_62935,C
TEST_62938,C
TEST_62948,C
TEST_62949,D
TEST_62961,D
TEST_62967,D
TEST_62976,D
TEST_62980,D
TEST_62983,C
TEST_62986,D
TEST_62990,D
TEST_62994,D
TEST_63009,D
TEST_63010,C
TEST_63026,D
TEST_63034,D
TEST_63037,D
TEST_63038,D
TEST_63045,D
TEST_63047,D
TEST_63059,D
TEST_63081,C
TEST_63089,D
TEST_63096,D
TEST_63101,C
TEST_63104,C
TEST_63105,D
TEST_63111,D
TEST_63123,D
TEST_63127,C
TEST_63128,D
TEST_63130,C
TEST_63142,D
TEST_63149,C
TEST_63163,C
TEST_63174,D
TEST_63177,D
TEST_63183,D
TEST_63210,D
TEST_63225,D
TEST_63234,C
TEST_63238,D
TEST_63244,C
TEST_63249,D
TEST_63252,C
TEST_63253,C
TEST_63260,D
TEST_63261,D
TEST_63266,C
TEST_63269,D
TEST_63278,D
TEST_63283,D
TEST_63285,C
TEST_63292,C
TEST_63293,D
TEST_63294,D
TEST_63296,C
TEST_63329,D
TEST_63330,D
TEST_63332,D
TEST_63334,C
TEST_63344,D
TEST_63352,D
TEST_63353,D
TEST_63365,D
TEST_63378,C
TEST_63389,D
TEST_63391,D
TEST_63393,D
TEST_63394,D
TEST_63401,C
TEST_63413,C
TEST_63435,D
TEST_63438,D
TEST_63448,D
TEST_63460,D
TEST_63475,D
TEST_63479,D
TEST_63486,D
TEST_63491,D
TEST_63500,D
TEST_63513,D
TEST_63516,D
TEST_63524,C
TEST_63529,D
TEST_63534,D
TEST_63540,D
TEST_63544,D
TEST_63547,C
TEST_63549,D
TEST_63550,D
TEST_63557,C
TEST_63560,D
TEST_63564,C
TEST_63570,C
TEST_63574,D
TEST_63600,D
TEST_63619,D
TEST_63632,C
TEST_63636,C
TEST_63642,D
TEST_63643,D
TEST_63645,D
TEST_63646,D
TEST_63649,C
TEST_63666,D
TEST_63671,D
TEST_63678,D
TEST_63680,D
TEST_63687,D
TEST_63705,D
TEST_63706,D
TEST_63711,C
TEST_63712,D
TEST_63720,D
TEST_63725,D
TEST_63735,D
TEST_63736,C
TEST_63745,D
TEST_63750,C
TEST_63752,D
TEST_63759,C
TEST_63784,D
TEST_63789,D
TEST_63791,D
TEST_63792,D
TEST_63795,C
TEST_63796,C
TEST_63804,D
TEST_63807,D
TEST_63818,C
TEST_63832,D
TEST_63836,D
TEST_63842,D
TEST_63850,D
TEST_63854,D
TEST_63855,D
TEST_63857,D
TEST_63867,D
TEST_63872,D
TEST_63878,D
TEST_63879,D
TEST_63888,C
TEST_63893,D
TEST_63906,D
TEST_63908,D
TEST_63910,C
TEST_63923,D
TEST_63931,D
TEST_63939,D
TEST_63950,C
TEST_63951,C
TEST_63973,D
TEST_63978,D
TEST_63979,C
TEST_63982,C
TEST_63983,D
TEST_63985,D
TEST_63993,C
TEST_63994,C
TEST_64014,D
TEST_64018,D
TEST_64019,D
TEST_64021,D
TEST_64024,D
TEST_64032,D
TEST_64036,D
TEST_64038,D
TEST_64039,C
TEST_64043,D
TEST_64049,C
TEST_64052,C
TEST_64054,D
TEST_64061,D
TEST_64064,D
TEST_64067,D
TEST_64068,D
TEST_64071,D
TEST_64074,C
TEST_64075,C
TEST_64080,D
TEST_64081,C
TEST_64088,D
TEST_64089,C
TEST_64104,D
TEST_64128,D
TEST_64129,D
TEST_64132,D
TEST_64137,C
TEST_64157,C
TEST_64160,D
TEST_64178,D
TEST_64184,C
TEST_64190,D
TEST_64192,D
TEST_64195,D
TEST_64196,D
TEST_64197,D
TEST_64205,C
TEST_64207,D
TEST_64213,C
TEST_64217,D
TEST_64219,D
TEST_64222,D
TEST_64228,C
TEST_64229,D
TEST_64231,D
TEST_64240,D
TEST_64241,C
TEST_64249,D
TEST_64251,C
TEST_64252,C
TEST_64255,D
TEST_64271,D
TEST_64272,C
TEST_64277,D
TEST_64280,C
TEST_64283,D
TEST_64285,D
TEST_64297,C
TEST_64309,D
TEST_64320,C
TEST_64322,D
TEST_64325,D
TEST_64333,D
TEST_64342,D
TEST_64357,D
TEST_64358,D
TEST_64369,D
TEST_64379,D
TEST_64381,C
TEST_64390,D
TEST_64393,C
TEST_64401,D
TEST_64418,D
TEST_64421,C
TEST_64428,D
TEST_64430,D
TEST_64447,C
TEST_64481,C
TEST_64492,C
TEST_64498,D
TEST_64514,D
TEST_64520,D
TEST_64530,C
TEST_64540,C
TEST_64545,C
TEST_64547,D
TEST_64554,D
TEST_64556,D
TEST_64558,D
TEST_64570,D
TEST_64573,D
TEST_64575,D
TEST_64577,D
TEST_64590,C
TEST_64599,D
TEST_64602,D
TEST_64604,D
TEST_64612,D
TEST_64626,D
TEST_64627,D
TEST_64637,D
TEST_64661,D
TEST_64662,D
TEST_64664,D
TEST_64668,D
TEST_64672,D
TEST_64680,C
TEST_64698,D
TEST_64699,D
TEST_64706,C
TEST_64715,D
TEST_64718,D
TEST_64719,D
TEST_64721,D
TEST_64723,D
TEST_64731,C
TEST_64738,C
TEST_64764,C
TEST_64790,D
TEST_64806,D
TEST_64833,D
TEST_64837,D
TEST_64839,D
TEST_64848,D
TEST_64850,D
TEST_64856,D
TEST_64859,D
TEST_64863,D
TEST_64870,D
TEST_64874,D
TEST_64877,D
TEST_64881,D
TEST_64882,D
TEST_64890,D
TEST_64892,D
TEST_64902,D
TEST_64903,C
TEST_64916,D
TEST_64918,D
TEST_64922,C
TEST_64928,D
TEST_64932,C
TEST_64934,C
TEST_64947,D
TEST_64953,D
TEST_64954,D
TEST_64961,D
TEST_64962,D
TEST_64967,C
TEST_64970,C
TEST_64984,C
TEST_64987,C
TEST_64998,C
TEST_65001,D
TEST_65002,D
TEST_65005,D
TEST_65006,D
TEST_65013,D
TEST_65015,D
TEST_65018,D
TEST_65019,D
TEST_65022,D
TEST_65026,C
TEST_65040,D
TEST_65045,D
TEST_65047,D
TEST_65050,D
TEST_65052,D
TEST_65056,C
TEST_65057,C
TEST_65059,D
TEST_65060,D
TEST_65063,D
TEST_65077,D
TEST_65083,D
TEST_65084,D
TEST_65097,D
TEST_65102,D
TEST_65105,C
TEST_65109,D
TEST_65117,D
TEST_65123,C
TEST_65150,C
TEST_65155,C
TEST_65156,D
TEST_65164,D
TEST_65166,C
TEST_65171,C
TEST_65176,C
TEST_65183,D
TEST_65185,D
TEST_65186,C
TEST_65191,C
TEST_65192,C
TEST_65193,C
TEST_65196,D
TEST_65203,C
TEST_65204,D
TEST_65207,D
TEST_65224,C
TEST_65227,C
TEST_65228,D
TEST_65236,D
TEST_65242,C
TEST_65244,C
TEST_65246,C
TEST_65251,D
TEST_65262,C
TEST_65269,C
TEST_65270,D
TEST_65272,D
TEST_65280,C
TEST_65284,D
TEST_65293,C
TEST_65296,C
TEST_65298,C
TEST_65299,D
TEST_65306,D
TEST_65307,C
TEST_65321,D
TEST_65324,D
TEST_65329,D
TEST_65336,D
TEST_65339,D
TEST_65340,C
TEST_65343,D
TEST_65368,D
TEST_65371,D
TEST_65373,D
TEST_65377,D
TEST_65384,D
TEST_65398,D
TEST_65404,D
TEST_65415,D
TEST_65419,D
TEST_65430,D
TEST_65431,D
TEST_65453,D
TEST_65454,D
TEST_65462,C
TEST_65484,C
TEST_65485,D
TEST_65487,D
TEST_65488,D
TEST_65501,C
TEST_65510,C
TEST_65519,D
TEST_65537,C
TEST_65542,D
TEST_65547,D
TEST_65549,D
TEST_65593,D
TEST_65601,C
TEST_65602,D
TEST_65606,D
TEST_65616,D
TEST_65619,C
TEST_65620,C
TEST_65645,C
TEST_65652,D
TEST_65661,D
TEST_65667,C
TEST_65669,D
TEST_65675,C
TEST_65676,D
TEST_65677,D
TEST_65681,D
TEST_65687,D
TEST_65700,D
TEST_65701,D
TEST_65711,D
TEST_65734,D
TEST_65737,C
TEST_65741,D
TEST_65742,C
TEST_65748,C
TEST_65760,D
TEST_65767,D
TEST_65773,D
TEST_65786,D
TEST_65791,D
TEST_65804,D
TEST_65807,D
TEST_65825,C
TEST_65827,D
TEST_65832,D
TEST_65842,C
TEST_65843,C
TEST_65844,D
TEST_65848,C
TEST_65852,D
TEST_65853,D
TEST_65857,D
TEST_65868,C
TEST_65870,C
TEST_65872,C
TEST_65875,C
TEST_65877,D
TEST_65880,D
TEST_65890,C
TEST_65891,D
TEST_65892,D
TEST_65902,C
TEST_65906,C
TEST_65912,C
TEST_65920,D
TEST_65935,C
TEST_65936,D
TEST_65940,C
TEST_65946,D
TEST_65953,D
TEST_65963,C
TEST_65981,C
TEST_65990,C
TEST_66013,D
TEST_66021,C
TEST_66023,D
TEST_66031,D
TEST_66033,D
TEST_66036,D
TEST_66039,D
TEST_66050,D
TEST_66055,C
TEST_66061,D
TEST_66062,D
TEST_66074,D
TEST_66077,D
TEST_66081,D
TEST_66083,D
TEST_66090,D
TEST_66094,C
TEST_66100,D
TEST_66109,D
TEST_66111,D
TEST_66112,D
TEST_66114,C
TEST_66124,C
TEST_66127,C
TEST_66128,D
TEST_66133,D
TEST_66138,D
TEST_66146,C
TEST_66150,D
TEST_66181,C
TEST_66184,D
TEST_66191,D
TEST_66196,D
TEST_66199,C
TEST_66206,D
TEST_66218,D
TEST_66223,D
TEST_66226,D
TEST_66230,D
TEST_66253,C
TEST_66261,D
TEST_66265,D
TEST_66268,D
TEST_66277,D
TEST_66281,C
TEST_66288,D
TEST_66294,D
TEST_66304,C
TEST_66311,C
TEST_66314,D
TEST_66317,D
TEST_66318,D
TEST_66320,D
TEST_66329,D
TEST_66335,D
TEST_66340,D
TEST_66342,D
TEST_66345,C
TEST_66348,D
TEST_66351,D
TEST_66357,D
TEST_66367,C
TEST_66368,D
TEST_66380,D
TEST_66393,C
TEST_66394,D
TEST_66410,C
TEST_66419,D
TEST_66424,C
TEST_66426,D
TEST_66427,D
TEST_66430,D
TEST_66454,C
TEST_66456,D
TEST_66461,C
TEST_66472,D
TEST_66494,D
TEST_66506,D
TEST_66512,D
TEST_66519,D
TEST_66521,D
TEST_66543,D
TEST_66548,D
TEST_66559,C
TEST_66560,C
TEST_66561,D
TEST_66563,D
TEST_66570,D
TEST_66580,D
TEST_66582,D
TEST_66584,C
TEST_66595,D
TEST_66611,D
TEST_66612,C
TEST_66614,D
TEST_66615,D
TEST_66627,D
TEST_66640,C
TEST_66642,D
TEST_66647,D
TEST_66651,D
TEST_66654,D
TEST_66660,D
TEST_66671,D
TEST_66677,D
TEST_66678,C
TEST_66679,D
TEST_66693,C
TEST_66697,D
TEST_66703,D
TEST_66705,D
TEST_66715,C
TEST_66716,C
TEST_66730,D
TEST_66734,D
TEST_66764,C
TEST_66775,D
TEST_66782,D
TEST_66792,C
TEST_66795,D
TEST_66797,C
TEST_66803,C
TEST_66805,D
TEST_66808,D
TEST_66810,D
TEST_66817,D
TEST_66820,D
TEST_66826,C
TEST_66827,D
TEST_66828,D
TEST_66830,C
TEST_66831,D
TEST_66838,D
TEST_66848,D
TEST_66855,D
TEST_66857,C
TEST_66869,C
TEST_66872,D
TEST_66882,D
TEST_66890,D
TEST_66902,D
TEST_66907,D
TEST_66908,D
TEST_66912,D
TEST_66917,D
TEST_66933,D
TEST_66934,D
TEST_66942,D
TEST_66945,C
TEST_66946,D
TEST_66947,D
TEST_66956,C
TEST_66965,C
TEST_66966,D
TEST_66971,C
TEST_66983,D
TEST_66986,C
TEST_66988,D
TEST_66992,D
TEST_66994,C
TEST_67009,C
TEST_67021,D
TEST_67041,C
TEST_67050,D
TEST_67054,C
TEST_67059,D
TEST_67060,D
TEST_67066,D
TEST_67070,D
TEST_67077,D
TEST_67092,D
TEST_67095,D
TEST_67099,D
TEST_67100,C
TEST_67103,C
TEST_67112,D
TEST_67136,D
TEST_67137,D
TEST_67160,D
TEST_67162,D
TEST_67185,D
TEST_67193,D
TEST_67194,C
TEST_67196,C
TEST_67197,D
TEST_67210,D
TEST_67213,D
TEST_67221,C
TEST_67224,C
TEST_67229,D
TEST_67230,D
TEST_67236,C
TEST_67239,D
TEST_67267,C
TEST_67268,D
TEST_67276,D
TEST_67277,D
TEST_67279,D
TEST_67281,D
TEST_67286,D
TEST_67288,C
TEST_67290,C
TEST_67297,D
TEST_67316,C
TEST_67320,C
TEST_67322,D
TEST_67328,D
TEST_67329,C
TEST_67340,C
TEST_67341,D
TEST_67343,D
TEST_67344,D
TEST_67353,C
TEST_67357,C
TEST_67360,D
TEST_67365,C
TEST_67370,C
TEST_67387,C
TEST_67407,D
TEST_67415,D
TEST_67417,D
TEST_67424,C
TEST_67430,D
TEST_67431,D
TEST_67450,C
TEST_67457,D
TEST_67458,D
TEST_67464,D
TEST_67473,D
TEST_67484,C
TEST_67492,D
TEST_67509,C
TEST_67515,D
TEST_67527,C
TEST_67528,D
TEST_67532,D
TEST_67538,D
TEST_67539,D
TEST_67546,C
TEST_67551,D
TEST_67555,D
TEST_67564,C
TEST_67569,D
TEST_67584,D
TEST_67588,C
TEST_67591,C
TEST_67598,D
TEST_67606,D
TEST_67609,D
TEST_67614,D
TEST_67621,D
TEST_67625,D
TEST_67637,D
TEST_67646,D
TEST_67651,C
TEST_67653,D
TEST_67657,C
TEST_67665,D
TEST_67669,C
TEST_67677,D
TEST_67680,C
TEST_67699,C
TEST_67706,D
TEST_67708,D
TEST_67711,C
TEST_67712,C
TEST_67716,C
TEST_67717,D
TEST_67724,D
TEST_67731,D
TEST_67735,C
TEST_67747,D
TEST_67755,C
TEST_67769,C
TEST_67782,D
TEST_67789,D
TEST_67799,D
TEST_67804,C
TEST_67810,D
TEST_67814,D
TEST_67820,D
TEST_67821,C
TEST_67831,D
TEST_67833,D
TEST_67838,C
TEST_67863,C
TEST_67865,D
TEST_67866,C
TEST_67872,D
TEST_67874,C
TEST_67878,D
TEST_67883,D
TEST_67895,C
TEST_67898,C
TEST_67906,D
TEST_67911,C
TEST_67917,C
TEST_67938,D
TEST_67945,C
TEST_67955,C
TEST_67957,D
TEST_67963,D
TEST_67965,D
TEST_67966,C
TEST_67968,C
TEST_67970,D
TEST_67977,C
TEST_67984,C
TEST_67986,D
TEST_67999,D
TEST_68001,D
TEST_68002,D
TEST_68014,D
TEST_68016,D
TEST_68020,D
TEST_68022,D
TEST_68032,D
TEST_68038,C
TEST_68047,D
TEST_68050,C
TEST_68051,D
TEST_68059,D
TEST_68064,D
TEST_68066,D
TEST_68068,C
TEST_68071,D
TEST_68072,D
TEST_68077,D
TEST_68081,D
TEST_68098,D
TEST_68101,C
TEST_68104,D
TEST_68106,D
TEST_68121,C
TEST_68149,D
TEST_68152,C
TEST_68154,D
TEST_68168,C
TEST_68170,D
TEST_68174,D
TEST_68175,D
TEST_68178,C
TEST_68196,D
TEST_68197,D
TEST_68199,D
TEST_68214,C
TEST_68218,D
TEST_68219,C
TEST_68222,D
TEST_68224,D
TEST_68230,D
TEST_68244,D
TEST_68245,D
TEST_68259,C
TEST_68268,D
TEST_68271,D
TEST_68272,C
TEST_68282,D
TEST_68293,C
TEST_68306,C
TEST_68309,C
TEST_68313,C
TEST_68328,C
TEST_68335,C
TEST_68342,D
TEST_68346,D
TEST_68349,C
TEST_68354,D
TEST_68362,D
TEST_68367,C
TEST_68371,C
TEST_68378,C
TEST_68379,D
TEST_68380,C
TEST_68383,D
TEST_68385,C
TEST_68392,D
TEST_68393,D
TEST_68409,C
TEST_68427,C
TEST_68434,D
TEST_68466,D
TEST_68473,D
TEST_68483,D
TEST_68491,D
TEST_68494,D
TEST_68496,D
TEST_68497,D
TEST_68499,D
TEST_68500,D
TEST_68503,D
TEST_68504,D
TEST_68514,D
TEST_68515,C
TEST_68525,D
TEST_68526,D
TEST_68530,D
TEST_68539,D
TEST_68540,C
TEST_68542,D
TEST_68543,D
TEST_68552,D
TEST_68558,C
TEST_68561,C
TEST_68564,D
TEST_68579,D
TEST_68589,D
TEST_68590,D
TEST_68598,C
TEST_68602,C
TEST_68612,D
TEST_68614,D
TEST_68627,C
TEST_68636,D
TEST_68637,D
TEST_68647,D
TEST_68663,D
TEST_68670,C
TEST_68672,C
TEST_68674,D
TEST_68676,D
TEST_68685,C
TEST_68693,C
TEST_68697,C
TEST_68699,D
TEST_68704,C
TEST_68713,D
TEST_68716,D
TEST_68720,C
TEST_68730,C
TEST_68740,C
TEST_68744,D
TEST_68762,C
TEST_68764,D
TEST_68768,D
TEST_68771,D
TEST_68775,D
TEST_68780,C
TEST_68784,D
TEST_68793,D
TEST_68794,D
TEST_68797,C
TEST_68816,C
TEST_68818,C
TEST_68823,C
TEST_68829,C
TEST_68838,C
TEST_68848,D
TEST_68868,D
TEST_68877,D
TEST_68880,D
TEST_68886,D
TEST_68892,D
TEST_68894,D
TEST_68897,D
TEST_68906,C
TEST_68913,C
TEST_68927,D
TEST_68929,C
TEST_68953,C
TEST_68955,D
TEST_68969,C
TEST_68973,D
TEST_68974,C
TEST_68979,D
TEST_68986,D
TEST_68988,D
TEST_68990,C
TEST_69008,D
TEST_69017,D
TEST_69019,D
TEST_69029,C
TEST_69034,D
TEST_69036,D
TEST_69041,D
TEST_69044,C
TEST_69049,D
TEST_69058,D
TEST_69072,D
TEST_69073,C
TEST_69078,D
TEST_69082,C
TEST_69096,C
TEST_69100,D
TEST_69103,D
TEST_69104,D
TEST_69106,C
TEST_69107,D
TEST_69110,C
TEST_69120,D
TEST_69123,D
TEST_69131,D
TEST_69140,C
TEST_69150,C
TEST_69164,C
TEST_69167,D
TEST_69172,C
TEST_69186,D
TEST_69193,D
TEST_69200,D
TEST_69205,D
TEST_69210,D
TEST_69213,D
TEST_69224,D
TEST_69231,D
TEST_69235,C
TEST_69266,D
TEST_69267,C
TEST_69275,D
TEST_69296,D
TEST_69300,D
TEST_69304,D
TEST_69306,C
TEST_69310,D
TEST_69315,D
TEST_69320,D
TEST_69329,D
TEST_69342,D
TEST_69357,D
TEST_69363,C
TEST_69364,C
TEST_69365,D
TEST_69375,D
TEST_69385,D
TEST_69389,C
TEST_69392,C
TEST_69406,C
TEST_69407,C
TEST_69412,D
TEST_69416,D
TEST_69429,C
TEST_69435,D
TEST_69442,C
TEST_69450,D
TEST_69453,D
TEST_69459,C
TEST_69462,D
TEST_69470,C
TEST_69477,D
TEST_69489,D
TEST_69491,D
TEST_69507,C
TEST_69514,D
TEST_69539,C
TEST_69543,D
TEST_69552,C
TEST_69557,D
TEST_69561,C
TEST_69563,D
TEST_69565,D
TEST_69579,D
TEST_69595,C
TEST_69596,D
TEST_69597,C
TEST_69608,D
TEST_69614,D
TEST_69621,D
TEST_69623,D
TEST_69628,D
TEST_69634,C
TEST_69635,D
TEST_69649,C
TEST_69665,C
TEST_69680,D
TEST_69691,D
TEST_69695,D
TEST_69700,D
TEST_69702,D
TEST_69708,D
TEST_69709,D
TEST_69711,C
TEST_69719,D
TEST_69722,D
TEST_69741,D
TEST_69745,D
TEST_69748,D
TEST_69750,C
TEST_69757,D
TEST_69765,D
TEST_69767,D
TEST_69769,D
TEST_69773,C
TEST_69786,D
TEST_69801,D
TEST_69808,C
TEST_69824,D
TEST_69835,D
TEST_69839,D
TEST_69848,D
TEST_69849,C
TEST_69855,D
TEST_69870,D
TEST_69879,D
TEST_69880,C
TEST_69881,D
TEST_69895,D
TEST_69896,D
TEST_69897,D
TEST_69909,C
TEST_69915,D
TEST_69921,C
TEST_69939,D
TEST_69948,D
TEST_69951,D
TEST_69960,D
TEST_69968,D
TEST_69970,D
TEST_69978,C
TEST_69981,D
TEST_69991,D
TEST_69994,D
TEST_70012,C
TEST_70031,D
TEST_70042,D
TEST_70053,D
TEST_70064,D
TEST_70070,D
TEST_70072,D
TEST_70086,C
TEST_70091,C
TEST_70105,D
TEST_70109,D
TEST_70118,D
TEST_70119,D
TEST_70121,C
TEST_70128,D
TEST_70132,D
TEST_70141,D
TEST_70149,D
TEST_70152,D
TEST_70156,C
TEST_70160,C
TEST_70166,C
TEST_70168,D
TEST_70171,D
TEST_70177,C
TEST_70192,D
TEST_70195,C
TEST_70206,C
TEST_70213,D
TEST_70214,D
TEST_70232,D
TEST_70233,D
TEST_70238,C
TEST_70239,D
TEST_70243,C
TEST_70246,D
TEST_70253,D
TEST_70255,C
TEST_70259,D
TEST_70264,C
TEST_70266,D
TEST_70271,D
TEST_70272,D
TEST_70279,D
TEST_70283,C
TEST_70287,D
TEST_70299,C
TEST_70304,D
TEST_70305,C
TEST_70331,D
TEST_70335,D
TEST_70339,D
TEST_70342,C
TEST_70344,D
TEST_70347,D
TEST_70348,D
TEST_70354,C
TEST_70356,D
TEST_70358,D
TEST_70363,D
TEST_70365,D
TEST_70371,D
TEST_70373,D
TEST_70381,D
TEST_70382,D
TEST_70385,D
TEST_70388,C
TEST_70389,C
TEST_70390,D
TEST_70396,D
TEST_70399,D
TEST_70413,D
TEST_70419,C
TEST_70439,D
TEST_70444,C
TEST_70445,D
TEST_70456,D
TEST_70474,D
TEST_70478,C
TEST_70483,D
TEST_70490,D
TEST_70504,D
TEST_70509,C
TEST_70517,C
TEST_70519,D
TEST_70527,D
TEST_70539,D
TEST_70540,D
TEST_70548,D
TEST_70552,D
TEST_70554,D
TEST_70560,D
TEST_70566,D
TEST_70568,C
TEST_70571,D
TEST_70584,C
TEST_70587,D
TEST_70593,C
TEST_70599,D
TEST_70602,D
TEST_70608,D
TEST_70629,D
TEST_70648,D
TEST_70649,D
TEST_70654,D
TEST_70665,C
TEST_70675,D
TEST_70677,D
TEST_70685,D
TEST_70694,D
TEST_70710,D
TEST_70716,D
TEST_70723,D
TEST_70724,D
TEST_70734,D
TEST_70738,C
TEST_70741,C
TEST_70747,C
TEST_70748,D
TEST_70754,D
TEST_70762,D
TEST_70766,D
TEST_70769,D
TEST_70772,C
TEST_70782,D
TEST_70783,D
TEST_70787,C
TEST_70788,D
TEST_70800,D
TEST_70801,D
TEST_70810,D
TEST_70812,D
TEST_70813,D
TEST_70818,D
TEST_70834,D
TEST_70839,D
TEST_70844,D
TEST_70847,D
TEST_70853,C
TEST_70864,D
TEST_70877,D
TEST_70883,D
TEST_70884,D
TEST_70889,C
TEST_70892,D
TEST_70906,D
TEST_70909,D
TEST_70912,C
TEST_70914,D
TEST_70922,D
TEST_70928,D
TEST_70930,C
TEST_70931,C
TEST_70932,D
TEST_70944,D
TEST_70955,C
TEST_70971,C
TEST_70973,D
TEST_70976,C
TEST_70983,D
TEST_70984,C
TEST_70985,D
TEST_70989,D
TEST_71003,C
TEST_71007,D
TEST_71011,C
TEST_71016,D
TEST_71017,D
TEST_71018,D
TEST_71020,D
TEST_71031,C
TEST_71047,D
TEST_71048,D
TEST_71055,C
TEST_71056,D
TEST_71058,D
TEST_71071,D
TEST_71076,D
TEST_71081,C
TEST_71084,D
TEST_71086,D
TEST_71087,C
TEST_71101,C
TEST_71102,C
TEST_71107,C
TEST_71108,D
TEST_71113,C
TEST_71116,D
TEST_71129,D
TEST_71144,C
TEST_71151,C
TEST_71155,C
TEST_71165,C
TEST_71171,C
TEST_71176,C
TEST_71182,C
TEST_71186,D
TEST_71189,D
TEST_71191,C
TEST_71197,D
TEST_71199,C
TEST_71200,C
TEST_71203,D
TEST_71212,C
TEST_71214,D
TEST_71225,C
TEST_71246,D
TEST_71248,D
TEST_71251,C
TEST_71254,D
TEST_71261,D
TEST_71265,C
TEST_71271,D
TEST_71284,C
TEST_71290,C
TEST_71299,D
TEST_71300,D
TEST_71306,C
TEST_71320,D
TEST_71326,D
TEST_71327,D
TEST_71330,C
TEST_71335,D
TEST_71344,C
TEST_71351,C
TEST_71357,D
TEST_71358,D
TEST_71362,C
TEST_71365,D
TEST_71371,C
TEST_71383,D
TEST_71396,D
TEST_71410,D
TEST_71411,C
TEST_71412,C
TEST_71414,C
TEST_71435,D
TEST_71457,D
TEST_71461,D
TEST_71465,D
TEST_71476,D
TEST_71477,D
TEST_71486,C
TEST_71491,D
TEST_71492,D
TEST_71495,D
TEST_71496,D
TEST_71499,C
TEST_71505,D
TEST_71509,C
TEST_71518,D
TEST_71524,D
TEST_71529,C
TEST_71537,D
TEST_71544,C
TEST_71553,C
TEST_71564,C
TEST_71578,C
TEST_71581,D
TEST_71583,D
TEST_71584,C
TEST_71598,D
TEST_71601,D
TEST_71604,D
TEST_71612,C
TEST_71615,D
TEST_71622,C
TEST_71635,C
TEST_71649,D
TEST_71652,D
TEST_71654,D
TEST_71659,D
TEST_71670,D
TEST_71676,C
TEST_71678,D
TEST_71680,D
TEST_71691,C
TEST_71702,D
TEST_71706,D
TEST_71708,D
TEST_71713,D
TEST_71716,D
TEST_71720,C
TEST_71724,D
TEST_71726,D
TEST_71739,D
TEST_71741,D
TEST_71742,D
TEST_71743,C
TEST_71747,C
TEST_71748,C
TEST_71753,C
TEST_71759,D
TEST_71762,D
TEST_71770,D
TEST_71773,D
TEST_71775,D
TEST_71781,D
TEST_71791,D
TEST_71792,D
TEST_71794,D
TEST_71799,D
TEST_71805,D
TEST_71816,C
TEST_71830,D
TEST_71834,D
TEST_71846,D
TEST_71864,C
TEST_71867,C
TEST_71868,C
TEST_71871,C
TEST_71899,C
TEST_71909,C
TEST_71911,D
TEST_71918,D
TEST_71923,D
TEST_71930,D
TEST_71932,C
TEST_71934,C
TEST_71935,D
TEST_71937,C
TEST_71938,D
TEST_71942,D
TEST_71943,D
TEST_71946,C
TEST_71948,D
TEST_71953,C
TEST_71956,D
TEST_71966,D
TEST_71973,C
TEST_71984,C
TEST_71990,D
TEST_71991,C
TEST_71996,C
TEST_72000,D
TEST_72013,D
TEST_72024,D
TEST_72035,D
TEST_72037,D
TEST_72043,D
TEST_72046,D
TEST_72047,D
TEST_72051,D
TEST_72052,D
TEST_72057,D
TEST_72062,D
TEST_72065,C
TEST_72082,D
TEST_72086,D
TEST_72095,D
TEST_72096,C
TEST_72099,D
TEST_72108,D
TEST_72109,D
TEST_72111,C
TEST_72112,C
TEST_72113,D
TEST_72122,D
TEST_72127,D
TEST_72135,D
TEST_72141,D
TEST_72144,D
TEST_72148,C
TEST_72149,D
TEST_72152,D
TEST_72159,D
TEST_72160,C
TEST_72164,D
TEST_72165,C
TEST_72172,D
TEST_72177,D
TEST_72180,C
TEST_72182,C
TEST_72184,C
TEST_72188,D
TEST_72190,C
TEST_72191,D
TEST_72198,D
TEST_72203,D
TEST_72206,D
TEST_72212,D
TEST_72215,C
TEST_72216,D
TEST_72224,D
TEST_72226,C
TEST_72232,C
TEST_72236,D
TEST_72244,D
TEST_72247,D
TEST_72248,C
TEST_72249,C
TEST_72252,D
TEST_72263,D
TEST_72267,D
TEST_72269,D
TEST_72270,D
TEST_72271,D
TEST_72272,D
TEST_72275,C
TEST_72284,D
TEST_72303,D
TEST_72304,C
TEST_72308,C
TEST_72311,D
TEST_72315,C
TEST_72324,D
TEST_72329,D
TEST_72331,D
TEST_72343,C
TEST_72347,D
TEST_72352,D
TEST_72354,C
TEST_72356,D
TEST_72370,C
TEST_72389,C
TEST_72390,C
TEST_72391,D
TEST_72392,D
TEST_72393,C
TEST_72395,D
TEST_72415,D
TEST_72421,D
TEST_72424,C
TEST_72429,D
TEST_72430,D
TEST_72434,D
TEST_72439,C
TEST_72473,D
TEST_72487,C
TEST_72499,D
TEST_72501,C
TEST_72506,C
TEST_72510,D
TEST_72513,D
TEST_72517,D
TEST_72521,C
TEST_72528,D
TEST_72529,D
TEST_72531,D
TEST_72532,C
TEST_72534,D
TEST_72538,D
TEST_72540,D
TEST_72551,C
TEST_72558,D
TEST_72560,D
TEST_72564,D
TEST_72566,C
TEST_72568,D
TEST_72571,D
TEST_72583,D
TEST_72584,C
TEST_72607,D
TEST_72611,C
TEST_72614,C
TEST_72618,D
TEST_72622,D
TEST_72623,D
TEST_72626,C
TEST_72628,C
TEST_72636,C
TEST_72639,D
TEST_72640,D
TEST_72649,D
TEST_72650,D
TEST_72674,C
TEST_72682,D
TEST_72685,D
TEST_72697,D
TEST_72703,D
TEST_72711,D
TEST_72716,D
TEST_72717,D
TEST_72727,D
TEST_72745,D
TEST_72751,C
TEST_72755,D
TEST_72756,D
TEST_72759,C
TEST_72763,C
TEST_72767,D
TEST_72771,D
TEST_72774,D
TEST_72779,C
TEST_72781,D
TEST_72807,D
TEST_72813,D
TEST_72816,D
TEST_72818,D
TEST_72821,D
TEST_72836,D
TEST_72845,D
TEST_72857,D
TEST_72858,D
TEST_72868,D
TEST_72876,D
TEST_72877,D
TEST_72893,D
TEST_72894,D
TEST_72900,D
TEST_72907,D
TEST_72908,C
TEST_72909,D
TEST_72916,D
TEST_72918,D
TEST_72923,C
TEST_72927,D
TEST_72928,D
TEST_72930,D
TEST_72941,D
TEST_72942,C
TEST_72953,D
TEST_72960,D
TEST_72967,C
TEST_72986,D
TEST_72990,D
TEST_72999,D
TEST_73004,D
TEST_73005,D
TEST_73007,C
TEST_73015,D
TEST_73017,C
TEST_73019,D
TEST_73020,D
TEST_73024,D
TEST_73027,D
TEST_73038,D
TEST_73040,C
TEST_73049,D
TEST_73053,D
TEST_73058,D
TEST_73059,D
TEST_73062,D
TEST_73066,C
TEST_73073,D
TEST_73079,C
TEST_73088,D
TEST_73100,D
TEST_73103,D
TEST_73114,D
TEST_73118,D
TEST_73130,D
TEST_73134,D
TEST_73138,C
TEST_73140,C
TEST_73142,D
TEST_73146,C
TEST_73158,D
TEST_73180,D
TEST_73186,C
TEST_73197,C
TEST_73200,C
TEST_73206,D
TEST_73209,D
TEST_73210,D
TEST_73215,C
TEST_73219,D
TEST_73222,D
TEST_73246,D
TEST_73251,D
TEST_73266,D
TEST_73275,D
TEST_73279,C
TEST_73280,C
TEST_73301,C
TEST_73312,D
TEST_73324,D
TEST_73331,D
TEST_73332,C
TEST_73340,C
TEST_73346,C
TEST_73348,D
TEST_73350,D
TEST_73360,C
TEST_73365,D
TEST_73383,D
TEST_73384,D
TEST_73388,D
TEST_73389,C
TEST_73390,D
TEST_73398,D
TEST_73402,D
TEST_73409,C
TEST_73410,D
TEST_73412,C
TEST_73417,D
TEST_73420,D
TEST_73431,C
TEST_73433,D
TEST_73444,D
TEST_73450,D
TEST_73455,C
TEST_73456,C
TEST_73462,D
TEST_73464,D
TEST_73466,C
TEST_73471,C
TEST_73475,C
TEST_73485,C
TEST_73492,D
TEST_73496,D
TEST_73498,D
TEST_73503,D
TEST_73507,D
TEST_73510,D
TEST_73516,D
TEST_73520,C
TEST_73523,C
TEST_73528,D
TEST_73529,D
TEST_73582,D
TEST_73588,D
TEST_73594,D
TEST_73603,C
TEST_73605,C
TEST_73606,D
TEST_73610,D
TEST_73612,C
TEST_73625,D
TEST_73627,C
TEST_73629,D
TEST_73638,C
TEST_73640,D
TEST_73648,D
TEST_73655,D
TEST_73659,D
TEST_73663,C
TEST_73664,D
TEST_73665,C
TEST_73669,D
TEST_73683,D
TEST_73688,D
TEST_73689,C
TEST_73692,D
TEST_73696,C
TEST_73699,C
TEST_73700,C
TEST_73701,D
TEST_73705,C
TEST_73716,D
TEST_73720,D
TEST_73725,D
TEST_73734,D
TEST_73748,D
TEST_73756,C
TEST_73760,D
TEST_73772,D
TEST_73778,C
TEST_73781,D
TEST_73786,D
TEST_73794,C
TEST_73796,D
TEST_73800,C
TEST_73803,D
TEST_73805,D
TEST_73807,D
TEST_73814,D
TEST_73815,D
TEST_73828,D
TEST_73832,C
TEST_73834,C
TEST_73835,D
TEST_73854,D
TEST_73857,D
TEST_73863,D
TEST_73867,D
TEST_73870,C
TEST_73875,C
TEST_73885,D
TEST_73910,D
TEST_73919,C
TEST_73920,D
TEST_73921,D
TEST_73924,C
TEST_73929,C
TEST_73932,D
TEST_73948,D
TEST_73949,D
TEST_73953,C
TEST_73959,D
TEST_73963,D
TEST_73965,D
TEST_73969,C
TEST_73973,C
TEST_73976,D
TEST_73977,C
TEST_73979,D
TEST_73986,D
TEST_73991,C
TEST_73994,C
TEST_73997,D
TEST_74000,D
TEST_74009,D
TEST_74012,D
TEST_74015,D
TEST_74019,C
TEST_74026,D
TEST_74027,D
TEST_74050,D
TEST_74053,D
TEST_74055,D
TEST_74057,C
TEST_74059,C
TEST_74060,D
TEST_74065,C
TEST_74076,D
TEST_74077,D
TEST_74081,C
TEST_74084,D
TEST_74097,D
TEST_74100,D
TEST_74108,C
TEST_74111,D
TEST_74112,D
TEST_74116,C
TEST_74121,C
TEST_74125,C
TEST_74128,D
TEST_74134,D
TEST_74135,D
TEST_74171,D
TEST_74188,D
TEST_74193,D
TEST_74202,D
TEST_74203,D
TEST_74209,D
TEST_74210,C
TEST_74228,D
TEST_74232,D
TEST_74235,D
TEST_74247,C
TEST_74250,C
TEST_74263,C
TEST_74267,D
TEST_74268,D
TEST_74276,D
TEST_74302,D
TEST_74304,C
TEST_74306,D
TEST_74310,D
TEST_74313,D
TEST_74326,D
TEST_74327,C
TEST_74336,D
TEST_74339,D
TEST_74344,D
TEST_74351,D
TEST_74353,D
TEST_74354,D
TEST_74372,C
TEST_74374,D
TEST_74392,D
TEST_74399,D
TEST_74402,D
TEST_74403,C
TEST_74406,C
TEST_74412,D
TEST_74427,C
TEST_74430,C
TEST_74440,D
TEST_74442,D
TEST_74445,D
TEST_74453,D
TEST_74456,D
TEST_74463,D
TEST_74472,D
TEST_74473,D
TEST_74475,D
TEST_74489,D
TEST_74491,D
TEST_74496,D
TEST_74509,D
TEST_74510,C
TEST_74516,C
TEST_74530,D
TEST_74537,D
TEST_74558,C
TEST_74570,D
TEST_74575,C
TEST_74578,D
TEST_74581,D
TEST_74593,C
TEST_74600,C
TEST_74602,C
TEST_74609,D
TEST_74619,C
TEST_74625,D
TEST_74626,D
TEST_74628,D
TEST_74630,C
TEST_74633,D
TEST_74667,D
TEST_74673,C
TEST_74682,D
TEST_74684,D
TEST_74690,D
TEST_74692,C
TEST_74700,D
TEST_74711,D
TEST_74719,D
TEST_74723,C
TEST_74740,D
TEST_74754,C
TEST_74805,D
TEST_74806,C
TEST_74809,C
TEST_74814,C
TEST_74816,D
TEST_74825,D
TEST_74836,C
TEST_74837,D
TEST_74841,D
TEST_74842,C
TEST_74846,D
TEST_74853,D
TEST_74877,D
TEST_74880,D
TEST_74882,D
TEST_74889,D
TEST_74899,D
TEST_74906,C
TEST_74913,D
TEST_74916,C
TEST_74921,C
TEST_74931,D
TEST_74934,D
TEST_74939,C
TEST_74946,C
TEST_74949,D
TEST_74953,D
TEST_74956,D
TEST_74965,D
TEST_74973,C
TEST_74979,D
TEST_74980,C
TEST_74986,D
TEST_74988,D
TEST_74992,D
TEST_74998,C
TEST_75006,D
TEST_75010,D
TEST_75011,D
TEST_75017,C
TEST_75019,D
TEST_75020,D
TEST_75039,C
TEST_75055,D
TEST_75059,D
TEST_75060,D
TEST_75078,D
TEST_75081,D
TEST_75082,D
TEST_75090,D
TEST_75096,C
TEST_75097,C
TEST_75100,D
TEST_75105,D
TEST_75113,D
TEST_75115,C
TEST_75119,D
TEST_75120,D
TEST_75123,C
TEST_75124,D
TEST_75127,C
TEST_75136,D
TEST_75142,D
TEST_75145,D
TEST_75153,D
TEST_75164,D
TEST_75182,D
TEST_75195,D
TEST_75196,D
TEST_75202,D
TEST_75207,C
TEST_75220,C
TEST_75224,D
TEST_75229,C
TEST_75232,D
TEST_75248,C
TEST_75250,C
TEST_75252,D
TEST_75262,D
TEST_75266,C
TEST_75277,C
TEST_75283,D
TEST_75287,D
TEST_75288,C
TEST_75317,D
TEST_75319,D
TEST_75320,D
TEST_75332,D
TEST_75337,D
TEST_75349,C
TEST_75350,C
TEST_75357,C
TEST_75359,D
TEST_75364,D
TEST_75366,D
TEST_75372,D
TEST_75376,D
TEST_75384,D
TEST_75390,D
TEST_75391,D
TEST_75393,C
TEST_75402,D
TEST_75410,C
TEST_75417,C
TEST_75418,C
TEST_75419,D
TEST_75428,D
TEST_75429,C
TEST_75433,D
TEST_75436,D
TEST_75445,C
TEST_75446,D
TEST_75449,D
TEST_75451,D
TEST_75461,D
TEST_75462,C
TEST_75464,D
TEST_75470,D
TEST_75476,D
TEST_75484,D
TEST_75492,D
TEST_75501,D
TEST_75509,C
TEST_75511,C
TEST_75520,C
TEST_75524,C
TEST_75525,C
TEST_75527,D
TEST_75528,C
TEST_75537,D
TEST_75548,D
TEST_75556,D
TEST_75561,C
TEST_75563,D
TEST_75566,C
TEST_75567,C
TEST_75575,D
TEST_75584,D
TEST_75585,D
TEST_75587,D
TEST_75592,C
TEST_75593,D
TEST_75605,D
TEST_75609,D
TEST_75613,D
TEST_75614,C
TEST_75623,D
TEST_75625,D
TEST_75627,C
TEST_75631,C
TEST_75638,D
TEST_75640,C
TEST_75648,D
TEST_75655,C
TEST_75656,D
TEST_75673,D
TEST_75677,D
TEST_75682,D
TEST_75690,D
TEST_75701,D
TEST_75706,C
TEST_75708,D
TEST_75715,D
TEST_75722,D
TEST_75724,D
TEST_75725,C
TEST_75728,C
TEST_75729,D
TEST_75735,D
TEST_75740,C
TEST_75745,D
TEST_75747,D
TEST_75750,D
TEST_75753,D
TEST_75763,D
TEST_75765,D
TEST_75767,D
TEST_75770,D
TEST_75779,D
TEST_75783,C
TEST_75788,D
TEST_75793,D
TEST_75796,D
TEST_75806,D
TEST_75812,D
TEST_75815,D
TEST_75819,D
TEST_75828,C
TEST_75833,D
TEST_75835,D
TEST_75836,D
TEST_75837,D
TEST_75842,C
TEST_75850,D
TEST_75855,D
TEST_75860,D
TEST_75862,C
TEST_75863,D
TEST_75865,D
TEST_75877,C
TEST_75882,D
TEST_75884,C
TEST_75885,C
TEST_75887,D
TEST_75902,D
TEST_75913,D
TEST_75918,C
TEST_75924,D
TEST_75935,D
TEST_75940,C
TEST_75945,D
TEST_75947,D
TEST_75948,D
TEST_75961,C
TEST_75971,D
TEST_75978,D
TEST_75982,D
TEST_75984,C
TEST_75990,C
TEST_75994,D
TEST_75997,C
TEST_76000,C
TEST_76001,D
TEST_76008,D
TEST_76016,C
TEST_76019,D
TEST_76028,D
TEST_76030,D
TEST_76045,D
TEST_76054,D
TEST_76072,D
TEST_76084,C
TEST_76087,C
TEST_76091,D
TEST_76096,C
TEST_76100,D
TEST_76101,D
TEST_76107,C
TEST_76109,D
TEST_76125,D
TEST_76126,D
TEST_76130,D
TEST_76137,D
TEST_76144,C
TEST_76145,D
TEST_76153,C
TEST_76156,C
TEST_76157,D
TEST_76162,C
TEST_76164,D
TEST_76168,D
TEST_76174,C
TEST_76178,D
TEST_76181,D
TEST_76185,D
TEST_76194,C
TEST_76218,D
TEST_76223,D
TEST_76224,C
TEST_76226,C
TEST_76227,C
TEST_76234,D
TEST_76240,D
TEST_76241,D
TEST_76251,D
TEST_76252,D
TEST_76254,C
TEST_76256,C
TEST_76262,C
TEST_76273,C
TEST_76274,D
TEST_76285,D
TEST_76290,D
TEST_76294,D
TEST_76303,D
TEST_76311,D
TEST_76317,D
TEST_76319,D
TEST_76326,D
TEST_76329,D
TEST_76330,C
TEST_76332,D
TEST_76338,C
TEST_76339,D
TEST_76353,C
TEST_76370,D
TEST_76376,D
TEST_76379,D
TEST_76386,D
TEST_76387,D
TEST_76390,C
TEST_76393,D
TEST_76394,D
TEST_76401,D
TEST_76402,D
TEST_76415,D
TEST_76417,D
TEST_76421,C
TEST_76430,C
TEST_76432,C
TEST_76435,D
TEST_76450,C
TEST_76455,C
TEST_76457,D
TEST_76462,C
TEST_76482,D
TEST_76484,D
TEST_76490,D
TEST_76495,C
TEST_76508,D
TEST_76509,D
TEST_76513,D
TEST_76514,D
TEST_76519,C
TEST_76532,D
TEST_76533,C
TEST_76536,D
TEST_76547,C
TEST_76549,D
TEST_76552,D
TEST_76554,D
TEST_76560,C
TEST_76562,C
TEST_76563,C
TEST_76566,D
TEST_76580,D
TEST_76582,D
TEST_76600,C
TEST_76615,D
TEST_76616,D
TEST_76623,D
TEST_76628,D
TEST_76629,D
TEST_76631,D
TEST_76637,D
TEST_76645,C
TEST_76646,D
TEST_76649,D
TEST_76650,C
TEST_76671,D
TEST_76683,D
TEST_76689,D
TEST_76709,D
TEST_76713,D
TEST_76720,D
TEST_76722,C
TEST_76728,D
TEST_76729,D
TEST_76732,D
TEST_76734,D
TEST_76735,C
TEST_76741,C
TEST_76746,D
TEST_76749,D
TEST_76750,D
TEST_76752,C
TEST_76754,D
TEST_76755,D
TEST_76760,C
TEST_76771,D
TEST_76774,D
TEST_76776,C
TEST_76778,C
TEST_76785,D
TEST_76810,D
TEST_76820,C
TEST_76827,C
TEST_76828,D
TEST_76832,C
TEST_76834,D
TEST_76841,D
TEST_76852,D
TEST_76860,D
TEST_76870,D
TEST_76891,D
TEST_76894,C
TEST_76899,C
TEST_76924,C
TEST_76928,D
TEST_76935,D
TEST_76940,C
TEST_76955,D
TEST_76957,C
TEST_76961,D
TEST_76963,D
TEST_76968,D
TEST_76972,C
TEST_76974,C
TEST_76979,D
TEST_76980,D
TEST_76983,C
TEST_76989,C
TEST_76998,C
TEST_77009,C
TEST_77023,C
TEST_77040,D
TEST_77044,C
TEST_77045,D
TEST_77055,C
TEST_77077,D
TEST_77079,D
TEST_77083,D
TEST_77087,D
TEST_77091,D
TEST_77092,D
TEST_77096,D
TEST_77100,D
TEST_77102,D
TEST_77107,D
TEST_77110,D
TEST_77114,C
TEST_77120,C
TEST_77121,D
TEST_77126,C
TEST_77136,D
TEST_77167,C
TEST_77187,D
TEST_77188,D
TEST_77190,C
TEST_77200,C
TEST_77210,D
TEST_77216,D
TEST_77222,D
TEST_77226,C
TEST_77230,D
TEST_77233,C
TEST_77243,D
TEST_77247,D
TEST_77252,D
TEST_77253,D
TEST_77257,D
TEST_77263,D
TEST_77268,C
TEST_77272,D
TEST_77273,C
TEST_77277,D
TEST_77278,D
TEST_77280,D
TEST_77312,D
TEST_77314,D
TEST_77343,D
TEST_77361,D
TEST_77362,D
TEST_77363,D
TEST_77370,C
TEST_77372,C
TEST_77376,C
TEST_77383,D
TEST_77385,D
TEST_77389,C
TEST_77390,D
TEST_77393,D
TEST_77397,C
TEST_77400,D
TEST_77415,C
TEST_77416,C
TEST_77418,D
TEST_77426,D
TEST_77446,D
TEST_77458,D
TEST_77460,D
TEST_77462,D
TEST_77463,C
TEST_77465,C
TEST_77475,C
TEST_77485,D
TEST_77486,D
TEST_77487,D
TEST_77492,C
TEST_77503,D
TEST_77505,D
TEST_77506,D
TEST_77518,D
TEST_77526,C
TEST_77529,D
TEST_77536,D
TEST_77538,C
TEST_77540,D
TEST_77544,C
TEST_77560,C
TEST_77583,D
TEST_77584,D
TEST_77590,D
TEST_77593,C
TEST_77596,C
TEST_77601,D
TEST_77602,D
TEST_77608,D
TEST_77614,C
TEST_77616,D
TEST_77623,D
TEST_77627,D
TEST_77639,D
TEST_77642,D
TEST_77660,D
TEST_77663,D
TEST_77683,C
TEST_77690,C
TEST_77699,D
TEST_77715,C
TEST_77719,D
TEST_77720,D
TEST_77727,D
TEST_77729,D
TEST_77732,C
TEST_77734,C
TEST_77739,D
TEST_77741,D
TEST_77750,D
TEST_77760,D
TEST_77763,D
TEST_77768,C
TEST_77774,D
TEST_77784,D
TEST_77792,D
TEST_77800,C
TEST_77816,D
TEST_77820,D
TEST_77835,D
TEST_77836,C
TEST_77839,D
TEST_77845,C
TEST_77858,C
TEST_77866,D
TEST_77868,D
TEST_77869,C
TEST_77890,D
TEST_77897,D
TEST_77898,D
TEST_77902,D
TEST_77907,D
TEST_77908,D
TEST_77923,C
TEST_77925,D
TEST_77936,D
TEST_77937,C
TEST_77943,D
TEST_77947,D
TEST_77952,D
TEST_77974,D
TEST_77978,D
TEST_77996,D
TEST_77998,C
TEST_78011,D
TEST_78013,D
TEST_78015,D
TEST_78020,D
TEST_78033,D
TEST_78036,D
TEST_78041,C
TEST_78045,D
TEST_78046,D
TEST_78054,D
TEST_78058,D
TEST_78076,D
TEST_78077,D
TEST_78080,D
TEST_78082,D
TEST_78085,C
TEST_78092,C
TEST_78112,C
TEST_78116,D
TEST_78117,D
TEST_78118,D
TEST_78120,D
TEST_78122,C
TEST_78123,D
TEST_78130,D
TEST_78132,C
TEST_78143,C
TEST_78144,D
TEST_78149,C
TEST_78157,D
TEST_78165,C
TEST_78166,C
TEST_78167,C
TEST_78182,D
TEST_78183,D
TEST_78188,C
TEST_78190,D
TEST_78196,C
TEST_78200,D
TEST_78202,C
TEST_78217,D
TEST_78220,D
TEST_78234,D
TEST_78238,C
TEST_78246,C
TEST_78249,D
TEST_78255,D
TEST_78256,C
TEST_78257,C
TEST_78259,D
TEST_78264,D
TEST_78267,C
TEST_78271,D
TEST_78288,D
TEST_78289,D
TEST_78291,D
TEST_78296,C
TEST_78307,C
TEST_78308,C
TEST_78313,D
TEST_78322,D
TEST_78329,C
TEST_78337,D
TEST_78338,C
TEST_78346,C
TEST_78354,C
TEST_78368,C
TEST_78369,D
TEST_78370,D
TEST_78371,C
TEST_78378,D
TEST_78382,C
TEST_78389,D
TEST_78392,C
TEST_78395,C
TEST_78396,C
TEST_78403,D
TEST_78406,D
TEST_78415,C
TEST_78417,C
TEST_78430,D
TEST_78440,C
TEST_78446,D
TEST_78470,D
TEST_78476,C
TEST_78491,C
TEST_78492,D
TEST_78515,D
TEST_78519,C
TEST_78527,D
TEST_78528,D
TEST_78537,D
TEST_78548,C
TEST_78572,D
TEST_78577,D
TEST_78584,D
TEST_78588,C
TEST_78592,C
TEST_78598,D
TEST_78606,D
TEST_78609,D
TEST_78623,D
TEST_78631,D
TEST_78632,C
TEST_78643,D
TEST_78661,C
TEST_78665,C
TEST_78668,D
TEST_78672,D
TEST_78677,D
TEST_78682,D
TEST_78685,D
TEST_78691,C
TEST_78704,D
TEST_78710,D
TEST_78723,D
TEST_78727,D
TEST_78734,C
TEST_78735,D
TEST_78739,D
TEST_78740,D
TEST_78742,C
TEST_78743,C
TEST_78750,D
TEST_78752,D
TEST_78754,D
TEST_78756,C
TEST_78759,C
TEST_78769,D
TEST_78772,D
TEST_78782,C
TEST_78784,D
TEST_78788,C
TEST_78796,D
TEST_78799,D
TEST_78806,C
TEST_78808,D
TEST_78816,D
TEST_78817,D
TEST_78819,C
TEST_78824,C
TEST_78830,D
TEST_78836,C
TEST_78840,D
TEST_78875,D
TEST_78902,D
TEST_78927,D
TEST_78935,C
TEST_78937,D
TEST_78942,D
TEST_78948,D
TEST_78950,D
TEST_78954,D
TEST_78956,D
TEST_78999,D
TEST_79009,C
TEST_79012,C
TEST_79013,D
TEST_79016,D
TEST_79028,D
TEST_79034,D
TEST_79064,C
TEST_79065,C
TEST_79067,D
TEST_79069,D
TEST_79071,D
TEST_79072,C
TEST_79093,C
TEST_79099,D
TEST_79105,D
TEST_79114,D
TEST_79124,D
TEST_79134,D
TEST_79141,C
TEST_79153,C
TEST_79156,D
TEST_79168,C
TEST_79174,D
TEST_79176,D
TEST_79184,D
TEST_79189,D
TEST_79191,D
TEST_79198,D
TEST_79206,C
TEST_79213,D
TEST_79239,D
TEST_79251,D
TEST_79256,C
TEST_79282,C
TEST_79283,D
TEST_79284,D
TEST_79293,D
TEST_79295,D
TEST_79301,D
TEST_79304,D
TEST_79305,D
TEST_79312,D
TEST_79315,D
TEST_79337,C
TEST_79352,D
TEST_79365,D
TEST_79377,D
TEST_79382,C
TEST_79385,D
TEST_79391,D
TEST_79393,D
TEST_79398,D
TEST_79401,D
TEST_79402,C
TEST_79407,C
TEST_79415,D
TEST_79418,D
TEST_79421,D
TEST_79427,D
TEST_79449,D
TEST_79456,C
TEST_79461,D
TEST_79463,D
TEST_79467,D
TEST_79475,D
TEST_79481,D
TEST_79482,D
TEST_79485,C
TEST_79486,D
TEST_79487,D
TEST_79488,C
TEST_79496,C
TEST_79503,D
TEST_79506,C
TEST_79512,C
TEST_79514,D
TEST_79515,D
TEST_79519,D
TEST_79531,C
TEST_79532,D
TEST_79540,D
TEST_79544,D
TEST_79548,D
TEST_79552,D
TEST_79558,C
TEST_79563,D
TEST_79578,C
TEST_79585,D
TEST_79592,D
TEST_79601,C
TEST_79604,D
TEST_79611,C
TEST_79613,D
TEST_79617,D
TEST_79627,C
TEST_79628,C
TEST_79644,C
TEST_79645,D
TEST_79648,D
TEST_79662,D
TEST_79668,C
TEST_79685,C
TEST_79691,C
TEST_79692,D
TEST_79693,D
TEST_79707,D
TEST_79711,D
TEST_79713,D
TEST_79730,C
TEST_79742,D
TEST_79743,D
TEST_79746,C
TEST_79749,D
TEST_79750,D
TEST_79752,D
TEST_79754,D
TEST_79766,D
TEST_79775,D
TEST_79776,D
TEST_79789,D
TEST_79795,C
TEST_79806,D
TEST_79808,D
TEST_79816,D
TEST_79824,D
TEST_79836,D
TEST_79838,D
TEST_79839,D
TEST_79847,D
TEST_79851,D
TEST_79864,D
TEST_79877,C
TEST_79878,C
TEST_79890,C
TEST_79911,D
TEST_79930,D
TEST_79932,C
TEST_79947,D
TEST_79951,D
TEST_79956,D
TEST_79958,D
TEST_79961,D
TEST_79975,D
TEST_79983,D
TEST_79988,D
TEST_79992,D
TEST_79993,D
TEST_79996,C
TEST_79997,D
TEST_80000,D
TEST_80006,D
TEST_80024,D
TEST_80026,D
TEST_80032,D
TEST_80051,D
TEST_80061,C
TEST_80065,D
TEST_80067,C
TEST_80068,C
TEST_80075,D
TEST_80078,D
TEST_80082,D
TEST_80083,D
TEST_80094,C
TEST_80102,D
TEST_80109,D
TEST_80114,C
TEST_80120,C
TEST_80121,D
TEST_80132,D
TEST_80139,D
TEST_80146,D
TEST_80150,D
TEST_80154,D
TEST_80163,D
TEST_80169,C
TEST_80178,D
TEST_80179,C
TEST_80185,D
TEST_80206,D
TEST_80212,C
TEST_80217,C
TEST_80221,D
TEST_80225,D
TEST_80231,D
TEST_80236,C
TEST_80242,C
TEST_80245,C
TEST_80257,C
TEST_80260,D
TEST_80263,D
TEST_80266,D
TEST_80270,C
TEST_80274,D
TEST_80275,C
TEST_80276,D
TEST_80277,D
TEST_80278,C
TEST_80279,C
TEST_80281,C
TEST_80288,D
TEST_80292,D
TEST_80296,D
TEST_80297,D
TEST_80312,D
TEST_80319,D
TEST_80326,C
TEST_80328,C
TEST_80341,C
TEST_80347,D
TEST_80356,D
TEST_80369,D
TEST_80377,D
TEST_80390,D
TEST_80392,D
TEST_80395,D
TEST_80400,D
TEST_80406,D
TEST_80409,D
TEST_80414,D
TEST_80415,D
TEST_80421,C
TEST_80428,D
TEST_80430,D
TEST_80438,C
TEST_80444,D
TEST_80447,C
TEST_80450,D
TEST_80451,C
TEST_80463,D
TEST_80475,D
TEST_80477,D
TEST_80485,D
TEST_80487,D
TEST_80488,C
TEST_80490,C
TEST_80498,D
TEST_80509,D
TEST_80512,D
TEST_80514,D
TEST_80518,C
TEST_80527,C
TEST_80528,D
TEST_80529,C
TEST_80539,C
TEST_80542,D
TEST_80553,D
TEST_80572,D
TEST_80578,D
TEST_80595,D
TEST_80601,D
TEST_80606,D
TEST_80615,D
TEST_80624,D
TEST_80642,C
TEST_80648,D
TEST_80651,D
TEST_80652,D
TEST_80653,D
TEST_80662,D
TEST_80670,C
TEST_80673,D
TEST_80676,D
TEST_80690,D
TEST_80709,D
TEST_80713,C
TEST_80714,C
TEST_80717,D
TEST_80725,C
TEST_80733,D
TEST_80740,C
TEST_80742,D
TEST_80743,C
TEST_80749,D
TEST_80757,D
TEST_80758,C
TEST_80769,D
TEST_80772,D
TEST_80782,D
TEST_80798,D
TEST_80800,D
TEST_80816,D
TEST_80817,D
TEST_80820,D
TEST_80824,D
TEST_80825,C
TEST_80832,C
TEST_80844,D
TEST_80846,D
TEST_80848,D
TEST_80849,D
TEST_80850,D
TEST_80854,D
TEST_80856,C
TEST_80868,D
TEST_80873,C
TEST_80883,D
TEST_80891,D
TEST_80897,D
TEST_80899,D
TEST_80903,D
TEST_80904,D
TEST_80915,C
TEST_80919,C
TEST_80926,C
TEST_80931,D
TEST_80936,D
TEST_80939,C
TEST_80942,D
TEST_80947,D
TEST_80951,C
TEST_80953,D
TEST_80955,D
TEST_80957,C
TEST_80958,D
TEST_80963,C
TEST_80970,D
TEST_80982,D
TEST_80983,C
TEST_80985,D
TEST_80998,C
TEST_81008,D
TEST_81013,D
TEST_81014,C
TEST_81018,C
TEST_81019,D
TEST_81024,D
TEST_81028,C
TEST_81029,D
TEST_81033,D
TEST_81037,D
TEST_81038,D
TEST_81042,D
TEST_81050,D
TEST_81055,D
TEST_81056,C
TEST_81058,D
TEST_81060,C
TEST_81066,D
TEST_81068,D
TEST_81081,D
TEST_81083,D
TEST_81092,D
TEST_81097,D
TEST_81098,D
TEST_81101,C
TEST_81109,D
TEST_81114,C
TEST_81116,C
TEST_81123,D
TEST_81124,D
TEST_81132,D
TEST_81134,C
TEST_81143,C
TEST_81151,D
TEST_81159,D
TEST_81164,D
TEST_81173,D
TEST_81191,C
TEST_81195,C
TEST_81196,D
TEST_81203,D
TEST_81206,D
TEST_81208,C
TEST_81210,D
TEST_81213,D
TEST_81216,C
TEST_81258,C
TEST_81262,D
TEST_81265,D
TEST_81270,C
TEST_81273,C
TEST_81282,D
TEST_81284,D
TEST_81285,D
TEST_81298,D
TEST_81304,D
TEST_81305,C
TEST_81315,C
TEST_81321,D
TEST_81322,C
TEST_81339,C
TEST_81342,D
TEST_81357,C
TEST_81367,D
TEST_81374,D
TEST_81388,D
TEST_81398,D
TEST_81412,C
TEST_81415,C
TEST_81420,D
TEST_81422,D
TEST_81424,D
TEST_81436,C
TEST_81452,C
TEST_81464,D
TEST_81482,D
TEST_81493,C
TEST_81509,D
TEST_81512,D
TEST_81520,D
TEST_81524,C
TEST_81529,D
TEST_81532,D
TEST_81536,D
TEST_81537,C
TEST_81548,C
TEST_81549,D
TEST_81556,D
TEST_81561,D
TEST_81574,D
TEST_81576,D
TEST_81585,D
TEST_81589,D
TEST_81598,C
TEST_81610,D
TEST_81611,D
TEST_81617,D
TEST_81631,D
TEST_81636,D
TEST_81638,D
TEST_81640,C
TEST_81644,C
TEST_81647,C
TEST_81649,C
TEST_81658,D
TEST_81659,C
TEST_81662,D
TEST_81663,C
TEST_81672,C
TEST_81677,D
TEST_81679,C
TEST_81692,C
TEST_81696,C
TEST_81705,D
TEST_81710,D
TEST_81711,D
TEST_81712,C
TEST_81715,D
TEST_81717,D
TEST_81721,D
TEST_81723,C
TEST_81726,D
TEST_81743,C
TEST_81763,D
TEST_81764,D
TEST_81766,D
TEST_81772,C
TEST_81774,D
TEST_81778,D
TEST_81779,D
TEST_81784,D
TEST_81785,D
TEST_81791,D
TEST_81793,D
TEST_81796,C
TEST_81797,C
TEST_81799,D
TEST_81800,C
TEST_81801,D
TEST_81805,D
TEST_81806,C
TEST_81807,D
TEST_81810,D
TEST_81811,C
TEST_81812,C
TEST_81813,D
TEST_81817,D
TEST_81820,D
TEST_81829,C
TEST_81831,D
TEST_81833,D
TEST_81834,D
TEST_81843,C
TEST_81849,D
TEST_81856,D
TEST_81858,D
TEST_81864,C
TEST_81867,D
TEST_81868,D
TEST_81871,C
TEST_81876,D
TEST_81879,D
TEST_81884,D
TEST_81899,D
TEST_81900,D
TEST_81904,D
TEST_81916,D
TEST_81921,D
TEST_81923,D
TEST_81927,D
TEST_81933,D
TEST_81937,D
TEST_81940,D
TEST_81946,D
TEST_81958,D
TEST_81964,C
TEST_81966,C
TEST_81971,C
TEST_81988,D
TEST_81991,D
TEST_81993,D
TEST_81994,C
TEST_82001,D
TEST_82015,D
TEST_82019,D
TEST_82020,C
TEST_82025,C
TEST_82037,D
TEST_82047,D
TEST_82048,D
TEST_82050,C
TEST_82055,D
TEST_82069,C
TEST_82076,C
TEST_82080,D
TEST_82083,D
TEST_82090,D
TEST_82091,D
TEST_82104,D
TEST_82107,D
TEST_82114,D
TEST_82119,D
TEST_82121,D
TEST_82136,D
TEST_82142,D
TEST_82147,D
TEST_82150,D
TEST_82152,D
TEST_82153,D
TEST_82156,D
TEST_82158,D
TEST_82161,D
TEST_82162,D
TEST_82172,C
TEST_82173,D
TEST_82178,D
TEST_82187,D
TEST_82190,D
TEST_82201,D
TEST_82202,C
TEST_82203,D
TEST_82211,D
TEST_82220,D
TEST_82235,D
TEST_82237,D
TEST_82246,D
TEST_82248,D
TEST_82260,C
TEST_82265,D
TEST_82273,D
TEST_82275,D
TEST_82277,D
TEST_82290,D
TEST_82312,C
TEST_82313,C
TEST_82317,D
TEST_82321,D
TEST_82323,D
TEST_82328,C
TEST_82333,D
TEST_82335,D
TEST_82337,D
TEST_82340,C
TEST_82342,C
TEST_82351,C
TEST_82357,D
TEST_82359,D
TEST_82362,C
TEST_82375,D
TEST_82376,D
TEST_82393,D
TEST_82402,C
TEST_82403,C
TEST_82420,D
TEST_82421,C
TEST_82422,D
TEST_82431,D
TEST_82439,C
TEST_82442,D
TEST_82444,C
TEST_82451,C
TEST_82455,D
TEST_82460,D
TEST_82465,D
TEST_82466,D
TEST_82469,C
TEST_82470,D
TEST_82475,D
TEST_82483,C
TEST_82486,D
TEST_82487,C
TEST_82497,C
TEST_82498,C
TEST_82506,C
TEST_82518,D
TEST_82521,C
TEST_82522,D
TEST_82524,D
TEST_82528,C
TEST_82534,D
TEST_82538,D
TEST_82542,D
TEST_82548,D
TEST_82560,D
TEST_82561,D
TEST_82563,C
TEST_82571,D
TEST_82575,D
TEST_82576,D
TEST_82577,D
TEST_82578,D
TEST_82584,C
TEST_82591,D
TEST_82610,D
TEST_82615,D
TEST_82617,C
TEST_82625,D
TEST_82644,D
TEST_82645,C
TEST_82661,D
TEST_82668,C
TEST_82673,D
TEST_82674,D
TEST_82675,C
TEST_82677,C
TEST_82686,D
TEST_82695,D
TEST_82698,D
TEST_82704,D
TEST_82713,D
TEST_82721,D
TEST_82725,D
TEST_82734,D
TEST_82744,D
TEST_82765,D
TEST_82767,C
TEST_82770,C
TEST_82776,C
TEST_82778,C
TEST_82791,D
TEST_82793,D
TEST_82798,C
TEST_82803,D
TEST_82806,D
TEST_82814,D
TEST_82817,C
TEST_82819,D
TEST_82836,C
TEST_82837,C
TEST_82838,D
TEST_82850,D
TEST_82851,D
TEST_82855,D
TEST_82858,D
TEST_82866,D
TEST_82867,C
TEST_82877,D
TEST_82880,D
TEST_82883,C
TEST_82903,C
TEST_82925,C
TEST_82942,D
TEST_82943,D
TEST_82957,D
TEST_82968,D
TEST_82973,D
TEST_82990,D
TEST_82993,C
TEST_82994,D
TEST_82999,C
TEST_83001,D
TEST_83004,D
TEST_83010,D
TEST_83014,C
TEST_83019,D
TEST_83034,C
TEST_83043,D
TEST_83045,C
TEST_83059,D
TEST_83061,C
TEST_83066,D
TEST_83067,D
TEST_83082,C
TEST_83085,D
TEST_83086,D
TEST_83097,D
TEST_83111,D
TEST_83116,D
TEST_83117,D
TEST_83119,C
TEST_83123,C
TEST_83128,D
TEST_83131,D
TEST_83132,D
TEST_83149,D
TEST_83151,D
TEST_83154,D
TEST_83155,D
TEST_83156,D
TEST_83160,C
TEST_83161,D
TEST_83167,D
TEST_83174,D
TEST_83176,C
TEST_83177,D
TEST_83185,D
TEST_83190,D
TEST_83192,C
TEST_83202,D
TEST_83207,D
TEST_83213,D
TEST_83219,D
TEST_83220,D
TEST_83226,D
TEST_83227,C
TEST_83235,D
TEST_83236,D
TEST_83238,C
TEST_83239,D
TEST_83242,D
TEST_83243,C
TEST_83254,D
TEST_83256,D
TEST_83260,D
TEST_83261,D
TEST_83264,D
TEST_83267,D
TEST_83271,D
TEST_83272,D
TEST_83277,C
TEST_83284,D
TEST_83300,D
TEST_83308,D
TEST_83309,D
TEST_83313,D
TEST_83319,C
TEST_83324,D
TEST_83327,C
TEST_83328,D
TEST_83332,D
TEST_83340,D
TEST_83342,C
TEST_83343,C
TEST_83346,D
TEST_83356,D
TEST_83359,D
TEST_83362,D
TEST_83363,D
TEST_83371,D
TEST_83372,D
TEST_83373,D
TEST_83376,D
TEST_83378,D
TEST_83379,D
TEST_83381,D
TEST_83387,D
TEST_83391,D
TEST_83398,C
TEST_83402,D
TEST_83405,D
TEST_83428,D
TEST_83430,D
TEST_83435,C
TEST_83440,D
TEST_83443,D
TEST_83470,C
TEST_83484,D
TEST_83486,D
TEST_83489,D
TEST_83490,C
TEST_83497,C
TEST_83505,C
TEST_83506,D
TEST_83513,D
TEST_83514,D
TEST_83524,D
TEST_83538,D
TEST_83543,C
TEST_83546,D
TEST_83548,C
TEST_83549,D
TEST_83552,D
TEST_83555,D
TEST_83563,D
TEST_83566,D
TEST_83567,D
TEST_83568,D
TEST_83569,D
TEST_83572,D
TEST_83587,C
TEST_83603,D
TEST_83605,D
TEST_83607,D
TEST_83608,C
TEST_83614,D
TEST_83618,D
TEST_83629,C
TEST_83641,C
TEST_83644,D
TEST_83655,D
TEST_83657,D
TEST_83672,C
TEST_83673,D
TEST_83674,D
TEST_83676,D
TEST_83678,D
TEST_83688,D
TEST_83690,D
TEST_83693,D
TEST_83706,C
TEST_83717,D
TEST_83718,C
TEST_83727,D
TEST_83730,D
TEST_83735,C
TEST_83740,D
TEST_83744,C
TEST_83755,D
TEST_83757,C
TEST_83761,D
TEST_83763,D
TEST_83771,D
TEST_83778,D
TEST_83792,D
TEST_83805,D
TEST_83807,D
TEST_83808,D
TEST_83812,C
TEST_83813,D
TEST_83815,D
TEST_83819,C
TEST_83821,D
TEST_83826,D
TEST_83830,D
TEST_83835,C
TEST_83842,C
TEST_83847,D
TEST_83850,C
TEST_83852,D
TEST_83857,D
TEST_83865,D
TEST_83868,D
TEST_83869,C
TEST_83872,D
TEST_83873,C
TEST_83888,D
TEST_83890,D
TEST_83897,D
TEST_83901,D
TEST_83906,D
TEST_83912,D
TEST_83917,D
TEST_83920,D
TEST_83929,D
TEST_83933,D
TEST_83934,D
TEST_83935,C
TEST_83949,D
TEST_83952,D
TEST_83958,D
TEST_83959,D
TEST_83972,D
TEST_83974,C
TEST_83977,D
TEST_84001,D
TEST_84009,D
TEST_84012,C
TEST_84030,D
TEST_84038,D
TEST_84041,D
TEST_84046,D
TEST_84049,D
TEST_84050,D
TEST_84058,D
TEST_84069,D
TEST_84072,C
TEST_84073,D
TEST_84074,D
TEST_84076,C
TEST_84082,D
TEST_84099,C
TEST_84100,D
TEST_84102,D
TEST_84110,C
TEST_84120,D
TEST_84129,D
TEST_84145,D
TEST_84159,C
TEST_84165,C
TEST_84172,D
TEST_84173,D
TEST_84175,D
TEST_84182,C
TEST_84185,C
TEST_84220,C
TEST_84222,D
TEST_84225,D
TEST_84241,C
TEST_84244,D
TEST_84250,C
TEST_84252,D
TEST_84253,C
TEST_84256,D
TEST_84261,C
TEST_84265,D
TEST_84266,D
TEST_84268,D
TEST_84271,D
TEST_84272,D
TEST_84280,D
TEST_84288,C
TEST_84292,C
TEST_84294,D
TEST_84317,D
TEST_84319,C
TEST_84330,C
TEST_84333,D
TEST_84334,D
TEST_84344,C
TEST_84374,C
TEST_84375,C
TEST_84384,D
TEST_84392,C
TEST_84395,D
TEST_84401,D
TEST_84427,D
TEST_84432,D
TEST_84438,D
TEST_84440,C
TEST_84442,D
TEST_84453,D
TEST_84458,D
TEST_84459,D
TEST_84462,C
TEST_84477,D
TEST_84478,D
TEST_84479,D
TEST_84482,C
TEST_84495,D
TEST_84501,D
TEST_84505,D
TEST_84506,C
TEST_84513,D
TEST_84514,D
TEST_84515,D
TEST_84516,D
TEST_84517,D
TEST_84530,C
TEST_84531,D
TEST_84532,C
TEST_84543,C
TEST_84547,D
TEST_84549,C
TEST_84557,D
TEST_84563,D
TEST_84570,C
TEST_84582,D
TEST_84598,D
TEST_84601,D
TEST_84609,C
TEST_84617,C
TEST_84622,C
TEST_84624,D
TEST_84648,D
TEST_84652,D
TEST_84657,D
TEST_84664,D
TEST_84680,C
TEST_84684,D
TEST_84689,D
TEST_84692,D
TEST_84694,C
TEST_84700,D
TEST_84709,D
TEST_84712,C
TEST_84722,C
TEST_84748,C
TEST_84752,C
TEST_84755,D
TEST_84761,D
TEST_84785,D
TEST_84790,D
TEST_84792,C
TEST_84797,D
TEST_84799,D
TEST_84804,D
TEST_84807,C
TEST_84808,C
TEST_84810,D
TEST_84812,D
TEST_84841,D
TEST_84849,D
TEST_84860,D
TEST_84861,C
TEST_84865,C
TEST_84866,D
TEST_84867,C
TEST_84879,C
TEST_84894,C
TEST_84899,D
TEST_84901,C
TEST_84904,C
TEST_84908,C
TEST_84913,D
TEST_84935,C
TEST_84962,D
TEST_84971,D
TEST_84974,D
TEST_84978,C
TEST_84979,D
TEST_84984,D
TEST_84993,C
TEST_85001,C
TEST_85003,D
TEST_85008,D
TEST_85017,D
TEST_85019,D
TEST_85020,C
TEST_85022,C
TEST_85027,C
TEST_85028,D
TEST_85052,D
TEST_85054,D
TEST_85055,C
TEST_85056,D
TEST_85057,C
TEST_85060,D
TEST_85071,C
TEST_85078,D
TEST_85084,C
TEST_85089,D
TEST_85092,D
TEST_85096,D
TEST_85098,C
TEST_85102,C
TEST_85107,D
TEST_85113,C
TEST_85119,D
TEST_85121,C
TEST_85124,D
TEST_85126,C
TEST_85132,D
TEST_85145,D
TEST_85149,C
TEST_85150,D
TEST_85153,C
TEST_85157,D
TEST_85162,D
TEST_85170,D
TEST_85171,C
TEST_85176,D
TEST_85180,D
TEST_85193,D
TEST_85194,D
TEST_85203,D
TEST_85224,D
TEST_85235,D
TEST_85241,D
TEST_85244,C
TEST_85253,C
TEST_85258,C
TEST_85272,D
TEST_85278,C
TEST_85283,C
TEST_85298,D
TEST_85302,D
TEST_85305,C
TEST_85307,D
TEST_85312,D
TEST_85313,D
TEST_85322,C
TEST_85324,D
TEST_85325,D
TEST_85332,D
TEST_85335,C
TEST_85337,C
TEST_85339,C
TEST_85349,C
TEST_85368,C
TEST_85380,D
TEST_85385,C
TEST_85386,D
TEST_85396,D
TEST_85397,C
TEST_85402,D
TEST_85407,D
TEST_85415,D
TEST_85417,D
TEST_85419,D
TEST_85431,D
TEST_85437,D
TEST_85440,C
TEST_85449,C
TEST_85470,D
TEST_85490,D
TEST_85491,D
TEST_85492,D
TEST_85497,D
TEST_85498,D
TEST_85500,D
TEST_85503,D
TEST_85530,D
TEST_85533,D
TEST_85537,D
TEST_85546,D
TEST_85549,C
TEST_85556,D
TEST_85560,D
TEST_85567,C
TEST_85569,C
TEST_85571,D
TEST_85577,D
TEST_85581,D
TEST_85594,D
TEST_85597,D
TEST_85603,C
TEST_85615,D
TEST_85616,D
TEST_85618,D
TEST_85626,D
TEST_85628,D
TEST_85632,D
TEST_85636,D
TEST_85638,D
TEST_85644,C
TEST_85647,D
TEST_85650,D
TEST_85681,D
TEST_85686,D
TEST_85697,D
TEST_85714,D
TEST_85718,D
TEST_85729,D
TEST_85741,C
TEST_85745,D
TEST_85746,D
TEST_85751,C
TEST_85772,D
TEST_85777,D
TEST_85779,D
TEST_85781,D
TEST_85783,C
TEST_85787,D
TEST_85798,C
TEST_85800,D
TEST_85806,D
TEST_85809,C
TEST_85813,D
TEST_85814,D
TEST_85820,D
TEST_85825,D
TEST_85831,D
TEST_85842,D
TEST_85843,D
TEST_85856,D
TEST_85869,D
TEST_85875,D
TEST_85878,D
TEST_85883,C
TEST_85886,C
TEST_85889,C
TEST_85901,D
TEST_85902,D
TEST_85907,D
TEST_85928,C
TEST_85932,D
TEST_85935,C
TEST_85937,C
TEST_85939,C
TEST_85941,C
TEST_85942,D
TEST_85966,C
TEST_85974,D
TEST_85977,D
TEST_85978,D
TEST_85990,D
TEST_86006,C
TEST_86008,D
TEST_86009,C
TEST_86015,D
TEST_86018,D
TEST_86022,D
TEST_86024,D
TEST_86044,D
TEST_86046,D
TEST_86047,D
TEST_86051,D
TEST_86064,D
TEST_86066,D
TEST_86068,D
TEST_86074,C
TEST_86081,D
TEST_86089,C
TEST_86091,D
TEST_86100,C
TEST_86101,D
TEST_86103,D
TEST_86106,D
TEST_86122,D
TEST_86128,D
TEST_86147,D
TEST_86151,D
TEST_86154,D
TEST_86167,C
TEST_86174,D
TEST_86175,D
TEST_86178,C
TEST_86188,D
TEST_86198,C
TEST_86199,D
TEST_86218,D
TEST_86244,D
TEST_86246,D
TEST_86251,D
TEST_86259,D
TEST_86264,D
TEST_86269,C
TEST_86270,C
TEST_86286,D
TEST_86293,D
TEST_86304,D
TEST_86305,C
TEST_86306,D
TEST_86310,D
TEST_86313,C
TEST_86315,C
TEST_86319,D
TEST_86328,C
TEST_86331,D
TEST_86335,D
TEST_86344,C
TEST_86350,D
TEST_86355,D
TEST_86357,C
TEST_86363,D
TEST_86365,D
TEST_86372,C
TEST_86373,C
TEST_86380,D
TEST_86382,D
TEST_86394,D
TEST_86395,D
TEST_86397,C
TEST_86402,C
TEST_86407,D
TEST_86421,D
TEST_86431,D
TEST_86435,C
TEST_86437,D
TEST_86445,D
TEST_86476,D
TEST_86489,D
TEST_86497,D
TEST_86508,D
TEST_86532,C
TEST_86534,D
TEST_86541,D
TEST_86557,D
TEST_86566,D
TEST_86575,C
TEST_86576,D
TEST_86577,C
TEST_86579,D
TEST_86580,D
TEST_86586,D
TEST_86590,C
TEST_86600,C
TEST_86605,C
TEST_86620,D
TEST_86624,D
TEST_86625,D
TEST_86644,D
TEST_86650,C
TEST_86662,D
TEST_86664,D
TEST_86666,C
TEST_86670,C
TEST_86673,D
TEST_86687,C
TEST_86688,D
TEST_86693,C
TEST_86705,D
TEST_86707,C
TEST_86709,D
TEST_86715,D
TEST_86716,D
TEST_86721,C
TEST_86724,C
TEST_86735,C
TEST_86736,D
TEST_86749,D
TEST_86752,C
TEST_86756,D
TEST_86763,C
TEST_86765,C
TEST_86786,D
TEST_86798,C
TEST_86817,C
TEST_86826,C
TEST_86838,C
TEST_86841,C
TEST_86855,D
TEST_86856,D
TEST_86860,D
TEST_86863,D
TEST_86881,C
TEST_86885,D
TEST_86890,C
TEST_86906,D
TEST_86913,C
TEST_86914,D
TEST_86915,D
TEST_86924,D
TEST_86932,D
TEST_86933,D
TEST_86944,C
TEST_86952,C
TEST_86953,D
TEST_86955,D
TEST_86956,C
TEST_86967,C
TEST_86975,D
TEST_86982,C
TEST_86991,D
TEST_86993,C
TEST_86998,D
TEST_86999,D
TEST_87006,D
TEST_87010,D
TEST_87012,D
TEST_87020,D
TEST_87029,D
TEST_87030,C
TEST_87037,C
TEST_87049,D
TEST_87057,C
TEST_87060,C
TEST_87067,C
TEST_87087,C
TEST_87089,D
TEST_87096,D
TEST_87105,C
TEST_87106,D
TEST_87107,D
TEST_87113,D
TEST_87116,D
TEST_87124,D
TEST_87141,C
TEST_87142,D
TEST_87155,D
TEST_87165,C
TEST_87171,D
TEST_87200,D
TEST_87201,C
TEST_87212,D
TEST_87213,C
TEST_87230,D
TEST_87235,D
TEST_87237,D
TEST_87241,C
TEST_87249,D
TEST_87250,C
TEST_87257,C
TEST_87266,D
TEST_87282,D
TEST_87283,C
TEST_87292,D
TEST_87296,D
TEST_87301,D
TEST_87307,D
TEST_87313,C
TEST_87317,D
TEST_87318,D
TEST_87328,C
TEST_87338,D
TEST_87345,C
TEST_87353,C
TEST_87358,D
TEST_87369,D
TEST_87384,C
TEST_87391,D
TEST_87393,D
TEST_87398,D
TEST_87404,C
TEST_87412,D
TEST_87416,C
TEST_87423,D
TEST_87443,D
TEST_87457,C
TEST_87464,C
TEST_87471,D
TEST_87472,D
TEST_87481,D
TEST_87495,D
TEST_87496,D
TEST_87500,D
TEST_87504,D
TEST_87508,D
TEST_87517,D
TEST_87521,D
TEST_87526,D
TEST_87529,D
TEST_87531,D
TEST_87536,C
TEST_87546,D
TEST_87549,C
TEST_87550,D
TEST_87553,C
TEST_87555,D
TEST_87557,D
TEST_87558,D
TEST_87563,D
TEST_87572,D
TEST_87577,C
TEST_87580,C
TEST_87591,D
TEST_87593,D
TEST_87602,D
TEST_87610,C
TEST_87613,D
TEST_87615,C
TEST_87618,C
TEST_87620,D
TEST_87622,D
TEST_87634,D
TEST_87637,C
TEST_87648,D
TEST_87654,D
TEST_87660,C
TEST_87662,D
TEST_87664,C
TEST_87667,D
TEST_87679,C
TEST_87680,D
TEST_87691,C
TEST_87695,D
TEST_87714,D
TEST_87718,D
TEST_87723,D
TEST_87729,D
TEST_87741,D
TEST_87747,D
TEST_87751,D
TEST_87752,D
TEST_87757,D
TEST_87763,D
TEST_87774,D
TEST_87780,D
TEST_87781,D
TEST_87783,D
TEST_87784,D
TEST_87793,D
TEST_87797,C
TEST_87799,C
TEST_87802,C
TEST_87806,C
TEST_87815,C
TEST_87822,D
TEST_87828,D
TEST_87833,C
TEST_87844,D
TEST_87861,D
TEST_87865,D
TEST_87872,C
TEST_87873,D
TEST_87885,C
TEST_87886,C
TEST_87897,D
TEST_87905,D
TEST_87908,D
TEST_87909,D
TEST_87917,D
TEST_87919,D
TEST_87920,D
TEST_87933,D
TEST_87938,D
TEST_87939,D
TEST_87944,C
TEST_87952,D
TEST_87958,D
TEST_87961,D
TEST_87962,D
TEST_87965,D
TEST_87966,D
TEST_87969,C
TEST_87970,C
TEST_87974,C
TEST_87977,D
TEST_87986,C
TEST_87994,C
TEST_88008,C
TEST_88012,D
TEST_88022,D
TEST_88024,D
TEST_88025,D
TEST_88038,D
TEST_88056,D
TEST_88065,D
TEST_88071,C
TEST_88077,C
TEST_88088,D
TEST_88110,C
TEST_88113,D
TEST_88117,D
TEST_88120,D
TEST_88124,D
TEST_88125,D
TEST_88126,D
TEST_88139,D
TEST_88140,D
TEST_88145,C
TEST_88153,C
TEST_88157,D
TEST_88159,D
TEST_88161,C
TEST_88176,D
TEST_88179,C
TEST_88185,D
TEST_88209,C
TEST_88214,D
TEST_88215,D
TEST_88239,C
TEST_88247,C
TEST_88249,C
TEST_88251,D
TEST_88252,D
TEST_88254,C
TEST_88256,C
TEST_88257,C
TEST_88260,C
TEST_88261,D
TEST_88269,D
TEST_88270,D
TEST_88273,C
TEST_88276,D
TEST_88278,D
TEST_88280,D
TEST_88284,C
TEST_88287,C
TEST_88290,D
TEST_88302,C
TEST_88307,C
TEST_88308,C
TEST_88313,C
TEST_88327,D
TEST_88337,D
TEST_88342,C
TEST_88354,C
TEST_88359,C
TEST_88367,D
TEST_88375,D
TEST_88382,D
TEST_88388,D
TEST_88390,D
TEST_88394,D
TEST_88398,D
TEST_88404,C
TEST_88405,D
TEST_88406,D
TEST_88412,D
TEST_88418,C
TEST_88419,C
TEST_88421,C
TEST_88422,D
TEST_88429,D
TEST_88431,D
TEST_88445,C
TEST_88446,D
TEST_88451,D
TEST_88455,D
TEST_88460,C
TEST_88469,D
TEST_88474,D
TEST_88480,C
TEST_88506,C
TEST_88520,D
TEST_88536,D
TEST_88540,C
TEST_88541,C
TEST_88558,D
TEST_88559,C
TEST_88561,C
TEST_88589,D
TEST_88590,D
TEST_88592,D
TEST_88619,D
TEST_88620,D
TEST_88622,D
TEST_88633,C
TEST_88642,D
TEST_88643,C
TEST_88646,D
TEST_88647,D
TEST_88665,C
TEST_88676,C
TEST_88683,C
TEST_88689,D
TEST_88691,D
TEST_88693,D
TEST_88699,D
TEST_88711,D
TEST_88724,D
TEST_88743,D
TEST_88746,D
TEST_88749,C
TEST_88750,D
TEST_88765,D
TEST_88767,D
TEST_88780,C
TEST_88791,D
TEST_88793,C
TEST_88794,D
TEST_88795,D
TEST_88805,D
TEST_88809,D
TEST_88811,D
TEST_88823,C
TEST_88832,C
TEST_88834,D
TEST_88838,D
TEST_88840,D
TEST_88852,D
TEST_88857,C
TEST_88864,D
TEST_88865,D
TEST_88869,C
TEST_88871,D
TEST_88872,C
TEST_88873,C
TEST_88884,D
TEST_88890,C
TEST_88892,D
TEST_88899,D
TEST_88906,D
TEST_88907,D
TEST_88918,D
TEST_88920,C
TEST_88922,D
TEST_88927,C
TEST_88930,C
TEST_88933,D
TEST_88939,D
TEST_88952,D
TEST_88953,D
TEST_88960,D
TEST_88975,C
TEST_88988,D
TEST_88991,D
TEST_89004,D
TEST_89005,D
TEST_89006,D
TEST_89010,D
TEST_89011,C
TEST_89022,D
TEST_89029,D
TEST_89044,D
TEST_89049,C
TEST_89051,D
TEST_89055,C
TEST_89060,D
TEST_89071,D
TEST_89083,D
TEST_89088,D
TEST_89089,D
TEST_89091,D
TEST_89097,D
TEST_89099,D
TEST_89120,C
TEST_89121,C
TEST_89132,C
TEST_89139,D
TEST_89143,C
TEST_89144,D
TEST_89146,D
TEST_89147,D
TEST_89148,D
TEST_89154,C
TEST_89159,C
TEST_89164,D
TEST_89168,D
TEST_89169,C
TEST_89170,C
TEST_89174,C
TEST_89175,C
TEST_89184,D
TEST_89186,D
TEST_89204,D
TEST_89208,D
TEST_89217,C
TEST_89225,C
TEST_89229,D
TEST_89231,D
TEST_89232,C
TEST_89234,D
TEST_89250,D
TEST_89256,D
TEST_89257,C
TEST_89263,D
TEST_89267,C
TEST_89268,D
TEST_89269,D
TEST_89276,D
TEST_89279,C
TEST_89281,D
TEST_89283,D
TEST_89288,D
TEST_89302,D
TEST_89308,D
TEST_89323,D
TEST_89335,C
TEST_89336,D
TEST_89339,D
TEST_89341,D
TEST_89359,D
TEST_89360,D
TEST_89365,D
TEST_89367,D
TEST_89377,D
TEST_89378,D
TEST_89384,C
TEST_89391,D
TEST_89393,C
TEST_89400,C
TEST_89407,C
TEST_89416,D
TEST_89420,D
TEST_89434,D
TEST_89443,D
TEST_89450,C
TEST_89453,C
TEST_89464,C
TEST_89469,D
TEST_89476,C
TEST_89480,C
TEST_89483,D
TEST_89486,D
TEST_89487,D
TEST_89496,D
TEST_89503,C
TEST_89506,D
TEST_89509,D
TEST_89520,C
TEST_89533,C
TEST_89535,C
TEST_89539,D
TEST_89548,D
TEST_89555,D
TEST_89558,D
TEST_89565,D
TEST_89577,D
TEST_89587,D
TEST_89594,D
TEST_89597,C
TEST_89600,D
TEST_89611,C
TEST_89619,D
TEST_89624,D
TEST_89627,D
TEST_89633,C
TEST_89636,D
TEST_89639,D
TEST_89646,D
TEST_89649,D
TEST_89653,D
TEST_89654,D
TEST_89658,D
TEST_89659,D
TEST_89675,C
TEST_89690,D
TEST_89692,C
TEST_89699,C
TEST_89701,D
TEST_89708,C
TEST_89717,C
TEST_89731,D
TEST_89737,D
TEST_89742,C
TEST_89749,C
TEST_89754,D
TEST_89755,C
TEST_89761,D
TEST_89773,D
TEST_89774,D
TEST_89780,C
TEST_89790,C
TEST_89807,D
TEST_89815,C
TEST_89834,D
TEST_89838,C
TEST_89842,D
TEST_89874,D
TEST_89880,C
TEST_89887,D
TEST_89895,D
TEST_89911,D
TEST_89914,D
TEST_89920,D
TEST_89930,D
TEST_89933,D
TEST_89938,C
TEST_89939,D
TEST_89941,D
TEST_89942,D
TEST_89946,D
TEST_89950,C
TEST_89956,D
TEST_89957,D
TEST_89958,C
TEST_89960,D
TEST_89965,C
TEST_89967,C
TEST_89978,D
TEST_89979,D
TEST_89981,D
TEST_89989,C
TEST_89997,D
TEST_89999,D
TEST_90005,D
TEST_90006,D
TEST_90017,C
TEST_90021,C
TEST_90027,C
TEST_90030,D
TEST_90036,C
TEST_90037,C
TEST_90039,C
TEST_90041,C
TEST_90042,C
TEST_90047,D
TEST_90053,C
TEST_90067,D
TEST_90090,D
TEST_90093,D
TEST_90110,D
TEST_90112,C
TEST_90128,C
TEST_90134,D
TEST_90137,D
TEST_90141,D
TEST_90154,D
TEST_90162,D
TEST_90165,D
TEST_90174,D
TEST_90175,D
TEST_90177,D
TEST_90186,D
TEST_90187,D
TEST_90209,C
TEST_90210,C
TEST_90216,D
TEST_90219,D
TEST_90222,D
TEST_90225,D
TEST_90229,D
TEST_90233,C
TEST_90244,D
TEST_90266,D
TEST_90267,C
TEST_90273,D
TEST_90274,C
TEST_90278,D
TEST_90279,C
TEST_90283,D
TEST_90284,C
TEST_90288,C
TEST_90289,D
TEST_90296,D
TEST_90302,D
TEST_90305,D
TEST_90311,C
TEST_90322,C
TEST_90333,C
TEST_90343,D
TEST_90344,D
TEST_90347,D
TEST_90364,D
TEST_90383,D
TEST_90394,C
TEST_90403,D
TEST_90406,D
TEST_90411,D
TEST_90412,D
TEST_90419,D
TEST_90424,C
TEST_90439,D
TEST_90441,C
TEST_90443,C
TEST_90472,C
TEST_90475,C
TEST_90478,C
TEST_90479,C
TEST_90483,D
TEST_90484,D
TEST_90485,C
TEST_90488,D
TEST_90491,C
TEST_90497,D
TEST_90499,C
TEST_90502,D
TEST_90512,D
TEST_90514,D
TEST_90522,D
TEST_90527,C
TEST_90533,D
TEST_90537,D
TEST_90541,C
TEST_90543,C
TEST_90546,D
TEST_90551,D
TEST_90561,C
TEST_90579,D
TEST_90597,D
TEST_90605,D
TEST_90606,D
TEST_90609,D
TEST_90614,D
TEST_90619,D
TEST_90624,D
TEST_90638,D
TEST_90646,D
TEST_90649,D
TEST_90660,C
TEST_90663,D
TEST_90668,D
TEST_90673,D
TEST_90678,D
TEST_90683,D
TEST_90685,D
TEST_90689,C
TEST_90695,D
TEST_90698,C
TEST_90708,D
TEST_90721,D
TEST_90740,C
TEST_90742,D
TEST_90743,C
TEST_90751,D
TEST_90767,D
TEST_90769,C
TEST_90776,D
TEST_90779,C
TEST_90783,C
TEST_90792,C
TEST_90813,C
TEST_90818,D
TEST_90824,D
TEST_90831,D
TEST_90833,D
TEST_90839,D
TEST_90842,D
TEST_90844,D
TEST_90849,D
TEST_90853,D
TEST_90860,D
TEST_90871,D
TEST_90889,C
TEST_90890,C
TEST_90892,C
TEST_90896,C
TEST_90903,C
TEST_90914,D
TEST_90927,D
TEST_90929,D
TEST_90931,D
TEST_90938,C
TEST_90944,D
TEST_90947,D
TEST_90950,C
TEST_90954,D
TEST_90960,D
TEST_90990,D
TEST_91007,D
TEST_91010,D
TEST_91016,C
TEST_91022,D
TEST_91029,C
TEST_91040,D
TEST_91043,D
TEST_91046,D
TEST_91052,C
TEST_91056,D
TEST_91060,C
TEST_91067,D
TEST_91071,C
TEST_91072,D
TEST_91081,D
TEST_91084,C
TEST_91097,C
TEST_91098,C
TEST_91099,D
TEST_91113,D
TEST_91117,C
TEST_91125,C
TEST_91132,D
TEST_91135,D
TEST_91136,D
TEST_91144,D
TEST_91149,D
TEST_91151,D
TEST_91155,D
TEST_91158,C
TEST_91163,D
TEST_91169,D
TEST_91190,D
TEST_91192,D
TEST_91193,D
TEST_91195,D
TEST_91199,D
TEST_91210,D
TEST_91221,D
TEST_91224,D
TEST_91227,D
TEST_91229,D
TEST_91236,D
TEST_91238,D
TEST_91244,C
TEST_91248,C
TEST_91252,C
TEST_91253,D
TEST_91255,D
TEST_91262,D
TEST_91273,D
TEST_91287,D
TEST_91297,D
TEST_91299,C
TEST_91303,D
TEST_91307,D
TEST_91308,D
TEST_91318,D
TEST_91321,D
TEST_91328,C
TEST_91330,D
TEST_91332,D
TEST_91337,D
TEST_91338,D
TEST_91346,D
TEST_91358,D
TEST_91368,C
TEST_91377,C
TEST_91390,D
TEST_91401,D
TEST_91406,D
TEST_91408,C
TEST_91416,D
TEST_91418,D
TEST_91419,D
TEST_91422,D
TEST_91424,D
TEST_91425,C
TEST_91429,D
TEST_91439,D
TEST_91440,C
TEST_91448,D
TEST_91449,C
TEST_91455,D
TEST_91464,D
TEST_91469,C
TEST_91470,C
TEST_91471,D
TEST_91473,D
TEST_91482,D
TEST_91483,C
TEST_91490,C
TEST_91493,D
TEST_91500,D
TEST_91511,C
TEST_91520,D
TEST_91533,C
TEST_91539,C
TEST_91547,D
TEST_91560,C
TEST_91570,C
TEST_91581,D
TEST_91592,D
TEST_91601,C
TEST_91609,D
TEST_91610,D
TEST_91612,D
TEST_91620,D
TEST_91626,D
TEST_91629,D
TEST_91630,D
TEST_91632,C
TEST_91641,D
TEST_91659,D
TEST_91662,D
TEST_91669,D
TEST_91672,D
TEST_91678,C
TEST_91681,D
TEST_91690,D
TEST_91691,D
TEST_91692,C
TEST_91699,D
TEST_91700,D
TEST_91707,D
TEST_91711,D
TEST_91713,D
TEST_91740,C
TEST_91746,D
TEST_91752,C
TEST_91755,D
TEST_91763,D
TEST_91764,D
TEST_91785,D
TEST_91794,D
TEST_91795,C
TEST_91806,C
TEST_91810,D
TEST_91816,D
TEST_91821,C
TEST_91822,D
TEST_91825,D
TEST_91834,C
TEST_91839,D
TEST_91846,C
TEST_91856,D
TEST_91858,D
TEST_91873,C
TEST_91887,D
TEST_91894,D
TEST_91896,C
TEST_91898,D
TEST_91900,D
TEST_91912,D
TEST_91914,C
TEST_91916,D
TEST_91918,D
TEST_91927,C
TEST_91928,D
TEST_91930,C
TEST_91931,C
TEST_91933,D
TEST_91938,D
TEST_91939,D
TEST_91943,C
TEST_91944,D
TEST_91948,C
TEST_91957,C
TEST_91959,C
TEST_91964,C
TEST_91966,C
TEST_91967,C
TEST_91985,C
TEST_91990,D
TEST_91998,D
TEST_92003,D
TEST_92004,D
TEST_92026,D
TEST_92029,D
TEST_92030,D
TEST_92031,D
TEST_92040,C
TEST_92051,C
TEST_92054,D
TEST_92057,C
TEST_92060,D
TEST_92063,D
TEST_92067,D
TEST_92085,C
TEST_92090,C
TEST_92093,C
TEST_92100,D
TEST_92102,D
TEST_92103,D
TEST_92115,C
TEST_92125,D
TEST_92128,D
TEST_92129,D
TEST_92131,D
TEST_92133,D
TEST_92137,D
TEST_92142,D
TEST_92143,D
TEST_92146,C
TEST_92154,D
TEST_92159,D
TEST_92168,D
TEST_92169,D
TEST_92174,C
TEST_92187,D
TEST_92194,C
TEST_92201,C
TEST_92209,D
TEST_92210,D
TEST_92217,D
TEST_92223,D
TEST_92226,D
TEST_92228,C
TEST_92236,D
TEST_92239,C
TEST_92242,D
TEST_92251,C
TEST_92253,C
TEST_92258,D
TEST_92261,D
TEST_92276,D
TEST_92277,D
TEST_92283,D
TEST_92285,D
TEST_92286,D
TEST_92290,C
TEST_92292,D
TEST_92304,C
TEST_92306,D
TEST_92326,D
TEST_92336,D
TEST_92342,C
TEST_92349,D
TEST_92362,D
TEST_92364,C
TEST_92371,D
TEST_92372,C
TEST_92378,D
TEST_92381,D
TEST_92386,D
TEST_92395,D
TEST_92398,C
TEST_92405,D
TEST_92409,C
TEST_92419,D
TEST_92420,D
TEST_92425,C
TEST_92427,D
TEST_92435,C
TEST_92438,D
TEST_92440,C
TEST_92445,C
TEST_92456,C
TEST_92462,C
TEST_92463,C
TEST_92467,C
TEST_92473,D
TEST_92483,D
TEST_92485,D
TEST_92486,D
TEST_92496,C
TEST_92499,D
TEST_92500,C
TEST_92505,D
TEST_92507,D
TEST_92509,C
TEST_92514,C
TEST_92516,D
TEST_92519,D
TEST_92535,D
TEST_92537,D
TEST_92543,D
TEST_92545,D
TEST_92550,C
TEST_92552,D
TEST_92557,D
TEST_92570,D
TEST_92582,D
TEST_92587,D
TEST_92588,C
TEST_92592,D
TEST_92598,C
TEST_92601,C
TEST_92603,D
TEST_92607,D
TEST_92613,D
TEST_92620,D
TEST_92630,D
TEST_92633,C
TEST_92634,C
TEST_92637,D
TEST_92638,D
TEST_92641,D
TEST_92648,D
TEST_92654,D
TEST_92656,D
TEST_92660,D
TEST_92662,C
TEST_92664,D
TEST_92670,C
TEST_92676,C
TEST_92689,C
TEST_92701,D
TEST_92704,D
TEST_92716,D
TEST_92723,D
TEST_92728,D
TEST_92730,D
TEST_92741,D
TEST_92745,C
TEST_92748,D
TEST_92750,D
TEST_92757,C
TEST_92774,D
TEST_92779,D
TEST_92811,D
TEST_92823,D
TEST_92874,D
TEST_92890,C
TEST_92900,D
TEST_92907,C
TEST_92915,C
TEST_92929,D
TEST_92936,C
TEST_92942,D
TEST_92947,C
TEST_92948,D
TEST_92952,C
TEST_92963,D
TEST_92965,C
TEST_92978,D
TEST_92981,C
TEST_92982,C
TEST_92996,D
TEST_93029,D
TEST_93032,C
TEST_93041,D
TEST_93046,D
TEST_93050,D
TEST_93053,C
TEST_93059,D
TEST_93077,D
TEST_93086,C
TEST_93088,D
TEST_93096,C
TEST_93099,D
TEST_93100,D
TEST_93101,C
TEST_93103,D
TEST_93107,D
TEST_93110,D
TEST_93112,D
TEST_93122,D
TEST_93126,C
TEST_93132,C
TEST_93134,C
TEST_93140,D
TEST_93141,D
TEST_93143,C
TEST_93164,D
TEST_93173,D
TEST_93187,D
TEST_93198,C
TEST_93201,D
TEST_93204,D
TEST_93218,C
TEST_93223,D
TEST_93241,C
TEST_93245,D
TEST_93246,C
TEST_93251,D
TEST_93264,D
TEST_93271,C
TEST_93275,D
TEST_93282,D
TEST_93287,D
TEST_93290,C
TEST_93295,D
TEST_93296,D
TEST_93297,D
TEST_93312,D
TEST_93317,D
TEST_93320,C
TEST_93331,D
TEST_93334,D
TEST_93335,C
TEST_93342,C
TEST_93345,C
TEST_93348,D
TEST_93362,D
TEST_93364,D
TEST_93369,D
TEST_93370,D
TEST_93380,C
TEST_93381,D
TEST_93382,D
TEST_93390,D
TEST_93393,D
TEST_93396,D
TEST_93404,D
TEST_93405,D
TEST_93407,D
TEST_93418,D
TEST_93430,D
TEST_93431,C
TEST_93432,D
TEST_93433,D
TEST_93434,C
TEST_93436,D
TEST_93443,C
TEST_93444,D
TEST_93453,D
TEST_93454,D
TEST_93466,D
TEST_93467,C
TEST_93469,D
TEST_93490,C
TEST_93501,D
TEST_93503,C
TEST_93522,D
TEST_93537,C
TEST_93538,C
TEST_93547,C
TEST_93555,D
TEST_93569,D
TEST_93581,D
TEST_93584,C
TEST_93585,D
TEST_93589,C
TEST_93591,D
TEST_93594,D
TEST_93600,D
TEST_93601,D
TEST_93603,D
TEST_93617,C
TEST_93620,D
TEST_93624,D
TEST_93632,C
TEST_93639,D
TEST_93641,C
TEST_93661,C
TEST_93668,C
TEST_93670,C
TEST_93679,C
TEST_93685,D
TEST_93687,C
TEST_93694,D
TEST_93698,D
TEST_93704,D
TEST_93705,C
TEST_93708,D
TEST_93719,D
TEST_93742,D
TEST_93743,C
TEST_93758,D
TEST_93765,C
TEST_93769,C
TEST_93770,C
TEST_93772,D
TEST_93776,C
TEST_93792,D
TEST_93795,D
TEST_93803,D
TEST_93804,D
TEST_93809,D
TEST_93837,D
TEST_93844,D
TEST_93850,C
TEST_93853,C
TEST_93860,C
TEST_93868,D
TEST_93871,D
TEST_93875,D
TEST_93882,D
TEST_93884,C
TEST_93888,D
TEST_93893,C
TEST_93895,C
TEST_93902,D
TEST_93904,D
TEST_93921,D
TEST_93926,D
TEST_93929,D
TEST_93939,C
TEST_93956,C
TEST_93961,D
TEST_93970,D
TEST_93971,D
TEST_93972,D
TEST_93975,C
TEST_93999,D
TEST_94000,C
TEST_94004,D
TEST_94014,C
TEST_94019,C
TEST_94028,D
TEST_94031,D
TEST_94040,C
TEST_94043,C
TEST_94047,C
TEST_94062,D
TEST_94065,D
TEST_94066,C
TEST_94072,D
TEST_94082,C
TEST_94085,D
TEST_94086,C
TEST_94087,D
TEST_94099,D
TEST_94109,D
TEST_94116,C
TEST_94117,D
TEST_94119,C
TEST_94126,C
TEST_94133,D
TEST_94136,C
TEST_94138,D
TEST_94140,C
TEST_94141,D
TEST_94151,D
TEST_94165,D
TEST_94170,D
TEST_94173,D
TEST_94174,D
TEST_94180,D
TEST_94184,C
TEST_94189,C
TEST_94200,C
TEST_94220,D
TEST_94231,D
TEST_94233,D
TEST_94241,C
TEST_94267,D
TEST_94272,D
TEST_94282,D
TEST_94285,C
TEST_94288,D
TEST_94289,D
TEST_94298,C
TEST_94302,C
TEST_94305,D
TEST_94307,D
TEST_94331,D
TEST_94332,D
TEST_94333,C
TEST_94334,D
TEST_94340,C
TEST_94341,D
TEST_94342,D
TEST_94344,D
TEST_94349,C
TEST_94351,D
TEST_94353,D
TEST_94361,D
TEST_94366,D
TEST_94368,D
TEST_94372,D
TEST_94373,C
TEST_94380,D
TEST_94386,D
TEST_94395,D
TEST_94397,C
TEST_94399,C
TEST_94422,D
TEST_94423,D
TEST_94427,D
TEST_94429,D
TEST_94431,D
TEST_94436,D
TEST_94437,D
TEST_94458,C
TEST_94462,D
TEST_94483,C
TEST_94485,D
TEST_94486,D
TEST_94506,C
TEST_94514,D
TEST_94515,C
TEST_94516,C
TEST_94522,D
TEST_94527,D
TEST_94528,C
TEST_94535,D
TEST_94542,D
TEST_94554,C
TEST_94555,D
TEST_94557,D
TEST_94564,D
TEST_94576,D
TEST_94579,D
TEST_94580,C
TEST_94587,D
TEST_94589,D
TEST_94593,D
TEST_94603,D
TEST_94605,C
TEST_94615,D
TEST_94623,D
TEST_94627,D
TEST_94628,D
TEST_94634,D
TEST_94668,C
TEST_94670,C
TEST_94672,D
TEST_94673,D
TEST_94678,C
TEST_94683,D
TEST_94693,D
TEST_94707,D
TEST_94719,D
TEST_94720,D
TEST_94722,D
TEST_94740,D
TEST_94741,D
TEST_94744,D
TEST_94746,D
TEST_94751,D
TEST_94752,D
TEST_94756,D
TEST_94765,D
TEST_94767,C
TEST_94777,D
TEST_94781,C
TEST_94785,D
TEST_94798,D
TEST_94801,D
TEST_94809,C
TEST_94822,D
TEST_94828,D
TEST_94830,C
TEST_94838,D
TEST_94850,D
TEST_94851,D
TEST_94866,D
TEST_94867,C
TEST_94868,D
TEST_94870,D
TEST_94872,D
TEST_94879,D
TEST_94898,D
TEST_94903,D
TEST_94911,D
TEST_94928,D
TEST_94929,D
TEST_94938,D
TEST_94944,D
TEST_94945,C
TEST_94954,D
TEST_94970,D
TEST_94975,D
TEST_94984,D
TEST_94987,C
TEST_94991,D
TEST_94997,D
TEST_95005,D
TEST_95008,D
TEST_95010,C
TEST_95012,C
TEST_95026,C
TEST_95027,C
TEST_95028,C
TEST_95040,D
TEST_95041,D
TEST_95042,D
TEST_95046,D
TEST_95069,D
TEST_95072,D
TEST_95087,D
TEST_95094,D
TEST_95113,D
TEST_95114,D
TEST_95115,D
TEST_95121,D
TEST_95124,C
TEST_95129,D
TEST_95150,C
TEST_95152,C
TEST_95159,D
TEST_95162,C
TEST_95168,D
TEST_95169,D
TEST_95175,D
TEST_95180,D
TEST_95182,D
TEST_95184,C
TEST_95194,C
TEST_95195,C
TEST_95205,D
TEST_95216,D
TEST_95219,C
TEST_95222,C
TEST_95229,D
TEST_95232,D
TEST_95235,C
TEST_95239,D
TEST_95242,C
TEST_95253,C
TEST_95256,D
TEST_95258,D
TEST_95260,D
TEST_95270,C
TEST_95272,C
TEST_95274,D
TEST_95277,C
TEST_95280,D
TEST_95281,D
TEST_95282,D
TEST_95283,D
TEST_95284,D
TEST_95306,D
TEST_95310,D
TEST_95311,C
TEST_95312,C
TEST_95314,C
TEST_95333,C
TEST_95334,C
TEST_95348,D
TEST_95349,C
TEST_95351,D
TEST_95355,D
TEST_95367,D
TEST_95369,D
TEST_95378,C
TEST_95381,D
TEST_95384,D
TEST_95385,D
TEST_95386,D
TEST_95393,C
TEST_95404,D
TEST_95407,D
TEST_95409,D
TEST_95412,C
TEST_95424,C
TEST_95426,D
TEST_95427,D
TEST_95428,D
TEST_95438,D
TEST_95451,C
TEST_95453,D
TEST_95472,D
TEST_95477,C
TEST_95480,D
TEST_95481,D
TEST_95485,D
TEST_95490,C
TEST_95494,D
TEST_95495,C
TEST_95498,D
TEST_95500,D
TEST_95501,C
TEST_95502,C
TEST_95508,D
TEST_95511,D
TEST_95516,D
TEST_95525,C
TEST_95531,D
TEST_95535,D
TEST_95542,D
TEST_95573,D
TEST_95578,D
TEST_95579,D
TEST_95586,D
TEST_95600,D
TEST_95605,D
TEST_95613,D
TEST_95624,C
TEST_95630,C
TEST_95648,D
TEST_95665,C
TEST_95674,C
TEST_95677,D
TEST_95678,D
TEST_95681,D
TEST_95685,D
TEST_95695,D
TEST_95700,D
TEST_95701,D
TEST_95711,D
TEST_95718,C
TEST_95720,D
TEST_95731,D
TEST_95735,D
TEST_95740,C
TEST_95746,C
TEST_95760,D
TEST_95763,C
TEST_95767,D
TEST_95769,D
TEST_95770,D
TEST_95771,C
TEST_95776,C
TEST_95780,C
TEST_95786,D
TEST_95793,C
TEST_95794,C
TEST_95796,D
TEST_95797,C
TEST_95800,D
TEST_95802,D
TEST_95803,C
TEST_95806,C
TEST_95811,D
TEST_95813,D
TEST_95815,D
TEST_95819,C
TEST_95824,D
TEST_95826,D
TEST_95831,C
TEST_95837,D
TEST_95847,C
TEST_95859,C
TEST_95865,D
TEST_95881,D
TEST_95899,C
TEST_95901,C
TEST_95910,C
TEST_95911,C
TEST_95913,D
TEST_95919,D
TEST_95926,D
TEST_95927,C
TEST_95938,C
TEST_95941,D
TEST_95953,D
TEST_95957,C
TEST_95960,C
TEST_95961,C
TEST_95964,D
TEST_95972,C
TEST_95978,C
TEST_95979,C
TEST_95984,D
TEST_96001,C
TEST_96026,D
TEST_96035,C
TEST_96039,C
TEST_96044,C
TEST_96046,C
TEST_96053,D
TEST_96062,D
TEST_96077,C
TEST_96084,C
TEST_96087,C
TEST_96088,D
TEST_96095,C
TEST_96106,D
TEST_96122,D
TEST_96124,C
TEST_96127,D
TEST_96143,C
TEST_96151,D
TEST_96167,D
TEST_96171,D
TEST_96176,D
TEST_96181,D
TEST_96197,D
TEST_96216,D
TEST_96217,D
TEST_96230,D
TEST_96238,C
TEST_96241,D
TEST_96260,D
TEST_96264,D
TEST_96266,D
TEST_96267,D
TEST_96274,D
TEST_96277,D
TEST_96300,D
TEST_96306,C
TEST_96323,D
TEST_96333,C
TEST_96344,D
TEST_96351,C
TEST_96354,D
TEST_96358,D
TEST_96370,D
TEST_96380,D
TEST_96384,C
TEST_96389,C
TEST_96393,C
TEST_96394,C
TEST_96395,D
TEST_96396,D
TEST_96398,C
TEST_96400,D
TEST_96418,C
TEST_96420,C
TEST_96425,D
TEST_96435,D
TEST_96439,D
TEST_96441,D
TEST_96445,C
TEST_96456,D
TEST_96462,C
TEST_96473,D
TEST_96474,D
TEST_96480,D
TEST_96482,D
TEST_96487,C
TEST_96494,D
TEST_96498,C
TEST_96501,D
TEST_96506,C
TEST_96525,C
TEST_96529,C
TEST_96530,D
TEST_96531,D
TEST_96535,D
TEST_96538,C
TEST_96539,D
TEST_96554,C
TEST_96556,D
TEST_96571,C
TEST_96588,D
TEST_96595,C
TEST_96601,D
TEST_96614,C
TEST_96616,C
TEST_96640,C
TEST_96653,C
TEST_96658,D
TEST_96659,D
TEST_96661,D
TEST_96673,C
TEST_96685,C
TEST_96686,D
TEST_96699,D
TEST_96706,D
TEST_96709,D
TEST_96720,D
TEST_96722,D
TEST_96724,D
TEST_96726,D
TEST_96731,D
TEST_96734,D
TEST_96737,D
TEST_96739,C
TEST_96743,C
TEST_96756,D
TEST_96757,D
TEST_96775,D
TEST_96776,D
TEST_96778,D
TEST_96789,C
TEST_96794,C
TEST_96795,C
TEST_96797,D
TEST_96806,D
TEST_96807,D
TEST_96811,C
TEST_96818,D
TEST_96821,C
TEST_96823,D
TEST_96824,C
TEST_96836,C
TEST_96839,C
TEST_96841,C
TEST_96844,D
TEST_96845,D
TEST_96848,D
TEST_96850,D
TEST_96874,D
TEST_96885,D
TEST_96886,D
TEST_96890,D
TEST_96894,C
TEST_96902,C
TEST_96909,D
TEST_96914,D
TEST_96924,D
TEST_96925,D
TEST_96927,D
TEST_96935,C
TEST_96946,D
TEST_96951,C
TEST_96958,D
TEST_96960,D
TEST_96965,D
TEST_96971,D
TEST_96974,C
TEST_96977,D
TEST_96978,D
TEST_96979,D
TEST_96981,C
TEST_96982,C
TEST_96984,C
TEST_96985,C
TEST_96992,C
TEST_97003,D
TEST_97016,D
TEST_97043,D
TEST_97051,D
TEST_97052,C
TEST_97055,C
TEST_97064,C
TEST_97070,C
TEST_97076,D
TEST_97094,D
TEST_97102,D
TEST_97114,D
TEST_97119,D
TEST_97123,D
TEST_97124,C
TEST_97138,D
TEST_97141,D
TEST_97145,C
TEST_97152,D
TEST_97161,C
TEST_97170,D
TEST_97171,D
TEST_97178,C
TEST_97179,D
TEST_97181,D
TEST_97192,D
TEST_97199,C
TEST_97201,D
TEST_97208,C
TEST_97209,D
TEST_97214,C
TEST_97218,C
TEST_97219,D
TEST_97220,D
TEST_97224,D
TEST_97242,C
TEST_97243,D
TEST_97245,D
TEST_97255,D
TEST_97260,C
TEST_97269,D
TEST_97284,C
TEST_97290,D
TEST_97300,D
TEST_97319,D
TEST_97323,D
TEST_97324,D
TEST_97344,C
TEST_97354,D
TEST_97357,D
TEST_97359,D
TEST_97360,D
TEST_97365,D
TEST_97369,C
TEST_97380,D
TEST_97385,D
TEST_97400,C
TEST_97409,C
TEST_97411,C
TEST_97420,D
TEST_97423,C
TEST_97430,D
TEST_97433,D
TEST_97435,D
TEST_97440,D
TEST_97442,D
TEST_97455,C
TEST_97456,C
TEST_97463,D
TEST_97472,D
TEST_97483,D
TEST_97486,C
TEST_97492,C
TEST_97494,D
TEST_97496,D
TEST_97524,D
TEST_97529,C
TEST_97535,D
TEST_97536,D
TEST_97539,C
TEST_97554,C
TEST_97561,D
TEST_97566,D
TEST_97573,C
TEST_97576,C
TEST_97592,D
TEST_97605,C
TEST_97606,C
TEST_97615,C
TEST_97623,D
TEST_97639,D
TEST_97663,C
TEST_97666,C
TEST_97668,D
TEST_97669,D
TEST_97687,C
TEST_97690,C
TEST_97692,D
TEST_97701,D
TEST_97703,C
TEST_97705,C
TEST_97708,C
TEST_97714,D
TEST_97719,D
TEST_97736,C
TEST_97750,D
TEST_97762,C
TEST_97772,D
TEST_97777,D
TEST_97785,C
TEST_97786,D
TEST_97792,D
TEST_97801,D
TEST_97803,C
TEST_97835,C
TEST_97837,D
TEST_97847,C
TEST_97851,C
TEST_97853,D
TEST_97874,C
TEST_97876,D
TEST_97880,D
TEST_97883,C
TEST_97886,D
TEST_97897,D
TEST_97907,D
TEST_97909,D
TEST_97922,D
TEST_97923,D
TEST_97931,D
TEST_97951,D
TEST_97956,D
TEST_97960,C
TEST_97965,D
TEST_97975,D
TEST_97976,C
TEST_97978,C
TEST_97979,D
TEST_97992,D
TEST_97993,D
TEST_98002,D
TEST_98011,C
TEST_98015,C
TEST_98017,C
TEST_98018,D
TEST_98020,D
TEST_98021,C
TEST_98022,D
TEST_98033,D
TEST_98036,D
TEST_98037,C
TEST_98047,D
TEST_98052,C
TEST_98057,C
TEST_98059,C
TEST_98062,C
TEST_98072,D
TEST_98073,C
TEST_98076,D
TEST_98083,C
TEST_98088,C
TEST_98091,C
TEST_98092,D
TEST_98093,D
TEST_98095,C
TEST_98104,D
TEST_98124,C
TEST_98129,D
TEST_98141,C
TEST_98143,D
TEST_98146,C
TEST_98153,D
TEST_98171,D
TEST_98177,D
TEST_98181,D
TEST_98184,C
TEST_98190,D
TEST_98204,D
TEST_98205,D
TEST_98209,D
TEST_98217,D
TEST_98229,D
TEST_98231,D
TEST_98234,D
TEST_98240,C
TEST_98245,C
TEST_98251,D
TEST_98256,D
TEST_98259,D
TEST_98265,C
TEST_98276,D
TEST_98279,D
TEST_98287,D
TEST_98288,D
TEST_98290,C
TEST_98300,C
TEST_98311,D
TEST_98314,C
TEST_98315,D
TEST_98319,C
TEST_98322,D
TEST_98339,D
TEST_98343,D
TEST_98344,C
TEST_98356,D
TEST_98362,D
TEST_98374,D
TEST_98377,C
TEST_98380,D
TEST_98387,D
TEST_98397,D
TEST_98408,D
TEST_98411,D
TEST_98412,D
TEST_98416,D
TEST_98427,D
TEST_98440,C
TEST_98447,D
TEST_98450,D
TEST_98451,C
TEST_98463,D
TEST_98464,D
TEST_98467,D
TEST_98468,D
TEST_98470,C
TEST_98472,C
TEST_98473,D
TEST_98483,C
TEST_98488,D
TEST_98492,D
TEST_98493,C
TEST_98494,C
TEST_98497,D
TEST_98502,D
TEST_98504,D
TEST_98506,C
TEST_98509,D
TEST_98514,C
TEST_98515,C
TEST_98523,D
TEST_98536,D
TEST_98538,D
TEST_98544,D
TEST_98548,D
TEST_98555,C
TEST_98557,D
TEST_98561,D
TEST_98563,D
TEST_98571,C
TEST_98574,C
TEST_98576,D
TEST_98578,C
TEST_98587,D
TEST_98596,D
TEST_98612,D
TEST_98613,C
TEST_98618,C
TEST_98619,D
TEST_98620,C
TEST_98629,D
TEST_98631,C
TEST_98635,D
TEST_98638,D
TEST_98641,C
TEST_98652,D
TEST_98656,D
TEST_98663,C
TEST_98673,D
TEST_98684,C
TEST_98690,D
TEST_98700,D
TEST_98703,D
TEST_98722,C
TEST_98730,D
TEST_98735,D
TEST_98738,D
TEST_98739,C
TEST_98752,D
TEST_98762,D
TEST_98767,D
TEST_98775,C
TEST_98785,D
TEST_98791,D
TEST_98792,D
TEST_98797,D
TEST_98802,D
TEST_98803,C
TEST_98813,D
TEST_98814,D
TEST_98823,D
TEST_98832,D
TEST_98833,C
TEST_98835,D
TEST_98836,C
TEST_98841,D
TEST_98842,D
TEST_98843,D
TEST_98844,D
TEST_98855,D
TEST_98859,C
TEST_98864,D
TEST_98866,D
TEST_98868,D
TEST_98873,D
TEST_98875,D
TEST_98876,D
TEST_98884,D
TEST_98895,D
TEST_98898,D
TEST_98917,D
TEST_98922,D
TEST_98933,D
TEST_98940,D
TEST_98952,D
TEST_98955,D
TEST_98957,D
TEST_98958,D
TEST_98980,C
TEST_98983,C
TEST_99000,D
TEST_99010,D
TEST_99011,D
TEST_99019,D
TEST_99022,D
TEST_99023,C
TEST_99033,D
TEST_99036,D
TEST_99050,D
TEST_99057,D
TEST_99062,C
TEST_99081,C
TEST_99084,D
TEST_99093,C
TEST_99096,C
TEST_99116,C
TEST_99117,C
TEST_99122,D
TEST_99126,C
TEST_99127,D
TEST_99128,D
TEST_99142,D
TEST_99144,D
TEST_99145,D
TEST_99149,D
TEST_99156,C
TEST_99163,D
TEST_99166,D
TEST_99167,D
TEST_99168,C
TEST_99171,C
TEST_99173,D
TEST_99177,D
TEST_99183,D
TEST_99185,C
TEST_99189,D
TEST_99193,D
TEST_99202,D
TEST_99226,D
TEST_99227,D
TEST_99228,C
TEST_99230,C
TEST_99233,D
TEST_99258,C
TEST_99280,C
TEST_99284,C
TEST_99297,D
TEST_99300,C
TEST_99322,C
TEST_99328,D
TEST_99329,D
TEST_99330,D
TEST_99336,D
TEST_99344,C
TEST_99345,D
TEST_99350,D
TEST_99383,D
TEST_99390,D
TEST_99394,D
TEST_99408,C
TEST_99411,D
TEST_99413,D
TEST_99420,D
TEST_99421,D
TEST_99423,D
TEST_99425,D
TEST_99449,C
TEST_99460,C
TEST_99462,D
TEST_99465,C
TEST_99466,C
TEST_99492,D
TEST_99495,D
TEST_99498,D
TEST_99500,C
TEST_99511,D
TEST_99512,D
TEST_99521,C
TEST_99535,D
TEST_99537,D
TEST_99546,D
TEST_99553,D
TEST_99569,D
TEST_99575,C
TEST_99581,D
TEST_99591,D
TEST_99597,D
TEST_99603,D
TEST_99611,C
TEST_99625,D
TEST_99633,D
TEST_99634,D
TEST_99639,D
TEST_99643,D
TEST_99647,C
TEST_99652,D
TEST_99663,C
TEST_99664,D
TEST_99674,C
TEST_99683,D
TEST_99684,D
TEST_99688,C
TEST_99695,D
TEST_99699,D
TEST_99739,C
TEST_99748,C
TEST_99750,D
TEST_99753,C
TEST_99758,D
TEST_99769,D
TEST_99783,D
TEST_99793,C
TEST_99796,C
TEST_99797,D
TEST_99818,D
TEST_99837,D
TEST_99838,D
TEST_99840,D
TEST_99849,C
TEST_99853,D
TEST_99854,C
TEST_99857,D
TEST_99884,D
TEST_99899,D
TEST_99902,D
TEST_99906,D
TEST_99910,D
TEST_99915,C
TEST_99936,C
TEST_99942,C
TEST_99947,D
TEST_99957,D
TEST_99961,C
TEST_99982,C
TEST_99994,D
TEST_99998,C
