ID,Segment
TEST_00002,notAB
TEST_00010,notAB
TEST_00012,notAB
TEST_00016,notAB
TEST_00032,notAB
TEST_00034,notAB
TEST_00037,notAB
TEST_00039,notAB
TEST_00053,notAB
TEST_00055,notAB
TEST_00057,notAB
TEST_00058,notAB
TEST_00088,notAB
TEST_00099,notAB
TEST_00104,notAB
TEST_00118,notAB
TEST_00119,notAB
TEST_00123,notAB
TEST_00124,notAB
TEST_00128,notAB
TEST_00133,notAB
TEST_00136,notAB
TEST_00137,notAB
TEST_00141,notAB
TEST_00154,notAB
TEST_00161,notAB
TEST_00166,notAB
TEST_00169,notAB
TEST_00189,notAB
TEST_00194,notAB
TEST_00195,notAB
TEST_00196,notAB
TEST_00198,notAB
TEST_00203,notAB
TEST_00205,notAB
TEST_00209,notAB
TEST_00210,notAB
TEST_00218,notAB
TEST_00221,notAB
TEST_00229,notAB
TEST_00238,notAB
TEST_00239,notAB
TEST_00242,notAB
TEST_00243,notAB
TEST_00249,notAB
TEST_00250,notAB
TEST_00267,notAB
TEST_00271,notAB
TEST_00275,notAB
TEST_00276,notAB
TEST_00280,notAB
TEST_00282,notAB
TEST_00283,notAB
TEST_00293,notAB
TEST_00302,notAB
TEST_00304,notAB
TEST_00309,notAB
TEST_00310,notAB
TEST_00316,notAB
TEST_00328,notAB
TEST_00342,notAB
TEST_00343,notAB
TEST_00357,notAB
TEST_00380,notAB
TEST_00385,notAB
TEST_00393,notAB
TEST_00395,notAB
TEST_00398,notAB
TEST_00404,notAB
TEST_00405,notAB
TEST_00411,notAB
TEST_00416,notAB
TEST_00420,notAB
TEST_00424,notAB
TEST_00427,notAB
TEST_00431,notAB
TEST_00439,notAB
TEST_00441,notAB
TEST_00443,notAB
TEST_00448,notAB
TEST_00456,notAB
TEST_00457,notAB
TEST_00460,notAB
TEST_00463,notAB
TEST_00467,notAB
TEST_00470,notAB
TEST_00471,notAB
TEST_00474,notAB
TEST_00481,notAB
TEST_00488,notAB
TEST_00492,notAB
TEST_00496,notAB
TEST_00500,notAB
TEST_00506,notAB
TEST_00510,notAB
TEST_00512,notAB
TEST_00517,notAB
TEST_00522,notAB
TEST_00541,notAB
TEST_00546,notAB
TEST_00547,notAB
TEST_00550,notAB
TEST_00553,notAB
TEST_00558,notAB
TEST_00562,notAB
TEST_00578,notAB
TEST_00579,notAB
TEST_00594,notAB
TEST_00626,notAB
TEST_00627,notAB
TEST_00630,notAB
TEST_00631,notAB
TEST_00656,notAB
TEST_00659,notAB
TEST_00661,notAB
TEST_00662,notAB
TEST_00663,notAB
TEST_00664,notAB
TEST_00667,notAB
TEST_00676,notAB
TEST_00692,notAB
TEST_00700,notAB
TEST_00701,notAB
TEST_00702,notAB
TEST_00703,notAB
TEST_00709,notAB
TEST_00713,notAB
TEST_00715,notAB
TEST_00737,notAB
TEST_00738,notAB
TEST_00746,notAB
TEST_00751,notAB
TEST_00777,notAB
TEST_00795,notAB
TEST_00809,notAB
TEST_00814,notAB
TEST_00828,notAB
TEST_00833,notAB
TEST_00836,notAB
TEST_00838,notAB
TEST_00847,notAB
TEST_00849,notAB
TEST_00850,notAB
TEST_00859,notAB
TEST_00864,notAB
TEST_00905,notAB
TEST_00906,notAB
TEST_00920,notAB
TEST_00929,notAB
TEST_00931,notAB
TEST_00951,notAB
TEST_00954,notAB
TEST_00964,notAB
TEST_00966,notAB
TEST_00976,notAB
TEST_00979,notAB
TEST_00980,notAB
TEST_00988,notAB
TEST_00989,notAB
TEST_00990,notAB
TEST_00992,notAB
TEST_00993,notAB
TEST_00995,notAB
TEST_00996,notAB
TEST_00999,notAB
TEST_01021,notAB
TEST_01022,notAB
TEST_01029,notAB
TEST_01038,notAB
TEST_01040,notAB
TEST_01043,notAB
TEST_01050,notAB
TEST_01053,notAB
TEST_01056,notAB
TEST_01064,notAB
TEST_01066,notAB
TEST_01067,notAB
TEST_01082,notAB
TEST_01091,notAB
TEST_01096,notAB
TEST_01099,notAB
TEST_01114,notAB
TEST_01122,notAB
TEST_01152,notAB
TEST_01167,notAB
TEST_01172,notAB
TEST_01173,notAB
TEST_01180,notAB
TEST_01183,notAB
TEST_01194,notAB
TEST_01196,notAB
TEST_01197,notAB
TEST_01201,notAB
TEST_01203,notAB
TEST_01207,notAB
TEST_01212,notAB
TEST_01220,notAB
TEST_01223,notAB
TEST_01228,notAB
TEST_01231,notAB
TEST_01238,notAB
TEST_01242,notAB
TEST_01254,notAB
TEST_01258,notAB
TEST_01264,notAB
TEST_01268,notAB
TEST_01269,notAB
TEST_01272,notAB
TEST_01273,notAB
TEST_01277,notAB
TEST_01281,notAB
TEST_01282,notAB
TEST_01287,notAB
TEST_01295,notAB
TEST_01317,notAB
TEST_01318,notAB
TEST_01319,notAB
TEST_01332,notAB
TEST_01339,notAB
TEST_01341,notAB
TEST_01346,notAB
TEST_01350,notAB
TEST_01364,notAB
TEST_01369,notAB
TEST_01375,notAB
TEST_01388,notAB
TEST_01395,notAB
TEST_01396,notAB
TEST_01405,notAB
TEST_01414,notAB
TEST_01421,notAB
TEST_01422,notAB
TEST_01428,notAB
TEST_01430,notAB
TEST_01433,notAB
TEST_01435,notAB
TEST_01445,notAB
TEST_01456,notAB
TEST_01459,notAB
TEST_01462,notAB
TEST_01464,notAB
TEST_01485,notAB
TEST_01486,notAB
TEST_01492,notAB
TEST_01501,notAB
TEST_01504,notAB
TEST_01519,notAB
TEST_01523,notAB
TEST_01527,notAB
TEST_01535,notAB
TEST_01545,notAB
TEST_01550,notAB
TEST_01554,notAB
TEST_01570,notAB
TEST_01575,notAB
TEST_01584,notAB
TEST_01591,notAB
TEST_01600,notAB
TEST_01602,notAB
TEST_01616,notAB
TEST_01618,notAB
TEST_01620,notAB
TEST_01625,notAB
TEST_01635,notAB
TEST_01642,notAB
TEST_01646,notAB
TEST_01649,notAB
TEST_01659,notAB
TEST_01662,notAB
TEST_01680,notAB
TEST_01683,notAB
TEST_01686,notAB
TEST_01693,notAB
TEST_01705,notAB
TEST_01711,notAB
TEST_01717,notAB
TEST_01718,notAB
TEST_01734,notAB
TEST_01741,notAB
TEST_01748,notAB
TEST_01758,notAB
TEST_01772,notAB
TEST_01785,notAB
TEST_01786,notAB
TEST_01788,notAB
TEST_01790,notAB
TEST_01792,notAB
TEST_01794,notAB
TEST_01804,notAB
TEST_01811,notAB
TEST_01815,notAB
TEST_01818,notAB
TEST_01820,notAB
TEST_01837,notAB
TEST_01840,notAB
TEST_01843,notAB
TEST_01849,notAB
TEST_01853,notAB
TEST_01859,notAB
TEST_01860,notAB
TEST_01861,notAB
TEST_01862,notAB
TEST_01870,notAB
TEST_01879,notAB
TEST_01883,notAB
TEST_01884,notAB
TEST_01886,notAB
TEST_01902,notAB
TEST_01908,notAB
TEST_01909,notAB
TEST_01913,notAB
TEST_01915,notAB
TEST_01924,notAB
TEST_01928,notAB
TEST_01934,notAB
TEST_01938,notAB
TEST_01960,notAB
TEST_01961,notAB
TEST_01990,notAB
TEST_01991,notAB
TEST_01993,notAB
TEST_02000,notAB
TEST_02002,notAB
TEST_02011,notAB
TEST_02013,notAB
TEST_02018,notAB
TEST_02019,notAB
TEST_02030,notAB
TEST_02032,notAB
TEST_02035,notAB
TEST_02039,notAB
TEST_02054,notAB
TEST_02055,notAB
TEST_02060,notAB
TEST_02062,notAB
TEST_02069,notAB
TEST_02083,notAB
TEST_02086,notAB
TEST_02090,notAB
TEST_02092,notAB
TEST_02093,notAB
TEST_02096,notAB
TEST_02102,notAB
TEST_02111,notAB
TEST_02141,notAB
TEST_02146,notAB
TEST_02148,notAB
TEST_02151,notAB
TEST_02158,notAB
TEST_02161,notAB
TEST_02171,notAB
TEST_02183,notAB
TEST_02190,notAB
TEST_02192,notAB
TEST_02199,notAB
TEST_02202,notAB
TEST_02204,notAB
TEST_02212,notAB
TEST_02218,notAB
TEST_02219,notAB
TEST_02226,notAB
TEST_02228,notAB
TEST_02229,notAB
TEST_02230,notAB
TEST_02232,notAB
TEST_02233,notAB
TEST_02235,notAB
TEST_02240,notAB
TEST_02241,notAB
TEST_02253,notAB
TEST_02266,notAB
TEST_02269,notAB
TEST_02270,notAB
TEST_02275,notAB
TEST_02279,notAB
TEST_02284,notAB
TEST_02287,notAB
TEST_02290,notAB
TEST_02296,notAB
TEST_02300,notAB
TEST_02307,notAB
TEST_02314,notAB
TEST_02323,notAB
TEST_02353,notAB
TEST_02359,notAB
TEST_02363,notAB
TEST_02367,notAB
TEST_02370,notAB
TEST_02371,notAB
TEST_02382,notAB
TEST_02395,notAB
TEST_02399,notAB
TEST_02408,notAB
TEST_02411,notAB
TEST_02415,notAB
TEST_02416,notAB
TEST_02421,notAB
TEST_02422,notAB
TEST_02426,notAB
TEST_02428,notAB
TEST_02429,notAB
TEST_02430,notAB
TEST_02433,notAB
TEST_02435,notAB
TEST_02443,notAB
TEST_02467,notAB
TEST_02476,notAB
TEST_02480,notAB
TEST_02481,notAB
TEST_02485,notAB
TEST_02489,notAB
TEST_02490,notAB
TEST_02496,notAB
TEST_02497,notAB
TEST_02503,notAB
TEST_02504,notAB
TEST_02527,notAB
TEST_02533,notAB
TEST_02538,notAB
TEST_02539,notAB
TEST_02554,notAB
TEST_02556,notAB
TEST_02558,notAB
TEST_02563,notAB
TEST_02564,notAB
TEST_02569,notAB
TEST_02571,notAB
TEST_02574,notAB
TEST_02583,notAB
TEST_02584,notAB
TEST_02595,notAB
TEST_02605,notAB
TEST_02624,notAB
TEST_02630,notAB
TEST_02631,notAB
TEST_02641,notAB
TEST_02657,notAB
TEST_02668,notAB
TEST_02677,notAB
TEST_02682,notAB
TEST_02688,notAB
TEST_02692,notAB
TEST_02694,notAB
TEST_02697,notAB
TEST_02699,notAB
TEST_02702,notAB
TEST_02717,notAB
TEST_02718,notAB
TEST_02720,notAB
TEST_02725,notAB
TEST_02731,notAB
TEST_02732,notAB
TEST_02736,notAB
TEST_02741,notAB
TEST_02753,notAB
TEST_02764,notAB
TEST_02768,notAB
TEST_02778,notAB
TEST_02792,notAB
TEST_02793,notAB
TEST_02801,notAB
TEST_02807,notAB
TEST_02809,notAB
TEST_02832,notAB
TEST_02848,notAB
TEST_02855,notAB
TEST_02856,notAB
TEST_02866,notAB
TEST_02868,notAB
TEST_02872,notAB
TEST_02883,notAB
TEST_02891,notAB
TEST_02892,notAB
TEST_02901,notAB
TEST_02911,notAB
TEST_02912,notAB
TEST_02919,notAB
TEST_02930,notAB
TEST_02936,notAB
TEST_02949,notAB
TEST_02957,notAB
TEST_02959,notAB
TEST_02964,notAB
TEST_02966,notAB
TEST_02973,notAB
TEST_02976,notAB
TEST_02978,notAB
TEST_02985,notAB
TEST_02999,notAB
TEST_03002,notAB
TEST_03012,notAB
TEST_03034,notAB
TEST_03039,notAB
TEST_03040,notAB
TEST_03043,notAB
TEST_03048,notAB
TEST_03051,notAB
TEST_03063,notAB
TEST_03065,notAB
TEST_03071,notAB
TEST_03073,notAB
TEST_03083,notAB
TEST_03085,notAB
TEST_03087,notAB
TEST_03088,notAB
TEST_03094,notAB
TEST_03095,notAB
TEST_03099,notAB
TEST_03110,notAB
TEST_03115,notAB
TEST_03135,notAB
TEST_03142,notAB
TEST_03147,notAB
TEST_03148,notAB
TEST_03149,notAB
TEST_03154,notAB
TEST_03156,notAB
TEST_03162,notAB
TEST_03176,notAB
TEST_03179,notAB
TEST_03182,notAB
TEST_03187,notAB
TEST_03191,notAB
TEST_03194,notAB
TEST_03197,notAB
TEST_03198,notAB
TEST_03199,notAB
TEST_03206,notAB
TEST_03207,notAB
TEST_03218,notAB
TEST_03219,notAB
TEST_03223,notAB
TEST_03232,notAB
TEST_03238,notAB
TEST_03253,notAB
TEST_03265,notAB
TEST_03268,notAB
TEST_03270,notAB
TEST_03273,notAB
TEST_03276,notAB
TEST_03282,notAB
TEST_03287,notAB
TEST_03298,notAB
TEST_03301,notAB
TEST_03311,notAB
TEST_03313,notAB
TEST_03322,notAB
TEST_03328,notAB
TEST_03330,notAB
TEST_03334,notAB
TEST_03339,notAB
TEST_03342,notAB
TEST_03345,notAB
TEST_03347,notAB
TEST_03350,notAB
TEST_03351,notAB
TEST_03354,notAB
TEST_03361,notAB
TEST_03365,notAB
TEST_03372,notAB
TEST_03376,notAB
TEST_03381,notAB
TEST_03387,notAB
TEST_03390,notAB
TEST_03403,notAB
TEST_03406,notAB
TEST_03411,notAB
TEST_03414,notAB
TEST_03423,notAB
TEST_03424,notAB
TEST_03426,notAB
TEST_03429,notAB
TEST_03435,notAB
TEST_03436,notAB
TEST_03440,notAB
TEST_03442,notAB
TEST_03453,notAB
TEST_03457,notAB
TEST_03465,notAB
TEST_03466,notAB
TEST_03469,notAB
TEST_03473,notAB
TEST_03483,notAB
TEST_03491,notAB
TEST_03504,notAB
TEST_03517,notAB
TEST_03547,notAB
TEST_03558,notAB
TEST_03564,notAB
TEST_03566,notAB
TEST_03578,notAB
TEST_03580,notAB
TEST_03585,notAB
TEST_03589,notAB
TEST_03594,notAB
TEST_03597,notAB
TEST_03603,notAB
TEST_03606,notAB
TEST_03611,notAB
TEST_03615,notAB
TEST_03616,notAB
TEST_03622,notAB
TEST_03623,notAB
TEST_03634,notAB
TEST_03637,notAB
TEST_03639,notAB
TEST_03646,notAB
TEST_03648,notAB
TEST_03666,notAB
TEST_03670,notAB
TEST_03673,notAB
TEST_03674,notAB
TEST_03691,notAB
TEST_03694,notAB
TEST_03711,notAB
TEST_03719,notAB
TEST_03731,notAB
TEST_03739,notAB
TEST_03753,notAB
TEST_03759,notAB
TEST_03766,notAB
TEST_03772,notAB
TEST_03785,notAB
TEST_03797,notAB
TEST_03800,notAB
TEST_03810,notAB
TEST_03811,notAB
TEST_03813,notAB
TEST_03824,notAB
TEST_03825,notAB
TEST_03837,notAB
TEST_03843,notAB
TEST_03858,notAB
TEST_03859,notAB
TEST_03866,notAB
TEST_03877,notAB
TEST_03881,notAB
TEST_03884,notAB
TEST_03898,notAB
TEST_03899,notAB
TEST_03903,notAB
TEST_03913,notAB
TEST_03914,notAB
TEST_03932,notAB
TEST_03940,notAB
TEST_03947,notAB
TEST_03948,notAB
TEST_03951,notAB
TEST_03955,notAB
TEST_03964,notAB
TEST_03965,notAB
TEST_03971,notAB
TEST_03975,notAB
TEST_03984,notAB
TEST_03990,notAB
TEST_03998,notAB
TEST_04013,notAB
TEST_04022,notAB
TEST_04026,notAB
TEST_04031,notAB
TEST_04037,notAB
TEST_04068,notAB
TEST_04084,notAB
TEST_04089,notAB
TEST_04090,notAB
TEST_04096,notAB
TEST_04098,notAB
TEST_04102,notAB
TEST_04128,notAB
TEST_04134,notAB
TEST_04140,notAB
TEST_04148,notAB
TEST_04149,notAB
TEST_04152,notAB
TEST_04153,notAB
TEST_04160,notAB
TEST_04161,notAB
TEST_04162,notAB
TEST_04166,notAB
TEST_04167,notAB
TEST_04172,notAB
TEST_04175,notAB
TEST_04187,notAB
TEST_04200,notAB
TEST_04202,notAB
TEST_04206,notAB
TEST_04215,notAB
TEST_04217,notAB
TEST_04220,notAB
TEST_04223,notAB
TEST_04225,notAB
TEST_04226,notAB
TEST_04229,notAB
TEST_04247,notAB
TEST_04262,notAB
TEST_04264,notAB
TEST_04269,notAB
TEST_04272,notAB
TEST_04281,notAB
TEST_04287,notAB
TEST_04292,notAB
TEST_04303,notAB
TEST_04304,notAB
TEST_04309,notAB
TEST_04310,notAB
TEST_04314,notAB
TEST_04326,notAB
TEST_04332,notAB
TEST_04335,notAB
TEST_04337,notAB
TEST_04343,notAB
TEST_04364,notAB
TEST_04370,notAB
TEST_04371,notAB
TEST_04387,notAB
TEST_04397,notAB
TEST_04400,notAB
TEST_04402,notAB
TEST_04426,notAB
TEST_04431,notAB
TEST_04434,notAB
TEST_04449,notAB
TEST_04455,notAB
TEST_04466,notAB
TEST_04470,notAB
TEST_04471,notAB
TEST_04477,notAB
TEST_04485,notAB
TEST_04501,notAB
TEST_04503,notAB
TEST_04505,notAB
TEST_04507,notAB
TEST_04508,notAB
TEST_04510,notAB
TEST_04511,notAB
TEST_04512,notAB
TEST_04513,notAB
TEST_04515,notAB
TEST_04531,notAB
TEST_04536,notAB
TEST_04540,notAB
TEST_04543,notAB
TEST_04548,notAB
TEST_04558,notAB
TEST_04559,notAB
TEST_04560,notAB
TEST_04566,notAB
TEST_04568,notAB
TEST_04572,notAB
TEST_04574,notAB
TEST_04579,notAB
TEST_04593,notAB
TEST_04597,notAB
TEST_04601,notAB
TEST_04604,notAB
TEST_04611,notAB
TEST_04624,notAB
TEST_04640,notAB
TEST_04643,notAB
TEST_04648,notAB
TEST_04651,notAB
TEST_04653,notAB
TEST_04659,notAB
TEST_04667,notAB
TEST_04669,notAB
TEST_04670,notAB
TEST_04677,notAB
TEST_04678,notAB
TEST_04687,notAB
TEST_04688,notAB
TEST_04690,notAB
TEST_04696,notAB
TEST_04699,notAB
TEST_04703,notAB
TEST_04714,notAB
TEST_04720,notAB
TEST_04729,notAB
TEST_04734,notAB
TEST_04736,notAB
TEST_04737,notAB
TEST_04744,notAB
TEST_04754,notAB
TEST_04758,notAB
TEST_04768,notAB
TEST_04769,notAB
TEST_04780,notAB
TEST_04781,notAB
TEST_04785,notAB
TEST_04788,notAB
TEST_04793,notAB
TEST_04801,notAB
TEST_04805,notAB
TEST_04823,notAB
TEST_04825,notAB
TEST_04838,notAB
TEST_04839,notAB
TEST_04845,notAB
TEST_04857,notAB
TEST_04900,notAB
TEST_04901,notAB
TEST_04909,notAB
TEST_04910,notAB
TEST_04913,notAB
TEST_04929,notAB
TEST_04930,notAB
TEST_04933,notAB
TEST_04940,notAB
TEST_04941,notAB
TEST_04970,notAB
TEST_04972,notAB
TEST_04974,notAB
TEST_05000,notAB
TEST_05015,notAB
TEST_05020,notAB
TEST_05022,notAB
TEST_05025,notAB
TEST_05034,notAB
TEST_05039,notAB
TEST_05041,notAB
TEST_05045,notAB
TEST_05046,notAB
TEST_05049,notAB
TEST_05051,notAB
TEST_05053,notAB
TEST_05054,notAB
TEST_05057,notAB
TEST_05059,notAB
TEST_05060,notAB
TEST_05085,notAB
TEST_05098,notAB
TEST_05103,notAB
TEST_05108,notAB
TEST_05118,notAB
TEST_05119,notAB
TEST_05123,notAB
TEST_05131,notAB
TEST_05134,notAB
TEST_05137,notAB
TEST_05142,notAB
TEST_05143,notAB
TEST_05146,notAB
TEST_05149,notAB
TEST_05150,notAB
TEST_05152,notAB
TEST_05155,notAB
TEST_05159,notAB
TEST_05161,notAB
TEST_05195,notAB
TEST_05196,notAB
TEST_05201,notAB
TEST_05210,notAB
TEST_05213,notAB
TEST_05215,notAB
TEST_05224,notAB
TEST_05225,notAB
TEST_05229,notAB
TEST_05249,notAB
TEST_05265,notAB
TEST_05266,notAB
TEST_05267,notAB
TEST_05268,notAB
TEST_05272,notAB
TEST_05274,notAB
TEST_05289,notAB
TEST_05306,notAB
TEST_05313,notAB
TEST_05319,notAB
TEST_05324,notAB
TEST_05343,notAB
TEST_05344,notAB
TEST_05347,notAB
TEST_05378,notAB
TEST_05387,notAB
TEST_05400,notAB
TEST_05405,notAB
TEST_05415,notAB
TEST_05437,notAB
TEST_05440,notAB
TEST_05458,notAB
TEST_05479,notAB
TEST_05494,notAB
TEST_05529,notAB
TEST_05534,notAB
TEST_05539,notAB
TEST_05540,notAB
TEST_05542,notAB
TEST_05544,notAB
TEST_05561,notAB
TEST_05570,notAB
TEST_05577,notAB
TEST_05579,notAB
TEST_05582,notAB
TEST_05597,notAB
TEST_05609,notAB
TEST_05622,notAB
TEST_05625,notAB
TEST_05627,notAB
TEST_05640,notAB
TEST_05643,notAB
TEST_05646,notAB
TEST_05651,notAB
TEST_05660,notAB
TEST_05666,notAB
TEST_05674,notAB
TEST_05676,notAB
TEST_05678,notAB
TEST_05683,notAB
TEST_05700,notAB
TEST_05708,notAB
TEST_05709,notAB
TEST_05724,notAB
TEST_05726,notAB
TEST_05729,notAB
TEST_05744,notAB
TEST_05747,notAB
TEST_05751,notAB
TEST_05752,notAB
TEST_05767,notAB
TEST_05781,notAB
TEST_05783,notAB
TEST_05786,notAB
TEST_05787,notAB
TEST_05791,notAB
TEST_05802,notAB
TEST_05807,notAB
TEST_05812,notAB
TEST_05814,notAB
TEST_05816,notAB
TEST_05818,notAB
TEST_05826,notAB
TEST_05831,notAB
TEST_05843,notAB
TEST_05854,notAB
TEST_05861,notAB
TEST_05864,notAB
TEST_05866,notAB
TEST_05868,notAB
TEST_05879,notAB
TEST_05890,notAB
TEST_05891,notAB
TEST_05901,notAB
TEST_05908,notAB
TEST_05916,notAB
TEST_05922,notAB
TEST_05925,notAB
TEST_05930,notAB
TEST_05932,notAB
TEST_05937,notAB
TEST_05944,notAB
TEST_05950,notAB
TEST_05953,notAB
TEST_05963,notAB
TEST_05964,notAB
TEST_05965,notAB
TEST_05972,notAB
TEST_05974,notAB
TEST_05975,notAB
TEST_05977,notAB
TEST_05984,notAB
TEST_05990,notAB
TEST_05991,notAB
TEST_05992,notAB
TEST_05994,notAB
TEST_06002,notAB
TEST_06006,notAB
TEST_06007,notAB
TEST_06010,notAB
TEST_06021,notAB
TEST_06028,notAB
TEST_06033,notAB
TEST_06042,notAB
TEST_06047,notAB
TEST_06048,notAB
TEST_06053,notAB
TEST_06054,notAB
TEST_06056,notAB
TEST_06060,notAB
TEST_06062,notAB
TEST_06065,notAB
TEST_06076,notAB
TEST_06089,notAB
TEST_06096,notAB
TEST_06105,notAB
TEST_06116,notAB
TEST_06127,notAB
TEST_06129,notAB
TEST_06134,notAB
TEST_06135,notAB
TEST_06141,notAB
TEST_06147,notAB
TEST_06167,notAB
TEST_06170,notAB
TEST_06175,notAB
TEST_06178,notAB
TEST_06190,notAB
TEST_06197,notAB
TEST_06199,notAB
TEST_06201,notAB
TEST_06217,notAB
TEST_06218,notAB
TEST_06225,notAB
TEST_06234,notAB
TEST_06246,notAB
TEST_06252,notAB
TEST_06259,notAB
TEST_06267,notAB
TEST_06275,notAB
TEST_06278,notAB
TEST_06282,notAB
TEST_06294,notAB
TEST_06295,notAB
TEST_06296,notAB
TEST_06301,notAB
TEST_06304,notAB
TEST_06311,notAB
TEST_06313,notAB
TEST_06317,notAB
TEST_06326,notAB
TEST_06329,notAB
TEST_06339,notAB
TEST_06365,notAB
TEST_06367,notAB
TEST_06370,notAB
TEST_06384,notAB
TEST_06396,notAB
TEST_06399,notAB
TEST_06404,notAB
TEST_06406,notAB
TEST_06407,notAB
TEST_06417,notAB
TEST_06425,notAB
TEST_06430,notAB
TEST_06433,notAB
TEST_06435,notAB
TEST_06456,notAB
TEST_06483,notAB
TEST_06488,notAB
TEST_06493,notAB
TEST_06496,notAB
TEST_06501,notAB
TEST_06502,notAB
TEST_06507,notAB
TEST_06508,notAB
TEST_06519,notAB
TEST_06520,notAB
TEST_06525,notAB
TEST_06535,notAB
TEST_06536,notAB
TEST_06537,notAB
TEST_06540,notAB
TEST_06542,notAB
TEST_06544,notAB
TEST_06546,notAB
TEST_06560,notAB
TEST_06568,notAB
TEST_06574,notAB
TEST_06585,notAB
TEST_06590,notAB
TEST_06592,notAB
TEST_06598,notAB
TEST_06607,notAB
TEST_06609,notAB
TEST_06627,notAB
TEST_06635,notAB
TEST_06642,notAB
TEST_06655,notAB
TEST_06656,notAB
TEST_06660,notAB
TEST_06661,notAB
TEST_06672,notAB
TEST_06689,notAB
TEST_06699,notAB
TEST_06701,notAB
TEST_06713,notAB
TEST_06727,notAB
TEST_06732,notAB
TEST_06734,notAB
TEST_06735,notAB
TEST_06746,notAB
TEST_06750,notAB
TEST_06752,notAB
TEST_06755,notAB
TEST_06758,notAB
TEST_06769,notAB
TEST_06773,notAB
TEST_06786,notAB
TEST_06788,notAB
TEST_06796,notAB
TEST_06811,notAB
TEST_06812,notAB
TEST_06814,notAB
TEST_06827,notAB
TEST_06837,notAB
TEST_06838,notAB
TEST_06839,notAB
TEST_06848,notAB
TEST_06856,notAB
TEST_06886,notAB
TEST_06897,notAB
TEST_06900,notAB
TEST_06918,notAB
TEST_06931,notAB
TEST_06934,notAB
TEST_06936,notAB
TEST_06937,notAB
TEST_06957,notAB
TEST_06962,notAB
TEST_06965,notAB
TEST_06967,notAB
TEST_06978,notAB
TEST_06980,notAB
TEST_06981,notAB
TEST_06985,notAB
TEST_06992,notAB
TEST_07000,notAB
TEST_07003,notAB
TEST_07008,notAB
TEST_07014,notAB
TEST_07019,notAB
TEST_07024,notAB
TEST_07025,notAB
TEST_07029,notAB
TEST_07036,notAB
TEST_07037,notAB
TEST_07041,notAB
TEST_07045,notAB
TEST_07046,notAB
TEST_07049,notAB
TEST_07050,notAB
TEST_07061,notAB
TEST_07063,notAB
TEST_07066,notAB
TEST_07067,notAB
TEST_07068,notAB
TEST_07070,notAB
TEST_07073,notAB
TEST_07075,notAB
TEST_07079,notAB
TEST_07092,notAB
TEST_07100,notAB
TEST_07104,notAB
TEST_07114,notAB
TEST_07132,notAB
TEST_07139,notAB
TEST_07151,notAB
TEST_07155,notAB
TEST_07156,notAB
TEST_07162,notAB
TEST_07164,notAB
TEST_07171,notAB
TEST_07180,notAB
TEST_07190,notAB
TEST_07198,notAB
TEST_07209,notAB
TEST_07211,notAB
TEST_07212,notAB
TEST_07221,notAB
TEST_07223,notAB
TEST_07232,notAB
TEST_07244,notAB
TEST_07247,notAB
TEST_07249,notAB
TEST_07259,notAB
TEST_07267,notAB
TEST_07272,notAB
TEST_07285,notAB
TEST_07292,notAB
TEST_07294,notAB
TEST_07299,notAB
TEST_07309,notAB
TEST_07310,notAB
TEST_07313,notAB
TEST_07325,notAB
TEST_07328,notAB
TEST_07330,notAB
TEST_07342,notAB
TEST_07347,notAB
TEST_07352,notAB
TEST_07359,notAB
TEST_07360,notAB
TEST_07364,notAB
TEST_07367,notAB
TEST_07380,notAB
TEST_07381,notAB
TEST_07389,notAB
TEST_07390,notAB
TEST_07395,notAB
TEST_07407,notAB
TEST_07408,notAB
TEST_07416,notAB
TEST_07417,notAB
TEST_07420,notAB
TEST_07430,notAB
TEST_07432,notAB
TEST_07436,notAB
TEST_07437,notAB
TEST_07438,notAB
TEST_07442,notAB
TEST_07454,notAB
TEST_07459,notAB
TEST_07467,notAB
TEST_07468,notAB
TEST_07473,notAB
TEST_07478,notAB
TEST_07479,notAB
TEST_07491,notAB
TEST_07496,notAB
TEST_07498,notAB
TEST_07501,notAB
TEST_07505,notAB
TEST_07506,notAB
TEST_07511,notAB
TEST_07537,notAB
TEST_07559,notAB
TEST_07565,notAB
TEST_07579,notAB
TEST_07601,notAB
TEST_07608,notAB
TEST_07609,notAB
TEST_07610,notAB
TEST_07622,notAB
TEST_07631,notAB
TEST_07640,notAB
TEST_07642,notAB
TEST_07650,notAB
TEST_07663,notAB
TEST_07666,notAB
TEST_07667,notAB
TEST_07670,notAB
TEST_07677,notAB
TEST_07679,notAB
TEST_07680,notAB
TEST_07681,notAB
TEST_07686,notAB
TEST_07688,notAB
TEST_07693,notAB
TEST_07695,notAB
TEST_07696,notAB
TEST_07698,notAB
TEST_07699,notAB
TEST_07704,notAB
TEST_07708,notAB
TEST_07709,notAB
TEST_07716,notAB
TEST_07727,notAB
TEST_07730,notAB
TEST_07734,notAB
TEST_07739,notAB
TEST_07744,notAB
TEST_07751,notAB
TEST_07752,notAB
TEST_07753,notAB
TEST_07763,notAB
TEST_07774,notAB
TEST_07780,notAB
TEST_07783,notAB
TEST_07789,notAB
TEST_07794,notAB
TEST_07795,notAB
TEST_07797,notAB
TEST_07803,notAB
TEST_07808,notAB
TEST_07810,notAB
TEST_07811,notAB
TEST_07812,notAB
TEST_07813,notAB
TEST_07815,notAB
TEST_07823,notAB
TEST_07829,notAB
TEST_07831,notAB
TEST_07832,notAB
TEST_07844,notAB
TEST_07851,notAB
TEST_07852,notAB
TEST_07863,notAB
TEST_07869,notAB
TEST_07879,notAB
TEST_07880,notAB
TEST_07882,notAB
TEST_07883,notAB
TEST_07884,notAB
TEST_07892,notAB
TEST_07902,notAB
TEST_07907,notAB
TEST_07918,notAB
TEST_07919,notAB
TEST_07929,notAB
TEST_07934,notAB
TEST_07936,notAB
TEST_07940,notAB
TEST_07943,notAB
TEST_07956,notAB
TEST_07965,notAB
TEST_07974,notAB
TEST_07975,notAB
TEST_07983,notAB
TEST_07985,notAB
TEST_07990,notAB
TEST_07993,notAB
TEST_08002,notAB
TEST_08012,notAB
TEST_08030,notAB
TEST_08045,notAB
TEST_08051,notAB
TEST_08056,notAB
TEST_08062,notAB
TEST_08067,notAB
TEST_08079,notAB
TEST_08085,notAB
TEST_08088,notAB
TEST_08096,notAB
TEST_08099,notAB
TEST_08104,notAB
TEST_08107,notAB
TEST_08121,notAB
TEST_08130,notAB
TEST_08135,notAB
TEST_08142,notAB
TEST_08147,notAB
TEST_08178,notAB
TEST_08183,notAB
TEST_08189,notAB
TEST_08192,notAB
TEST_08201,notAB
TEST_08202,notAB
TEST_08221,notAB
TEST_08233,notAB
TEST_08246,notAB
TEST_08251,notAB
TEST_08252,notAB
TEST_08255,notAB
TEST_08257,notAB
TEST_08261,notAB
TEST_08262,notAB
TEST_08265,notAB
TEST_08269,notAB
TEST_08276,notAB
TEST_08284,notAB
TEST_08286,notAB
TEST_08290,notAB
TEST_08299,notAB
TEST_08307,notAB
TEST_08314,notAB
TEST_08315,notAB
TEST_08322,notAB
TEST_08323,notAB
TEST_08328,notAB
TEST_08349,notAB
TEST_08352,notAB
TEST_08354,notAB
TEST_08359,notAB
TEST_08360,notAB
TEST_08369,notAB
TEST_08372,notAB
TEST_08382,notAB
TEST_08408,notAB
TEST_08409,notAB
TEST_08412,notAB
TEST_08416,notAB
TEST_08418,notAB
TEST_08428,notAB
TEST_08435,notAB
TEST_08442,notAB
TEST_08445,notAB
TEST_08449,notAB
TEST_08481,notAB
TEST_08490,notAB
TEST_08498,notAB
TEST_08509,notAB
TEST_08510,notAB
TEST_08518,notAB
TEST_08521,notAB
TEST_08527,notAB
TEST_08542,notAB
TEST_08543,notAB
TEST_08544,notAB
TEST_08550,notAB
TEST_08552,notAB
TEST_08555,notAB
TEST_08570,notAB
TEST_08571,notAB
TEST_08576,notAB
TEST_08582,notAB
TEST_08583,notAB
TEST_08590,notAB
TEST_08594,notAB
TEST_08600,notAB
TEST_08604,notAB
TEST_08613,notAB
TEST_08622,notAB
TEST_08628,notAB
TEST_08629,notAB
TEST_08634,notAB
TEST_08639,notAB
TEST_08653,notAB
TEST_08657,notAB
TEST_08665,notAB
TEST_08666,notAB
TEST_08673,notAB
TEST_08674,notAB
TEST_08687,notAB
TEST_08698,notAB
TEST_08699,notAB
TEST_08708,notAB
TEST_08717,notAB
TEST_08719,notAB
TEST_08721,notAB
TEST_08725,notAB
TEST_08729,notAB
TEST_08733,notAB
TEST_08743,notAB
TEST_08747,notAB
TEST_08751,notAB
TEST_08759,notAB
TEST_08761,notAB
TEST_08763,notAB
TEST_08767,notAB
TEST_08769,notAB
TEST_08775,notAB
TEST_08776,notAB
TEST_08782,notAB
TEST_08784,notAB
TEST_08785,notAB
TEST_08795,notAB
TEST_08804,notAB
TEST_08816,notAB
TEST_08825,notAB
TEST_08836,notAB
TEST_08838,notAB
TEST_08850,notAB
TEST_08851,notAB
TEST_08857,notAB
TEST_08858,notAB
TEST_08859,notAB
TEST_08860,notAB
TEST_08864,notAB
TEST_08870,notAB
TEST_08873,notAB
TEST_08874,notAB
TEST_08882,notAB
TEST_08888,notAB
TEST_08893,notAB
TEST_08900,notAB
TEST_08906,notAB
TEST_08912,notAB
TEST_08933,notAB
TEST_08935,notAB
TEST_08936,notAB
TEST_08937,notAB
TEST_08948,notAB
TEST_08951,notAB
TEST_08952,notAB
TEST_08958,notAB
TEST_08964,notAB
TEST_08965,notAB
TEST_08983,notAB
TEST_08987,notAB
TEST_08990,notAB
TEST_08997,notAB
TEST_09001,notAB
TEST_09007,notAB
TEST_09010,notAB
TEST_09016,notAB
TEST_09018,notAB
TEST_09019,notAB
TEST_09022,notAB
TEST_09023,notAB
TEST_09026,notAB
TEST_09027,notAB
TEST_09033,notAB
TEST_09040,notAB
TEST_09045,notAB
TEST_09049,notAB
TEST_09050,notAB
TEST_09058,notAB
TEST_09062,notAB
TEST_09065,notAB
TEST_09068,notAB
TEST_09073,notAB
TEST_09082,notAB
TEST_09084,notAB
TEST_09087,notAB
TEST_09089,notAB
TEST_09096,notAB
TEST_09103,notAB
TEST_09113,notAB
TEST_09119,notAB
TEST_09124,notAB
TEST_09128,notAB
TEST_09131,notAB
TEST_09132,notAB
TEST_09137,notAB
TEST_09142,notAB
TEST_09145,notAB
TEST_09152,notAB
TEST_09164,notAB
TEST_09165,notAB
TEST_09168,notAB
TEST_09171,notAB
TEST_09173,notAB
TEST_09174,notAB
TEST_09182,notAB
TEST_09193,notAB
TEST_09199,notAB
TEST_09215,notAB
TEST_09225,notAB
TEST_09243,notAB
TEST_09248,notAB
TEST_09252,notAB
TEST_09254,notAB
TEST_09255,notAB
TEST_09259,notAB
TEST_09261,notAB
TEST_09277,notAB
TEST_09278,notAB
TEST_09283,notAB
TEST_09292,notAB
TEST_09302,notAB
TEST_09307,notAB
TEST_09310,notAB
TEST_09317,notAB
TEST_09320,notAB
TEST_09322,notAB
TEST_09324,notAB
TEST_09329,notAB
TEST_09336,notAB
TEST_09337,notAB
TEST_09338,notAB
TEST_09341,notAB
TEST_09342,notAB
TEST_09349,notAB
TEST_09351,notAB
TEST_09356,notAB
TEST_09357,notAB
TEST_09362,notAB
TEST_09367,notAB
TEST_09368,notAB
TEST_09372,notAB
TEST_09384,notAB
TEST_09387,notAB
TEST_09389,notAB
TEST_09396,notAB
TEST_09400,notAB
TEST_09420,notAB
TEST_09440,notAB
TEST_09442,notAB
TEST_09448,notAB
TEST_09459,notAB
TEST_09469,notAB
TEST_09481,notAB
TEST_09483,notAB
TEST_09490,notAB
TEST_09497,notAB
TEST_09512,notAB
TEST_09521,notAB
TEST_09523,notAB
TEST_09530,notAB
TEST_09540,notAB
TEST_09551,notAB
TEST_09552,notAB
TEST_09555,notAB
TEST_09556,notAB
TEST_09558,notAB
TEST_09562,notAB
TEST_09574,notAB
TEST_09577,notAB
TEST_09580,notAB
TEST_09585,notAB
TEST_09601,notAB
TEST_09606,notAB
TEST_09609,notAB
TEST_09626,notAB
TEST_09629,notAB
TEST_09630,notAB
TEST_09631,notAB
TEST_09632,notAB
TEST_09634,notAB
TEST_09641,notAB
TEST_09643,notAB
TEST_09644,notAB
TEST_09645,notAB
TEST_09657,notAB
TEST_09658,notAB
TEST_09666,notAB
TEST_09667,notAB
TEST_09668,notAB
TEST_09674,notAB
TEST_09675,notAB
TEST_09679,notAB
TEST_09694,notAB
TEST_09697,notAB
TEST_09708,notAB
TEST_09712,notAB
TEST_09717,notAB
TEST_09718,notAB
TEST_09720,notAB
TEST_09722,notAB
TEST_09725,notAB
TEST_09726,notAB
TEST_09738,notAB
TEST_09740,notAB
TEST_09754,notAB
TEST_09756,notAB
TEST_09758,notAB
TEST_09770,notAB
TEST_09772,notAB
TEST_09776,notAB
TEST_09780,notAB
TEST_09783,notAB
TEST_09788,notAB
TEST_09794,notAB
TEST_09801,notAB
TEST_09803,notAB
TEST_09805,notAB
TEST_09807,notAB
TEST_09809,notAB
TEST_09811,notAB
TEST_09813,notAB
TEST_09817,notAB
TEST_09818,notAB
TEST_09819,notAB
TEST_09833,notAB
TEST_09835,notAB
TEST_09845,notAB
TEST_09848,notAB
TEST_09853,notAB
TEST_09857,notAB
TEST_09860,notAB
TEST_09865,notAB
TEST_09866,notAB
TEST_09881,notAB
TEST_09887,notAB
TEST_09889,notAB
TEST_09905,notAB
TEST_09906,notAB
TEST_09912,notAB
TEST_09927,notAB
TEST_09931,notAB
TEST_09944,notAB
TEST_09958,notAB
TEST_09971,notAB
TEST_09977,notAB
TEST_09981,notAB
TEST_09997,notAB
TEST_10001,notAB
TEST_10004,notAB
TEST_10020,notAB
TEST_10022,notAB
TEST_10027,notAB
TEST_10028,notAB
TEST_10031,notAB
TEST_10034,notAB
TEST_10037,notAB
TEST_10039,notAB
TEST_10040,notAB
TEST_10051,notAB
TEST_10054,notAB
TEST_10056,notAB
TEST_10061,notAB
TEST_10063,notAB
TEST_10075,notAB
TEST_10087,notAB
TEST_10091,notAB
TEST_10093,notAB
TEST_10102,notAB
TEST_10117,notAB
TEST_10138,notAB
TEST_10141,notAB
TEST_10147,notAB
TEST_10150,notAB
TEST_10161,notAB
TEST_10166,notAB
TEST_10173,notAB
TEST_10174,notAB
TEST_10184,notAB
TEST_10197,notAB
TEST_10199,notAB
TEST_10213,notAB
TEST_10226,notAB
TEST_10231,notAB
TEST_10236,notAB
TEST_10237,notAB
TEST_10239,notAB
TEST_10247,notAB
TEST_10250,notAB
TEST_10252,notAB
TEST_10256,notAB
TEST_10271,notAB
TEST_10275,notAB
TEST_10279,notAB
TEST_10285,notAB
TEST_10286,notAB
TEST_10298,notAB
TEST_10299,notAB
TEST_10300,notAB
TEST_10305,notAB
TEST_10306,notAB
TEST_10310,notAB
TEST_10326,notAB
TEST_10333,notAB
TEST_10336,notAB
TEST_10347,notAB
TEST_10359,notAB
TEST_10362,notAB
TEST_10366,notAB
TEST_10373,notAB
TEST_10377,notAB
TEST_10382,notAB
TEST_10383,notAB
TEST_10385,notAB
TEST_10392,notAB
TEST_10393,notAB
TEST_10394,notAB
TEST_10395,notAB
TEST_10408,notAB
TEST_10425,notAB
TEST_10437,notAB
TEST_10441,notAB
TEST_10443,notAB
TEST_10449,notAB
TEST_10456,notAB
TEST_10475,notAB
TEST_10481,notAB
TEST_10483,notAB
TEST_10498,notAB
TEST_10500,notAB
TEST_10502,notAB
TEST_10507,notAB
TEST_10508,notAB
TEST_10510,notAB
TEST_10521,notAB
TEST_10532,notAB
TEST_10546,notAB
TEST_10547,notAB
TEST_10555,notAB
TEST_10557,notAB
TEST_10558,notAB
TEST_10561,notAB
TEST_10562,notAB
TEST_10568,notAB
TEST_10578,notAB
TEST_10579,notAB
TEST_10581,notAB
TEST_10583,notAB
TEST_10591,notAB
TEST_10596,notAB
TEST_10603,notAB
TEST_10620,notAB
TEST_10623,notAB
TEST_10645,notAB
TEST_10647,notAB
TEST_10659,notAB
TEST_10660,notAB
TEST_10673,notAB
TEST_10692,notAB
TEST_10699,notAB
TEST_10706,notAB
TEST_10708,notAB
TEST_10717,notAB
TEST_10727,notAB
TEST_10743,notAB
TEST_10748,notAB
TEST_10750,notAB
TEST_10752,notAB
TEST_10754,notAB
TEST_10757,notAB
TEST_10758,notAB
TEST_10763,notAB
TEST_10766,notAB
TEST_10780,notAB
TEST_10781,notAB
TEST_10793,notAB
TEST_10794,notAB
TEST_10806,notAB
TEST_10811,notAB
TEST_10813,notAB
TEST_10824,notAB
TEST_10828,notAB
TEST_10833,notAB
TEST_10835,notAB
TEST_10836,notAB
TEST_10840,notAB
TEST_10841,notAB
TEST_10843,notAB
TEST_10850,notAB
TEST_10857,notAB
TEST_10871,notAB
TEST_10880,notAB
TEST_10882,notAB
TEST_10887,notAB
TEST_10890,notAB
TEST_10898,notAB
TEST_10903,notAB
TEST_10905,notAB
TEST_10912,notAB
TEST_10919,notAB
TEST_10922,notAB
TEST_10923,notAB
TEST_10925,notAB
TEST_10931,notAB
TEST_10942,notAB
TEST_10943,notAB
TEST_10963,notAB
TEST_10964,notAB
TEST_10969,notAB
TEST_10970,notAB
TEST_10987,notAB
TEST_10997,notAB
TEST_11000,notAB
TEST_11002,notAB
TEST_11006,notAB
TEST_11009,notAB
TEST_11013,notAB
TEST_11018,notAB
TEST_11026,notAB
TEST_11028,notAB
TEST_11031,notAB
TEST_11046,notAB
TEST_11047,notAB
TEST_11049,notAB
TEST_11052,notAB
TEST_11053,notAB
TEST_11055,notAB
TEST_11057,notAB
TEST_11060,notAB
TEST_11067,notAB
TEST_11073,notAB
TEST_11081,notAB
TEST_11084,notAB
TEST_11089,notAB
TEST_11093,notAB
TEST_11096,notAB
TEST_11104,notAB
TEST_11112,notAB
TEST_11114,notAB
TEST_11120,notAB
TEST_11128,notAB
TEST_11143,notAB
TEST_11149,notAB
TEST_11158,notAB
TEST_11161,notAB
TEST_11167,notAB
TEST_11168,notAB
TEST_11169,notAB
TEST_11170,notAB
TEST_11172,notAB
TEST_11184,notAB
TEST_11200,notAB
TEST_11202,notAB
TEST_11203,notAB
TEST_11211,notAB
TEST_11216,notAB
TEST_11218,notAB
TEST_11221,notAB
TEST_11223,notAB
TEST_11225,notAB
TEST_11232,notAB
TEST_11237,notAB
TEST_11247,notAB
TEST_11248,notAB
TEST_11249,notAB
TEST_11261,notAB
TEST_11268,notAB
TEST_11293,notAB
TEST_11294,notAB
TEST_11297,notAB
TEST_11298,notAB
TEST_11303,notAB
TEST_11304,notAB
TEST_11308,notAB
TEST_11310,notAB
TEST_11315,notAB
TEST_11316,notAB
TEST_11348,notAB
TEST_11355,notAB
TEST_11362,notAB
TEST_11364,notAB
TEST_11368,notAB
TEST_11381,notAB
TEST_11386,notAB
TEST_11387,notAB
TEST_11410,notAB
TEST_11411,notAB
TEST_11413,notAB
TEST_11425,notAB
TEST_11436,notAB
TEST_11454,notAB
TEST_11455,notAB
TEST_11459,notAB
TEST_11460,notAB
TEST_11465,notAB
TEST_11471,notAB
TEST_11481,notAB
TEST_11482,notAB
TEST_11483,notAB
TEST_11486,notAB
TEST_11493,notAB
TEST_11494,notAB
TEST_11498,notAB
TEST_11499,notAB
TEST_11501,notAB
TEST_11506,notAB
TEST_11512,notAB
TEST_11518,notAB
TEST_11520,notAB
TEST_11523,notAB
TEST_11524,notAB
TEST_11530,notAB
TEST_11539,notAB
TEST_11543,notAB
TEST_11550,notAB
TEST_11557,notAB
TEST_11563,notAB
TEST_11566,notAB
TEST_11567,notAB
TEST_11572,notAB
TEST_11577,notAB
TEST_11587,notAB
TEST_11600,notAB
TEST_11602,notAB
TEST_11620,notAB
TEST_11627,notAB
TEST_11630,notAB
TEST_11645,notAB
TEST_11649,notAB
TEST_11652,notAB
TEST_11672,notAB
TEST_11684,notAB
TEST_11692,notAB
TEST_11702,notAB
TEST_11715,notAB
TEST_11717,notAB
TEST_11719,notAB
TEST_11730,notAB
TEST_11740,notAB
TEST_11744,notAB
TEST_11749,notAB
TEST_11769,notAB
TEST_11773,notAB
TEST_11788,notAB
TEST_11804,notAB
TEST_11816,notAB
TEST_11822,notAB
TEST_11825,notAB
TEST_11832,notAB
TEST_11835,notAB
TEST_11841,notAB
TEST_11843,notAB
TEST_11852,notAB
TEST_11854,notAB
TEST_11856,notAB
TEST_11862,notAB
TEST_11864,notAB
TEST_11873,notAB
TEST_11874,notAB
TEST_11875,notAB
TEST_11878,notAB
TEST_11880,notAB
TEST_11896,notAB
TEST_11904,notAB
TEST_11920,notAB
TEST_11923,notAB
TEST_11925,notAB
TEST_11933,notAB
TEST_11935,notAB
TEST_11941,notAB
TEST_11952,notAB
TEST_11967,notAB
TEST_11969,notAB
TEST_11970,notAB
TEST_11980,notAB
TEST_11991,notAB
TEST_11993,notAB
TEST_11997,notAB
TEST_12000,notAB
TEST_12006,notAB
TEST_12011,notAB
TEST_12017,notAB
TEST_12019,notAB
TEST_12022,notAB
TEST_12024,notAB
TEST_12028,notAB
TEST_12034,notAB
TEST_12036,notAB
TEST_12055,notAB
TEST_12063,notAB
TEST_12072,notAB
TEST_12074,notAB
TEST_12084,notAB
TEST_12091,notAB
TEST_12101,notAB
TEST_12102,notAB
TEST_12105,notAB
TEST_12111,notAB
TEST_12121,notAB
TEST_12122,notAB
TEST_12127,notAB
TEST_12133,notAB
TEST_12144,notAB
TEST_12166,notAB
TEST_12168,notAB
TEST_12171,notAB
TEST_12176,notAB
TEST_12178,notAB
TEST_12179,notAB
TEST_12181,notAB
TEST_12183,notAB
TEST_12186,notAB
TEST_12194,notAB
TEST_12205,notAB
TEST_12206,notAB
TEST_12208,notAB
TEST_12214,notAB
TEST_12221,notAB
TEST_12225,notAB
TEST_12230,notAB
TEST_12231,notAB
TEST_12233,notAB
TEST_12236,notAB
TEST_12238,notAB
TEST_12239,notAB
TEST_12253,notAB
TEST_12257,notAB
TEST_12259,notAB
TEST_12266,notAB
TEST_12267,notAB
TEST_12269,notAB
TEST_12273,notAB
TEST_12276,notAB
TEST_12280,notAB
TEST_12284,notAB
TEST_12287,notAB
TEST_12292,notAB
TEST_12299,notAB
TEST_12301,notAB
TEST_12302,notAB
TEST_12314,notAB
TEST_12320,notAB
TEST_12323,notAB
TEST_12345,notAB
TEST_12348,notAB
TEST_12352,notAB
TEST_12354,notAB
TEST_12377,notAB
TEST_12379,notAB
TEST_12389,notAB
TEST_12391,notAB
TEST_12395,notAB
TEST_12413,notAB
TEST_12415,notAB
TEST_12419,notAB
TEST_12433,notAB
TEST_12437,notAB
TEST_12439,notAB
TEST_12441,notAB
TEST_12445,notAB
TEST_12462,notAB
TEST_12467,notAB
TEST_12471,notAB
TEST_12474,notAB
TEST_12485,notAB
TEST_12489,notAB
TEST_12490,notAB
TEST_12498,notAB
TEST_12499,notAB
TEST_12510,notAB
TEST_12517,notAB
TEST_12526,notAB
TEST_12543,notAB
TEST_12546,notAB
TEST_12548,notAB
TEST_12553,notAB
TEST_12563,notAB
TEST_12565,notAB
TEST_12566,notAB
TEST_12578,notAB
TEST_12594,notAB
TEST_12595,notAB
TEST_12597,notAB
TEST_12608,notAB
TEST_12632,notAB
TEST_12643,notAB
TEST_12655,notAB
TEST_12657,notAB
TEST_12665,notAB
TEST_12682,notAB
TEST_12688,notAB
TEST_12694,notAB
TEST_12711,notAB
TEST_12712,notAB
TEST_12714,notAB
TEST_12719,notAB
TEST_12731,notAB
TEST_12734,notAB
TEST_12738,notAB
TEST_12742,notAB
TEST_12743,notAB
TEST_12749,notAB
TEST_12757,notAB
TEST_12762,notAB
TEST_12769,notAB
TEST_12795,notAB
TEST_12796,notAB
TEST_12813,notAB
TEST_12836,notAB
TEST_12843,notAB
TEST_12847,notAB
TEST_12850,notAB
TEST_12855,notAB
TEST_12856,notAB
TEST_12863,notAB
TEST_12868,notAB
TEST_12878,notAB
TEST_12880,notAB
TEST_12882,notAB
TEST_12886,notAB
TEST_12893,notAB
TEST_12897,notAB
TEST_12904,notAB
TEST_12907,notAB
TEST_12908,notAB
TEST_12911,notAB
TEST_12917,notAB
TEST_12924,notAB
TEST_12928,notAB
TEST_12939,notAB
TEST_12951,notAB
TEST_12960,notAB
TEST_12989,notAB
TEST_13002,notAB
TEST_13004,notAB
TEST_13014,notAB
TEST_13024,notAB
TEST_13049,notAB
TEST_13055,notAB
TEST_13057,notAB
TEST_13061,notAB
TEST_13070,notAB
TEST_13073,notAB
TEST_13074,notAB
TEST_13080,notAB
TEST_13091,notAB
TEST_13094,notAB
TEST_13104,notAB
TEST_13133,notAB
TEST_13136,notAB
TEST_13143,notAB
TEST_13146,notAB
TEST_13147,notAB
TEST_13148,notAB
TEST_13151,notAB
TEST_13160,notAB
TEST_13161,notAB
TEST_13164,notAB
TEST_13168,notAB
TEST_13179,notAB
TEST_13180,notAB
TEST_13184,notAB
TEST_13189,notAB
TEST_13199,notAB
TEST_13206,notAB
TEST_13214,notAB
TEST_13219,notAB
TEST_13220,notAB
TEST_13224,notAB
TEST_13225,notAB
TEST_13229,notAB
TEST_13232,notAB
TEST_13239,notAB
TEST_13242,notAB
TEST_13245,notAB
TEST_13246,notAB
TEST_13247,notAB
TEST_13268,notAB
TEST_13276,notAB
TEST_13288,notAB
TEST_13293,notAB
TEST_13309,notAB
TEST_13310,notAB
TEST_13315,notAB
TEST_13320,notAB
TEST_13324,notAB
TEST_13326,notAB
TEST_13330,notAB
TEST_13344,notAB
TEST_13351,notAB
TEST_13354,notAB
TEST_13356,notAB
TEST_13358,notAB
TEST_13373,notAB
TEST_13387,notAB
TEST_13389,notAB
TEST_13392,notAB
TEST_13393,notAB
TEST_13402,notAB
TEST_13407,notAB
TEST_13415,notAB
TEST_13424,notAB
TEST_13426,notAB
TEST_13429,notAB
TEST_13430,notAB
TEST_13432,notAB
TEST_13436,notAB
TEST_13443,notAB
TEST_13446,notAB
TEST_13453,notAB
TEST_13458,notAB
TEST_13467,notAB
TEST_13471,notAB
TEST_13472,notAB
TEST_13476,notAB
TEST_13480,notAB
TEST_13483,notAB
TEST_13497,notAB
TEST_13509,notAB
TEST_13517,notAB
TEST_13522,notAB
TEST_13526,notAB
TEST_13529,notAB
TEST_13533,notAB
TEST_13541,notAB
TEST_13548,notAB
TEST_13553,notAB
TEST_13559,notAB
TEST_13563,notAB
TEST_13568,notAB
TEST_13569,notAB
TEST_13572,notAB
TEST_13580,notAB
TEST_13581,notAB
TEST_13584,notAB
TEST_13586,notAB
TEST_13592,notAB
TEST_13613,notAB
TEST_13615,notAB
TEST_13624,notAB
TEST_13627,notAB
TEST_13629,notAB
TEST_13633,notAB
TEST_13638,notAB
TEST_13639,notAB
TEST_13643,notAB
TEST_13651,notAB
TEST_13652,notAB
TEST_13653,notAB
TEST_13655,notAB
TEST_13677,notAB
TEST_13683,notAB
TEST_13685,notAB
TEST_13689,notAB
TEST_13694,notAB
TEST_13703,notAB
TEST_13705,notAB
TEST_13706,notAB
TEST_13718,notAB
TEST_13730,notAB
TEST_13743,notAB
TEST_13751,notAB
TEST_13772,notAB
TEST_13780,notAB
TEST_13789,notAB
TEST_13803,notAB
TEST_13807,notAB
TEST_13816,notAB
TEST_13817,notAB
TEST_13821,notAB
TEST_13828,notAB
TEST_13834,notAB
TEST_13835,notAB
TEST_13838,notAB
TEST_13849,notAB
TEST_13859,notAB
TEST_13861,notAB
TEST_13866,notAB
TEST_13873,notAB
TEST_13875,notAB
TEST_13876,notAB
TEST_13881,notAB
TEST_13898,notAB
TEST_13906,notAB
TEST_13909,notAB
TEST_13912,notAB
TEST_13913,notAB
TEST_13914,notAB
TEST_13916,notAB
TEST_13923,notAB
TEST_13928,notAB
TEST_13930,notAB
TEST_13931,notAB
TEST_13933,notAB
TEST_13943,notAB
TEST_13947,notAB
TEST_13950,notAB
TEST_13953,notAB
TEST_13977,notAB
TEST_13980,notAB
TEST_13982,notAB
TEST_13986,notAB
TEST_13989,notAB
TEST_13995,notAB
TEST_13997,notAB
TEST_14000,notAB
TEST_14017,notAB
TEST_14019,notAB
TEST_14022,notAB
TEST_14024,notAB
TEST_14033,notAB
TEST_14034,notAB
TEST_14044,notAB
TEST_14047,notAB
TEST_14052,notAB
TEST_14054,notAB
TEST_14060,notAB
TEST_14061,notAB
TEST_14062,notAB
TEST_14069,notAB
TEST_14086,notAB
TEST_14101,notAB
TEST_14117,notAB
TEST_14118,notAB
TEST_14122,notAB
TEST_14128,notAB
TEST_14130,notAB
TEST_14132,notAB
TEST_14145,notAB
TEST_14146,notAB
TEST_14153,notAB
TEST_14161,notAB
TEST_14162,notAB
TEST_14164,notAB
TEST_14167,notAB
TEST_14169,notAB
TEST_14174,notAB
TEST_14183,notAB
TEST_14196,notAB
TEST_14198,notAB
TEST_14202,notAB
TEST_14234,notAB
TEST_14265,notAB
TEST_14270,notAB
TEST_14271,notAB
TEST_14276,notAB
TEST_14285,notAB
TEST_14290,notAB
TEST_14293,notAB
TEST_14296,notAB
TEST_14300,notAB
TEST_14302,notAB
TEST_14308,notAB
TEST_14312,notAB
TEST_14317,notAB
TEST_14321,notAB
TEST_14335,notAB
TEST_14339,notAB
TEST_14340,notAB
TEST_14341,notAB
TEST_14347,notAB
TEST_14356,notAB
TEST_14358,notAB
TEST_14364,notAB
TEST_14370,notAB
TEST_14374,notAB
TEST_14382,notAB
TEST_14387,notAB
TEST_14389,notAB
TEST_14391,notAB
TEST_14401,notAB
TEST_14412,notAB
TEST_14438,notAB
TEST_14451,notAB
TEST_14455,notAB
TEST_14460,notAB
TEST_14473,notAB
TEST_14475,notAB
TEST_14477,notAB
TEST_14484,notAB
TEST_14489,notAB
TEST_14496,notAB
TEST_14502,notAB
TEST_14509,notAB
TEST_14513,notAB
TEST_14514,notAB
TEST_14518,notAB
TEST_14532,notAB
TEST_14541,notAB
TEST_14545,notAB
TEST_14555,notAB
TEST_14557,notAB
TEST_14567,notAB
TEST_14569,notAB
TEST_14575,notAB
TEST_14580,notAB
TEST_14583,notAB
TEST_14603,notAB
TEST_14609,notAB
TEST_14610,notAB
TEST_14612,notAB
TEST_14614,notAB
TEST_14616,notAB
TEST_14619,notAB
TEST_14622,notAB
TEST_14624,notAB
TEST_14625,notAB
TEST_14631,notAB
TEST_14639,notAB
TEST_14640,notAB
TEST_14656,notAB
TEST_14658,notAB
TEST_14673,notAB
TEST_14677,notAB
TEST_14679,notAB
TEST_14689,notAB
TEST_14693,notAB
TEST_14705,notAB
TEST_14713,notAB
TEST_14714,notAB
TEST_14728,notAB
TEST_14735,notAB
TEST_14737,notAB
TEST_14755,notAB
TEST_14759,notAB
TEST_14765,notAB
TEST_14770,notAB
TEST_14774,notAB
TEST_14777,notAB
TEST_14787,notAB
TEST_14803,notAB
TEST_14804,notAB
TEST_14820,notAB
TEST_14825,notAB
TEST_14838,notAB
TEST_14842,notAB
TEST_14844,notAB
TEST_14877,notAB
TEST_14881,notAB
TEST_14883,notAB
TEST_14899,notAB
TEST_14901,notAB
TEST_14905,notAB
TEST_14911,notAB
TEST_14914,notAB
TEST_14921,notAB
TEST_14928,notAB
TEST_14933,notAB
TEST_14942,notAB
TEST_14949,notAB
TEST_14950,notAB
TEST_14968,notAB
TEST_14970,notAB
TEST_14973,notAB
TEST_14980,notAB
TEST_14985,notAB
TEST_14991,notAB
TEST_15003,notAB
TEST_15004,notAB
TEST_15037,notAB
TEST_15064,notAB
TEST_15066,notAB
TEST_15067,notAB
TEST_15079,notAB
TEST_15086,notAB
TEST_15095,notAB
TEST_15102,notAB
TEST_15110,notAB
TEST_15113,notAB
TEST_15124,notAB
TEST_15129,notAB
TEST_15137,notAB
TEST_15138,notAB
TEST_15139,notAB
TEST_15141,notAB
TEST_15143,notAB
TEST_15150,notAB
TEST_15151,notAB
TEST_15152,notAB
TEST_15154,notAB
TEST_15158,notAB
TEST_15161,notAB
TEST_15163,notAB
TEST_15167,notAB
TEST_15171,notAB
TEST_15177,notAB
TEST_15182,notAB
TEST_15184,notAB
TEST_15195,notAB
TEST_15196,notAB
TEST_15197,notAB
TEST_15205,notAB
TEST_15206,notAB
TEST_15210,notAB
TEST_15214,notAB
TEST_15220,notAB
TEST_15221,notAB
TEST_15239,notAB
TEST_15248,notAB
TEST_15254,notAB
TEST_15261,notAB
TEST_15264,notAB
TEST_15271,notAB
TEST_15277,notAB
TEST_15286,notAB
TEST_15288,notAB
TEST_15291,notAB
TEST_15299,notAB
TEST_15305,notAB
TEST_15317,notAB
TEST_15320,notAB
TEST_15328,notAB
TEST_15332,notAB
TEST_15337,notAB
TEST_15340,notAB
TEST_15341,notAB
TEST_15342,notAB
TEST_15351,notAB
TEST_15359,notAB
TEST_15361,notAB
TEST_15379,notAB
TEST_15383,notAB
TEST_15386,notAB
TEST_15387,notAB
TEST_15395,notAB
TEST_15400,notAB
TEST_15401,notAB
TEST_15424,notAB
TEST_15439,notAB
TEST_15444,notAB
TEST_15445,notAB
TEST_15447,notAB
TEST_15451,notAB
TEST_15467,notAB
TEST_15480,notAB
TEST_15486,notAB
TEST_15489,notAB
TEST_15496,notAB
TEST_15498,notAB
TEST_15500,notAB
TEST_15506,notAB
TEST_15512,notAB
TEST_15522,notAB
TEST_15523,notAB
TEST_15526,notAB
TEST_15528,notAB
TEST_15533,notAB
TEST_15541,notAB
TEST_15544,notAB
TEST_15548,notAB
TEST_15555,notAB
TEST_15556,notAB
TEST_15557,notAB
TEST_15560,notAB
TEST_15561,notAB
TEST_15563,notAB
TEST_15564,notAB
TEST_15581,notAB
TEST_15605,notAB
TEST_15610,notAB
TEST_15613,notAB
TEST_15617,notAB
TEST_15619,notAB
TEST_15624,notAB
TEST_15626,notAB
TEST_15657,notAB
TEST_15659,notAB
TEST_15668,notAB
TEST_15681,notAB
TEST_15682,notAB
TEST_15694,notAB
TEST_15697,notAB
TEST_15699,notAB
TEST_15704,notAB
TEST_15706,notAB
TEST_15712,notAB
TEST_15713,notAB
TEST_15725,notAB
TEST_15736,notAB
TEST_15739,notAB
TEST_15747,notAB
TEST_15749,notAB
TEST_15751,notAB
TEST_15763,notAB
TEST_15766,notAB
TEST_15767,notAB
TEST_15782,notAB
TEST_15783,notAB
TEST_15790,notAB
TEST_15792,notAB
TEST_15796,notAB
TEST_15815,notAB
TEST_15817,notAB
TEST_15819,notAB
TEST_15822,notAB
TEST_15834,notAB
TEST_15839,notAB
TEST_15843,notAB
TEST_15849,notAB
TEST_15857,notAB
TEST_15858,notAB
TEST_15861,notAB
TEST_15862,notAB
TEST_15866,notAB
TEST_15867,notAB
TEST_15869,notAB
TEST_15872,notAB
TEST_15874,notAB
TEST_15888,notAB
TEST_15893,notAB
TEST_15896,notAB
TEST_15905,notAB
TEST_15915,notAB
TEST_15923,notAB
TEST_15929,notAB
TEST_15934,notAB
TEST_15936,notAB
TEST_15939,notAB
TEST_15941,notAB
TEST_15943,notAB
TEST_15947,notAB
TEST_15951,notAB
TEST_15959,notAB
TEST_15968,notAB
TEST_15982,notAB
TEST_16005,notAB
TEST_16006,notAB
TEST_16010,notAB
TEST_16013,notAB
TEST_16014,notAB
TEST_16024,notAB
TEST_16026,notAB
TEST_16028,notAB
TEST_16030,notAB
TEST_16035,notAB
TEST_16037,notAB
TEST_16044,notAB
TEST_16048,notAB
TEST_16053,notAB
TEST_16057,notAB
TEST_16065,notAB
TEST_16067,notAB
TEST_16068,notAB
TEST_16072,notAB
TEST_16082,notAB
TEST_16094,notAB
TEST_16099,notAB
TEST_16101,notAB
TEST_16106,notAB
TEST_16110,notAB
TEST_16113,notAB
TEST_16114,notAB
TEST_16118,notAB
TEST_16122,notAB
TEST_16140,notAB
TEST_16144,notAB
TEST_16146,notAB
TEST_16151,notAB
TEST_16185,notAB
TEST_16188,notAB
TEST_16192,notAB
TEST_16217,notAB
TEST_16226,notAB
TEST_16237,notAB
TEST_16245,notAB
TEST_16246,notAB
TEST_16251,notAB
TEST_16256,notAB
TEST_16260,notAB
TEST_16267,notAB
TEST_16271,notAB
TEST_16276,notAB
TEST_16286,notAB
TEST_16288,notAB
TEST_16293,notAB
TEST_16296,notAB
TEST_16303,notAB
TEST_16308,notAB
TEST_16315,notAB
TEST_16317,notAB
TEST_16320,notAB
TEST_16322,notAB
TEST_16326,notAB
TEST_16329,notAB
TEST_16330,notAB
TEST_16332,notAB
TEST_16337,notAB
TEST_16351,notAB
TEST_16359,notAB
TEST_16362,notAB
TEST_16369,notAB
TEST_16372,notAB
TEST_16376,notAB
TEST_16381,notAB
TEST_16385,notAB
TEST_16401,notAB
TEST_16402,notAB
TEST_16403,notAB
TEST_16418,notAB
TEST_16419,notAB
TEST_16424,notAB
TEST_16425,notAB
TEST_16428,notAB
TEST_16431,notAB
TEST_16432,notAB
TEST_16434,notAB
TEST_16435,notAB
TEST_16436,notAB
TEST_16444,notAB
TEST_16446,notAB
TEST_16451,notAB
TEST_16454,notAB
TEST_16455,notAB
TEST_16460,notAB
TEST_16461,notAB
TEST_16470,notAB
TEST_16476,notAB
TEST_16477,notAB
TEST_16492,notAB
TEST_16506,notAB
TEST_16508,notAB
TEST_16521,notAB
TEST_16523,notAB
TEST_16526,notAB
TEST_16528,notAB
TEST_16534,notAB
TEST_16540,notAB
TEST_16546,notAB
TEST_16557,notAB
TEST_16569,notAB
TEST_16576,notAB
TEST_16584,notAB
TEST_16587,notAB
TEST_16589,notAB
TEST_16604,notAB
TEST_16605,notAB
TEST_16627,notAB
TEST_16635,notAB
TEST_16636,notAB
TEST_16638,notAB
TEST_16661,notAB
TEST_16675,notAB
TEST_16680,notAB
TEST_16682,notAB
TEST_16685,notAB
TEST_16688,notAB
TEST_16694,notAB
TEST_16695,notAB
TEST_16701,notAB
TEST_16710,notAB
TEST_16738,notAB
TEST_16748,notAB
TEST_16756,notAB
TEST_16757,notAB
TEST_16768,notAB
TEST_16785,notAB
TEST_16792,notAB
TEST_16798,notAB
TEST_16808,notAB
TEST_16809,notAB
TEST_16826,notAB
TEST_16829,notAB
TEST_16831,notAB
TEST_16846,notAB
TEST_16867,notAB
TEST_16869,notAB
TEST_16883,notAB
TEST_16885,notAB
TEST_16886,notAB
TEST_16890,notAB
TEST_16927,notAB
TEST_16929,notAB
TEST_16930,notAB
TEST_16933,notAB
TEST_16937,notAB
TEST_16941,notAB
TEST_16943,notAB
TEST_16944,notAB
TEST_16948,notAB
TEST_16949,notAB
TEST_16957,notAB
TEST_16961,notAB
TEST_16964,notAB
TEST_16967,notAB
TEST_16969,notAB
TEST_16971,notAB
TEST_16972,notAB
TEST_16975,notAB
TEST_16977,notAB
TEST_16981,notAB
TEST_16987,notAB
TEST_16996,notAB
TEST_17002,notAB
TEST_17010,notAB
TEST_17016,notAB
TEST_17017,notAB
TEST_17038,notAB
TEST_17041,notAB
TEST_17042,notAB
TEST_17044,notAB
TEST_17046,notAB
TEST_17052,notAB
TEST_17054,notAB
TEST_17060,notAB
TEST_17061,notAB
TEST_17062,notAB
TEST_17070,notAB
TEST_17073,notAB
TEST_17083,notAB
TEST_17084,notAB
TEST_17087,notAB
TEST_17089,notAB
TEST_17091,notAB
TEST_17098,notAB
TEST_17101,notAB
TEST_17104,notAB
TEST_17113,notAB
TEST_17124,notAB
TEST_17129,notAB
TEST_17131,notAB
TEST_17136,notAB
TEST_17140,notAB
TEST_17144,notAB
TEST_17149,notAB
TEST_17150,notAB
TEST_17157,notAB
TEST_17158,notAB
TEST_17164,notAB
TEST_17165,notAB
TEST_17167,notAB
TEST_17173,notAB
TEST_17175,notAB
TEST_17182,notAB
TEST_17183,notAB
TEST_17187,notAB
TEST_17189,notAB
TEST_17195,notAB
TEST_17206,notAB
TEST_17212,notAB
TEST_17215,notAB
TEST_17216,notAB
TEST_17236,notAB
TEST_17239,notAB
TEST_17240,notAB
TEST_17241,notAB
TEST_17246,notAB
TEST_17250,notAB
TEST_17252,notAB
TEST_17253,notAB
TEST_17266,notAB
TEST_17289,notAB
TEST_17291,notAB
TEST_17295,notAB
TEST_17298,notAB
TEST_17299,notAB
TEST_17305,notAB
TEST_17311,notAB
TEST_17312,notAB
TEST_17323,notAB
TEST_17327,notAB
TEST_17335,notAB
TEST_17342,notAB
TEST_17353,notAB
TEST_17362,notAB
TEST_17372,notAB
TEST_17393,notAB
TEST_17400,notAB
TEST_17411,notAB
TEST_17425,notAB
TEST_17436,notAB
TEST_17443,notAB
TEST_17445,notAB
TEST_17448,notAB
TEST_17453,notAB
TEST_17454,notAB
TEST_17472,notAB
TEST_17473,notAB
TEST_17485,notAB
TEST_17491,notAB
TEST_17492,notAB
TEST_17494,notAB
TEST_17497,notAB
TEST_17498,notAB
TEST_17499,notAB
TEST_17500,notAB
TEST_17502,notAB
TEST_17533,notAB
TEST_17535,notAB
TEST_17541,notAB
TEST_17550,notAB
TEST_17553,notAB
TEST_17557,notAB
TEST_17566,notAB
TEST_17567,notAB
TEST_17578,notAB
TEST_17589,notAB
TEST_17596,notAB
TEST_17610,notAB
TEST_17616,notAB
TEST_17628,notAB
TEST_17629,notAB
TEST_17637,notAB
TEST_17650,notAB
TEST_17656,notAB
TEST_17664,notAB
TEST_17679,notAB
TEST_17685,notAB
TEST_17688,notAB
TEST_17692,notAB
TEST_17693,notAB
TEST_17706,notAB
TEST_17715,notAB
TEST_17716,notAB
TEST_17722,notAB
TEST_17724,notAB
TEST_17727,notAB
TEST_17751,notAB
TEST_17752,notAB
TEST_17754,notAB
TEST_17757,notAB
TEST_17760,notAB
TEST_17765,notAB
TEST_17766,notAB
TEST_17771,notAB
TEST_17774,notAB
TEST_17776,notAB
TEST_17779,notAB
TEST_17781,notAB
TEST_17782,notAB
TEST_17786,notAB
TEST_17789,notAB
TEST_17791,notAB
TEST_17793,notAB
TEST_17802,notAB
TEST_17805,notAB
TEST_17806,notAB
TEST_17808,notAB
TEST_17812,notAB
TEST_17814,notAB
TEST_17820,notAB
TEST_17828,notAB
TEST_17834,notAB
TEST_17836,notAB
TEST_17844,notAB
TEST_17845,notAB
TEST_17847,notAB
TEST_17850,notAB
TEST_17871,notAB
TEST_17902,notAB
TEST_17916,notAB
TEST_17919,notAB
TEST_17922,notAB
TEST_17923,notAB
TEST_17929,notAB
TEST_17936,notAB
TEST_17942,notAB
TEST_17946,notAB
TEST_17951,notAB
TEST_17958,notAB
TEST_17965,notAB
TEST_17966,notAB
TEST_17967,notAB
TEST_17970,notAB
TEST_17971,notAB
TEST_17972,notAB
TEST_17977,notAB
TEST_17978,notAB
TEST_17990,notAB
TEST_17991,notAB
TEST_18003,notAB
TEST_18004,notAB
TEST_18007,notAB
TEST_18014,notAB
TEST_18016,notAB
TEST_18018,notAB
TEST_18020,notAB
TEST_18022,notAB
TEST_18023,notAB
TEST_18027,notAB
TEST_18030,notAB
TEST_18037,notAB
TEST_18045,notAB
TEST_18082,notAB
TEST_18088,notAB
TEST_18089,notAB
TEST_18101,notAB
TEST_18102,notAB
TEST_18105,notAB
TEST_18113,notAB
TEST_18115,notAB
TEST_18119,notAB
TEST_18123,notAB
TEST_18130,notAB
TEST_18138,notAB
TEST_18148,notAB
TEST_18151,notAB
TEST_18161,notAB
TEST_18166,notAB
TEST_18168,notAB
TEST_18176,notAB
TEST_18191,notAB
TEST_18215,notAB
TEST_18218,notAB
TEST_18228,notAB
TEST_18237,notAB
TEST_18238,notAB
TEST_18239,notAB
TEST_18242,notAB
TEST_18249,notAB
TEST_18258,notAB
TEST_18269,notAB
TEST_18270,notAB
TEST_18276,notAB
TEST_18282,notAB
TEST_18284,notAB
TEST_18288,notAB
TEST_18289,notAB
TEST_18296,notAB
TEST_18299,notAB
TEST_18304,notAB
TEST_18305,notAB
TEST_18310,notAB
TEST_18319,notAB
TEST_18320,notAB
TEST_18323,notAB
TEST_18332,notAB
TEST_18336,notAB
TEST_18341,notAB
TEST_18346,notAB
TEST_18349,notAB
TEST_18351,notAB
TEST_18357,notAB
TEST_18358,notAB
TEST_18366,notAB
TEST_18367,notAB
TEST_18371,notAB
TEST_18372,notAB
TEST_18375,notAB
TEST_18382,notAB
TEST_18383,notAB
TEST_18396,notAB
TEST_18397,notAB
TEST_18398,notAB
TEST_18399,notAB
TEST_18406,notAB
TEST_18408,notAB
TEST_18410,notAB
TEST_18413,notAB
TEST_18417,notAB
TEST_18418,notAB
TEST_18423,notAB
TEST_18424,notAB
TEST_18426,notAB
TEST_18430,notAB
TEST_18431,notAB
TEST_18433,notAB
TEST_18435,notAB
TEST_18440,notAB
TEST_18448,notAB
TEST_18450,notAB
TEST_18454,notAB
TEST_18459,notAB
TEST_18469,notAB
TEST_18474,notAB
TEST_18478,notAB
TEST_18482,notAB
TEST_18488,notAB
TEST_18490,notAB
TEST_18505,notAB
TEST_18508,notAB
TEST_18511,notAB
TEST_18512,notAB
TEST_18515,notAB
TEST_18528,notAB
TEST_18531,notAB
TEST_18563,notAB
TEST_18577,notAB
TEST_18579,notAB
TEST_18581,notAB
TEST_18586,notAB
TEST_18588,notAB
TEST_18593,notAB
TEST_18596,notAB
TEST_18608,notAB
TEST_18613,notAB
TEST_18630,notAB
TEST_18632,notAB
TEST_18635,notAB
TEST_18639,notAB
TEST_18640,notAB
TEST_18641,notAB
TEST_18642,notAB
TEST_18643,notAB
TEST_18645,notAB
TEST_18650,notAB
TEST_18653,notAB
TEST_18659,notAB
TEST_18663,notAB
TEST_18676,notAB
TEST_18679,notAB
TEST_18681,notAB
TEST_18687,notAB
TEST_18689,notAB
TEST_18692,notAB
TEST_18695,notAB
TEST_18697,notAB
TEST_18699,notAB
TEST_18700,notAB
TEST_18717,notAB
TEST_18724,notAB
TEST_18727,notAB
TEST_18739,notAB
TEST_18740,notAB
TEST_18741,notAB
TEST_18746,notAB
TEST_18765,notAB
TEST_18768,notAB
TEST_18780,notAB
TEST_18782,notAB
TEST_18783,notAB
TEST_18785,notAB
TEST_18792,notAB
TEST_18794,notAB
TEST_18800,notAB
TEST_18801,notAB
TEST_18807,notAB
TEST_18811,notAB
TEST_18821,notAB
TEST_18840,notAB
TEST_18845,notAB
TEST_18846,notAB
TEST_18848,notAB
TEST_18850,notAB
TEST_18854,notAB
TEST_18855,notAB
TEST_18860,notAB
TEST_18869,notAB
TEST_18895,notAB
TEST_18905,notAB
TEST_18910,notAB
TEST_18912,notAB
TEST_18916,notAB
TEST_18930,notAB
TEST_18932,notAB
TEST_18937,notAB
TEST_18942,notAB
TEST_18948,notAB
TEST_18962,notAB
TEST_18966,notAB
TEST_18971,notAB
TEST_18990,notAB
TEST_18999,notAB
TEST_19003,notAB
TEST_19005,notAB
TEST_19006,notAB
TEST_19013,notAB
TEST_19015,notAB
TEST_19023,notAB
TEST_19025,notAB
TEST_19032,notAB
TEST_19036,notAB
TEST_19037,notAB
TEST_19040,notAB
TEST_19045,notAB
TEST_19046,notAB
TEST_19048,notAB
TEST_19056,notAB
TEST_19065,notAB
TEST_19068,notAB
TEST_19069,notAB
TEST_19071,notAB
TEST_19077,notAB
TEST_19081,notAB
TEST_19091,notAB
TEST_19093,notAB
TEST_19103,notAB
TEST_19104,notAB
TEST_19107,notAB
TEST_19109,notAB
TEST_19110,notAB
TEST_19114,notAB
TEST_19116,notAB
TEST_19120,notAB
TEST_19122,notAB
TEST_19129,notAB
TEST_19144,notAB
TEST_19154,notAB
TEST_19169,notAB
TEST_19170,notAB
TEST_19174,notAB
TEST_19178,notAB
TEST_19183,notAB
TEST_19185,notAB
TEST_19186,notAB
TEST_19187,notAB
TEST_19189,notAB
TEST_19196,notAB
TEST_19200,notAB
TEST_19232,notAB
TEST_19260,notAB
TEST_19263,notAB
TEST_19267,notAB
TEST_19271,notAB
TEST_19273,notAB
TEST_19307,notAB
TEST_19315,notAB
TEST_19325,notAB
TEST_19329,notAB
TEST_19338,notAB
TEST_19345,notAB
TEST_19350,notAB
TEST_19356,notAB
TEST_19357,notAB
TEST_19360,notAB
TEST_19364,notAB
TEST_19366,notAB
TEST_19370,notAB
TEST_19371,notAB
TEST_19374,notAB
TEST_19380,notAB
TEST_19384,notAB
TEST_19393,notAB
TEST_19394,notAB
TEST_19395,notAB
TEST_19396,notAB
TEST_19401,notAB
TEST_19403,notAB
TEST_19406,notAB
TEST_19413,notAB
TEST_19420,notAB
TEST_19421,notAB
TEST_19428,notAB
TEST_19431,notAB
TEST_19436,notAB
TEST_19439,notAB
TEST_19461,notAB
TEST_19467,notAB
TEST_19470,notAB
TEST_19485,notAB
TEST_19492,notAB
TEST_19503,notAB
TEST_19515,notAB
TEST_19519,notAB
TEST_19537,notAB
TEST_19539,notAB
TEST_19553,notAB
TEST_19555,notAB
TEST_19564,notAB
TEST_19568,notAB
TEST_19570,notAB
TEST_19571,notAB
TEST_19573,notAB
TEST_19574,notAB
TEST_19581,notAB
TEST_19589,notAB
TEST_19591,notAB
TEST_19600,notAB
TEST_19602,notAB
TEST_19613,notAB
TEST_19623,notAB
TEST_19626,notAB
TEST_19632,notAB
TEST_19647,notAB
TEST_19652,notAB
TEST_19655,notAB
TEST_19658,notAB
TEST_19681,notAB
TEST_19707,notAB
TEST_19710,notAB
TEST_19713,notAB
TEST_19736,notAB
TEST_19746,notAB
TEST_19751,notAB
TEST_19765,notAB
TEST_19766,notAB
TEST_19770,notAB
TEST_19776,notAB
TEST_19781,notAB
TEST_19782,notAB
TEST_19783,notAB
TEST_19786,notAB
TEST_19788,notAB
TEST_19792,notAB
TEST_19797,notAB
TEST_19800,notAB
TEST_19802,notAB
TEST_19824,notAB
TEST_19829,notAB
TEST_19833,notAB
TEST_19836,notAB
TEST_19843,notAB
TEST_19845,notAB
TEST_19846,notAB
TEST_19848,notAB
TEST_19860,notAB
TEST_19867,notAB
TEST_19871,notAB
TEST_19875,notAB
TEST_19888,notAB
TEST_19896,notAB
TEST_19911,notAB
TEST_19921,notAB
TEST_19933,notAB
TEST_19935,notAB
TEST_19937,notAB
TEST_19938,notAB
TEST_19940,notAB
TEST_19942,notAB
TEST_19945,notAB
TEST_19960,notAB
TEST_19964,notAB
TEST_19967,notAB
TEST_19970,notAB
TEST_19977,notAB
TEST_19999,notAB
TEST_20001,notAB
TEST_20006,notAB
TEST_20010,notAB
TEST_20011,notAB
TEST_20028,notAB
TEST_20031,notAB
TEST_20037,notAB
TEST_20040,notAB
TEST_20049,notAB
TEST_20050,notAB
TEST_20075,notAB
TEST_20083,notAB
TEST_20086,notAB
TEST_20092,notAB
TEST_20098,notAB
TEST_20104,notAB
TEST_20109,notAB
TEST_20119,notAB
TEST_20124,notAB
TEST_20130,notAB
TEST_20134,notAB
TEST_20138,notAB
TEST_20143,notAB
TEST_20148,notAB
TEST_20149,notAB
TEST_20150,notAB
TEST_20154,notAB
TEST_20160,notAB
TEST_20161,notAB
TEST_20167,notAB
TEST_20168,notAB
TEST_20172,notAB
TEST_20175,notAB
TEST_20188,notAB
TEST_20190,notAB
TEST_20191,notAB
TEST_20199,notAB
TEST_20210,notAB
TEST_20230,notAB
TEST_20250,notAB
TEST_20258,notAB
TEST_20260,notAB
TEST_20263,notAB
TEST_20271,notAB
TEST_20272,notAB
TEST_20275,notAB
TEST_20281,notAB
TEST_20282,notAB
TEST_20283,notAB
TEST_20303,notAB
TEST_20323,notAB
TEST_20324,notAB
TEST_20326,notAB
TEST_20328,notAB
TEST_20335,notAB
TEST_20346,notAB
TEST_20348,notAB
TEST_20350,notAB
TEST_20352,notAB
TEST_20355,notAB
TEST_20369,notAB
TEST_20370,notAB
TEST_20373,notAB
TEST_20382,notAB
TEST_20386,notAB
TEST_20395,notAB
TEST_20405,notAB
TEST_20407,notAB
TEST_20419,notAB
TEST_20426,notAB
TEST_20431,notAB
TEST_20443,notAB
TEST_20447,notAB
TEST_20448,notAB
TEST_20450,notAB
TEST_20451,notAB
TEST_20458,notAB
TEST_20469,notAB
TEST_20470,notAB
TEST_20472,notAB
TEST_20476,notAB
TEST_20477,notAB
TEST_20478,notAB
TEST_20483,notAB
TEST_20484,notAB
TEST_20487,notAB
TEST_20491,notAB
TEST_20504,notAB
TEST_20529,notAB
TEST_20541,notAB
TEST_20546,notAB
TEST_20550,notAB
TEST_20554,notAB
TEST_20556,notAB
TEST_20564,notAB
TEST_20569,notAB
TEST_20570,notAB
TEST_20576,notAB
TEST_20577,notAB
TEST_20582,notAB
TEST_20587,notAB
TEST_20593,notAB
TEST_20605,notAB
TEST_20620,notAB
TEST_20621,notAB
TEST_20629,notAB
TEST_20643,notAB
TEST_20655,notAB
TEST_20661,notAB
TEST_20662,notAB
TEST_20663,notAB
TEST_20666,notAB
TEST_20667,notAB
TEST_20671,notAB
TEST_20673,notAB
TEST_20686,notAB
TEST_20692,notAB
TEST_20698,notAB
TEST_20706,notAB
TEST_20718,notAB
TEST_20719,notAB
TEST_20722,notAB
TEST_20728,notAB
TEST_20730,notAB
TEST_20742,notAB
TEST_20748,notAB
TEST_20762,notAB
TEST_20765,notAB
TEST_20774,notAB
TEST_20775,notAB
TEST_20779,notAB
TEST_20782,notAB
TEST_20789,notAB
TEST_20797,notAB
TEST_20799,notAB
TEST_20814,notAB
TEST_20820,notAB
TEST_20823,notAB
TEST_20831,notAB
TEST_20838,notAB
TEST_20842,notAB
TEST_20851,notAB
TEST_20853,notAB
TEST_20856,notAB
TEST_20859,notAB
TEST_20872,notAB
TEST_20876,notAB
TEST_20881,notAB
TEST_20882,notAB
TEST_20889,notAB
TEST_20891,notAB
TEST_20898,notAB
TEST_20904,notAB
TEST_20905,notAB
TEST_20906,notAB
TEST_20923,notAB
TEST_20925,notAB
TEST_20931,notAB
TEST_20942,notAB
TEST_20944,notAB
TEST_20958,notAB
TEST_20962,notAB
TEST_20964,notAB
TEST_20971,notAB
TEST_20972,notAB
TEST_20985,notAB
TEST_20986,notAB
TEST_20994,notAB
TEST_20997,notAB
TEST_21004,notAB
TEST_21007,notAB
TEST_21014,notAB
TEST_21034,notAB
TEST_21039,notAB
TEST_21041,notAB
TEST_21046,notAB
TEST_21047,notAB
TEST_21061,notAB
TEST_21069,notAB
TEST_21071,notAB
TEST_21084,notAB
TEST_21100,notAB
TEST_21105,notAB
TEST_21108,notAB
TEST_21109,notAB
TEST_21119,notAB
TEST_21122,notAB
TEST_21135,notAB
TEST_21141,notAB
TEST_21146,notAB
TEST_21147,notAB
TEST_21149,notAB
TEST_21162,notAB
TEST_21166,notAB
TEST_21167,notAB
TEST_21169,notAB
TEST_21182,notAB
TEST_21194,notAB
TEST_21207,notAB
TEST_21213,notAB
TEST_21231,notAB
TEST_21240,notAB
TEST_21257,notAB
TEST_21264,notAB
TEST_21273,notAB
TEST_21274,notAB
TEST_21276,notAB
TEST_21278,notAB
TEST_21296,notAB
TEST_21305,notAB
TEST_21313,notAB
TEST_21325,notAB
TEST_21327,notAB
TEST_21331,notAB
TEST_21332,notAB
TEST_21338,notAB
TEST_21346,notAB
TEST_21349,notAB
TEST_21356,notAB
TEST_21362,notAB
TEST_21367,notAB
TEST_21371,notAB
TEST_21380,notAB
TEST_21399,notAB
TEST_21404,notAB
TEST_21417,notAB
TEST_21418,notAB
TEST_21419,notAB
TEST_21427,notAB
TEST_21431,notAB
TEST_21432,notAB
TEST_21440,notAB
TEST_21442,notAB
TEST_21454,notAB
TEST_21461,notAB
TEST_21463,notAB
TEST_21465,notAB
TEST_21476,notAB
TEST_21486,notAB
TEST_21487,notAB
TEST_21498,notAB
TEST_21510,notAB
TEST_21511,notAB
TEST_21513,notAB
TEST_21522,notAB
TEST_21523,notAB
TEST_21526,notAB
TEST_21541,notAB
TEST_21543,notAB
TEST_21547,notAB
TEST_21548,notAB
TEST_21549,notAB
TEST_21550,notAB
TEST_21563,notAB
TEST_21564,notAB
TEST_21574,notAB
TEST_21577,notAB
TEST_21580,notAB
TEST_21584,notAB
TEST_21597,notAB
TEST_21601,notAB
TEST_21602,notAB
TEST_21604,notAB
TEST_21607,notAB
TEST_21615,notAB
TEST_21618,notAB
TEST_21625,notAB
TEST_21627,notAB
TEST_21628,notAB
TEST_21633,notAB
TEST_21636,notAB
TEST_21645,notAB
TEST_21652,notAB
TEST_21665,notAB
TEST_21667,notAB
TEST_21673,notAB
TEST_21676,notAB
TEST_21677,notAB
TEST_21681,notAB
TEST_21686,notAB
TEST_21691,notAB
TEST_21692,notAB
TEST_21693,notAB
TEST_21696,notAB
TEST_21698,notAB
TEST_21700,notAB
TEST_21706,notAB
TEST_21711,notAB
TEST_21714,notAB
TEST_21725,notAB
TEST_21737,notAB
TEST_21744,notAB
TEST_21757,notAB
TEST_21771,notAB
TEST_21780,notAB
TEST_21782,notAB
TEST_21788,notAB
TEST_21801,notAB
TEST_21806,notAB
TEST_21812,notAB
TEST_21816,notAB
TEST_21819,notAB
TEST_21820,notAB
TEST_21826,notAB
TEST_21828,notAB
TEST_21831,notAB
TEST_21836,notAB
TEST_21838,notAB
TEST_21843,notAB
TEST_21844,notAB
TEST_21846,notAB
TEST_21847,notAB
TEST_21849,notAB
TEST_21856,notAB
TEST_21862,notAB
TEST_21864,notAB
TEST_21881,notAB
TEST_21884,notAB
TEST_21890,notAB
TEST_21891,notAB
TEST_21907,notAB
TEST_21918,notAB
TEST_21929,notAB
TEST_21943,notAB
TEST_21961,notAB
TEST_21964,notAB
TEST_21965,notAB
TEST_21970,notAB
TEST_21971,notAB
TEST_21989,notAB
TEST_21998,notAB
TEST_21999,notAB
TEST_22001,notAB
TEST_22011,notAB
TEST_22023,notAB
TEST_22028,notAB
TEST_22031,notAB
TEST_22038,notAB
TEST_22053,notAB
TEST_22056,notAB
TEST_22087,notAB
TEST_22089,notAB
TEST_22092,notAB
TEST_22096,notAB
TEST_22122,notAB
TEST_22124,notAB
TEST_22125,notAB
TEST_22126,notAB
TEST_22127,notAB
TEST_22132,notAB
TEST_22138,notAB
TEST_22146,notAB
TEST_22153,notAB
TEST_22159,notAB
TEST_22162,notAB
TEST_22163,notAB
TEST_22172,notAB
TEST_22181,notAB
TEST_22186,notAB
TEST_22187,notAB
TEST_22191,notAB
TEST_22208,notAB
TEST_22216,notAB
TEST_22221,notAB
TEST_22225,notAB
TEST_22227,notAB
TEST_22233,notAB
TEST_22234,notAB
TEST_22241,notAB
TEST_22248,notAB
TEST_22310,notAB
TEST_22311,notAB
TEST_22323,notAB
TEST_22327,notAB
TEST_22328,notAB
TEST_22340,notAB
TEST_22344,notAB
TEST_22348,notAB
TEST_22349,notAB
TEST_22352,notAB
TEST_22366,notAB
TEST_22379,notAB
TEST_22380,notAB
TEST_22385,notAB
TEST_22387,notAB
TEST_22390,notAB
TEST_22407,notAB
TEST_22413,notAB
TEST_22441,notAB
TEST_22442,notAB
TEST_22444,notAB
TEST_22461,notAB
TEST_22467,notAB
TEST_22471,notAB
TEST_22476,notAB
TEST_22493,notAB
TEST_22496,notAB
TEST_22499,notAB
TEST_22505,notAB
TEST_22508,notAB
TEST_22513,notAB
TEST_22532,notAB
TEST_22533,notAB
TEST_22557,notAB
TEST_22558,notAB
TEST_22560,notAB
TEST_22567,notAB
TEST_22577,notAB
TEST_22600,notAB
TEST_22601,notAB
TEST_22602,notAB
TEST_22605,notAB
TEST_22610,notAB
TEST_22622,notAB
TEST_22623,notAB
TEST_22624,notAB
TEST_22629,notAB
TEST_22655,notAB
TEST_22657,notAB
TEST_22670,notAB
TEST_22686,notAB
TEST_22687,notAB
TEST_22694,notAB
TEST_22695,notAB
TEST_22696,notAB
TEST_22699,notAB
TEST_22703,notAB
TEST_22705,notAB
TEST_22706,notAB
TEST_22713,notAB
TEST_22721,notAB
TEST_22730,notAB
TEST_22734,notAB
TEST_22736,notAB
TEST_22751,notAB
TEST_22755,notAB
TEST_22763,notAB
TEST_22771,notAB
TEST_22779,notAB
TEST_22783,notAB
TEST_22795,notAB
TEST_22796,notAB
TEST_22838,notAB
TEST_22847,notAB
TEST_22856,notAB
TEST_22872,notAB
TEST_22879,notAB
TEST_22888,notAB
TEST_22893,notAB
TEST_22897,notAB
TEST_22899,notAB
TEST_22913,notAB
TEST_22914,notAB
TEST_22915,notAB
TEST_22916,notAB
TEST_22918,notAB
TEST_22920,notAB
TEST_22931,notAB
TEST_22942,notAB
TEST_22950,notAB
TEST_22959,notAB
TEST_22960,notAB
TEST_22962,notAB
TEST_22963,notAB
TEST_22971,notAB
TEST_22990,notAB
TEST_22996,notAB
TEST_23010,notAB
TEST_23021,notAB
TEST_23024,notAB
TEST_23027,notAB
TEST_23032,notAB
TEST_23038,notAB
TEST_23049,notAB
TEST_23057,notAB
TEST_23059,notAB
TEST_23060,notAB
TEST_23077,notAB
TEST_23080,notAB
TEST_23093,notAB
TEST_23096,notAB
TEST_23097,notAB
TEST_23099,notAB
TEST_23100,notAB
TEST_23105,notAB
TEST_23111,notAB
TEST_23116,notAB
TEST_23120,notAB
TEST_23124,notAB
TEST_23127,notAB
TEST_23133,notAB
TEST_23136,notAB
TEST_23139,notAB
TEST_23149,notAB
TEST_23153,notAB
TEST_23158,notAB
TEST_23160,notAB
TEST_23167,notAB
TEST_23179,notAB
TEST_23185,notAB
TEST_23187,notAB
TEST_23191,notAB
TEST_23195,notAB
TEST_23198,notAB
TEST_23204,notAB
TEST_23208,notAB
TEST_23211,notAB
TEST_23219,notAB
TEST_23223,notAB
TEST_23226,notAB
TEST_23227,notAB
TEST_23236,notAB
TEST_23247,notAB
TEST_23274,notAB
TEST_23281,notAB
TEST_23286,notAB
TEST_23298,notAB
TEST_23327,notAB
TEST_23339,notAB
TEST_23343,notAB
TEST_23352,notAB
TEST_23355,notAB
TEST_23358,notAB
TEST_23364,notAB
TEST_23371,notAB
TEST_23377,notAB
TEST_23382,notAB
TEST_23388,notAB
TEST_23394,notAB
TEST_23399,notAB
TEST_23402,notAB
TEST_23405,notAB
TEST_23411,notAB
TEST_23413,notAB
TEST_23418,notAB
TEST_23423,notAB
TEST_23428,notAB
TEST_23444,notAB
TEST_23449,notAB
TEST_23454,notAB
TEST_23464,notAB
TEST_23468,notAB
TEST_23469,notAB
TEST_23478,notAB
TEST_23490,notAB
TEST_23491,notAB
TEST_23494,notAB
TEST_23496,notAB
TEST_23497,notAB
TEST_23505,notAB
TEST_23508,notAB
TEST_23526,notAB
TEST_23547,notAB
TEST_23564,notAB
TEST_23565,notAB
TEST_23571,notAB
TEST_23588,notAB
TEST_23600,notAB
TEST_23602,notAB
TEST_23604,notAB
TEST_23605,notAB
TEST_23607,notAB
TEST_23620,notAB
TEST_23622,notAB
TEST_23628,notAB
TEST_23629,notAB
TEST_23631,notAB
TEST_23648,notAB
TEST_23650,notAB
TEST_23654,notAB
TEST_23665,notAB
TEST_23686,notAB
TEST_23689,notAB
TEST_23696,notAB
TEST_23698,notAB
TEST_23701,notAB
TEST_23716,notAB
TEST_23731,notAB
TEST_23734,notAB
TEST_23742,notAB
TEST_23744,notAB
TEST_23745,notAB
TEST_23752,notAB
TEST_23763,notAB
TEST_23764,notAB
TEST_23775,notAB
TEST_23779,notAB
TEST_23781,notAB
TEST_23786,notAB
TEST_23788,notAB
TEST_23791,notAB
TEST_23795,notAB
TEST_23798,notAB
TEST_23802,notAB
TEST_23803,notAB
TEST_23813,notAB
TEST_23814,notAB
TEST_23817,notAB
TEST_23818,notAB
TEST_23822,notAB
TEST_23858,notAB
TEST_23864,notAB
TEST_23875,notAB
TEST_23887,notAB
TEST_23890,notAB
TEST_23891,notAB
TEST_23892,notAB
TEST_23898,notAB
TEST_23910,notAB
TEST_23913,notAB
TEST_23915,notAB
TEST_23921,notAB
TEST_23923,notAB
TEST_23934,notAB
TEST_23935,notAB
TEST_23943,notAB
TEST_23947,notAB
TEST_23951,notAB
TEST_23958,notAB
TEST_23983,notAB
TEST_23991,notAB
TEST_23993,notAB
TEST_24018,notAB
TEST_24026,notAB
TEST_24027,notAB
TEST_24037,notAB
TEST_24051,notAB
TEST_24053,notAB
TEST_24067,notAB
TEST_24068,notAB
TEST_24070,notAB
TEST_24074,notAB
TEST_24079,notAB
TEST_24083,notAB
TEST_24087,notAB
TEST_24090,notAB
TEST_24096,notAB
TEST_24107,notAB
TEST_24123,notAB
TEST_24133,notAB
TEST_24137,notAB
TEST_24139,notAB
TEST_24140,notAB
TEST_24148,notAB
TEST_24150,notAB
TEST_24159,notAB
TEST_24163,notAB
TEST_24172,notAB
TEST_24176,notAB
TEST_24182,notAB
TEST_24188,notAB
TEST_24192,notAB
TEST_24193,notAB
TEST_24195,notAB
TEST_24215,notAB
TEST_24219,notAB
TEST_24221,notAB
TEST_24227,notAB
TEST_24229,notAB
TEST_24241,notAB
TEST_24248,notAB
TEST_24255,notAB
TEST_24262,notAB
TEST_24264,notAB
TEST_24270,notAB
TEST_24274,notAB
TEST_24277,notAB
TEST_24284,notAB
TEST_24288,notAB
TEST_24299,notAB
TEST_24301,notAB
TEST_24305,notAB
TEST_24308,notAB
TEST_24309,notAB
TEST_24312,notAB
TEST_24326,notAB
TEST_24344,notAB
TEST_24345,notAB
TEST_24348,notAB
TEST_24350,notAB
TEST_24365,notAB
TEST_24367,notAB
TEST_24372,notAB
TEST_24390,notAB
TEST_24394,notAB
TEST_24401,notAB
TEST_24428,notAB
TEST_24434,notAB
TEST_24437,notAB
TEST_24440,notAB
TEST_24443,notAB
TEST_24449,notAB
TEST_24452,notAB
TEST_24453,notAB
TEST_24467,notAB
TEST_24468,notAB
TEST_24483,notAB
TEST_24486,notAB
TEST_24487,notAB
TEST_24489,notAB
TEST_24500,notAB
TEST_24506,notAB
TEST_24508,notAB
TEST_24525,notAB
TEST_24527,notAB
TEST_24528,notAB
TEST_24533,notAB
TEST_24535,notAB
TEST_24538,notAB
TEST_24540,notAB
TEST_24548,notAB
TEST_24559,notAB
TEST_24574,notAB
TEST_24577,notAB
TEST_24581,notAB
TEST_24584,notAB
TEST_24588,notAB
TEST_24590,notAB
TEST_24591,notAB
TEST_24612,notAB
TEST_24616,notAB
TEST_24620,notAB
TEST_24622,notAB
TEST_24640,notAB
TEST_24642,notAB
TEST_24648,notAB
TEST_24651,notAB
TEST_24653,notAB
TEST_24659,notAB
TEST_24669,notAB
TEST_24670,notAB
TEST_24675,notAB
TEST_24679,notAB
TEST_24703,notAB
TEST_24716,notAB
TEST_24719,notAB
TEST_24721,notAB
TEST_24725,notAB
TEST_24734,notAB
TEST_24742,notAB
TEST_24744,notAB
TEST_24745,notAB
TEST_24747,notAB
TEST_24750,notAB
TEST_24768,notAB
TEST_24770,notAB
TEST_24771,notAB
TEST_24772,notAB
TEST_24777,notAB
TEST_24788,notAB
TEST_24800,notAB
TEST_24804,notAB
TEST_24806,notAB
TEST_24809,notAB
TEST_24816,notAB
TEST_24822,notAB
TEST_24823,notAB
TEST_24824,notAB
TEST_24830,notAB
TEST_24835,notAB
TEST_24843,notAB
TEST_24850,notAB
TEST_24857,notAB
TEST_24858,notAB
TEST_24865,notAB
TEST_24885,notAB
TEST_24893,notAB
TEST_24895,notAB
TEST_24906,notAB
TEST_24916,notAB
TEST_24933,notAB
TEST_24936,notAB
TEST_24938,notAB
TEST_24942,notAB
TEST_24945,notAB
TEST_24950,notAB
TEST_24954,notAB
TEST_24958,notAB
TEST_24960,notAB
TEST_24968,notAB
TEST_24969,notAB
TEST_24970,notAB
TEST_24974,notAB
TEST_24976,notAB
TEST_24983,notAB
TEST_24985,notAB
TEST_24991,notAB
TEST_24999,notAB
TEST_25002,notAB
TEST_25006,notAB
TEST_25010,notAB
TEST_25012,notAB
TEST_25014,notAB
TEST_25019,notAB
TEST_25024,notAB
TEST_25030,notAB
TEST_25037,notAB
TEST_25051,notAB
TEST_25062,notAB
TEST_25072,notAB
TEST_25079,notAB
TEST_25084,notAB
TEST_25087,notAB
TEST_25093,notAB
TEST_25096,notAB
TEST_25117,notAB
TEST_25118,notAB
TEST_25123,notAB
TEST_25124,notAB
TEST_25126,notAB
TEST_25128,notAB
TEST_25131,notAB
TEST_25137,notAB
TEST_25138,notAB
TEST_25143,notAB
TEST_25158,notAB
TEST_25159,notAB
TEST_25172,notAB
TEST_25180,notAB
TEST_25186,notAB
TEST_25192,notAB
TEST_25194,notAB
TEST_25199,notAB
TEST_25200,notAB
TEST_25204,notAB
TEST_25222,notAB
TEST_25229,notAB
TEST_25230,notAB
TEST_25232,notAB
TEST_25247,notAB
TEST_25257,notAB
TEST_25259,notAB
TEST_25261,notAB
TEST_25269,notAB
TEST_25276,notAB
TEST_25283,notAB
TEST_25284,notAB
TEST_25287,notAB
TEST_25298,notAB
TEST_25312,notAB
TEST_25315,notAB
TEST_25318,notAB
TEST_25319,notAB
TEST_25322,notAB
TEST_25364,notAB
TEST_25365,notAB
TEST_25375,notAB
TEST_25378,notAB
TEST_25381,notAB
TEST_25387,notAB
TEST_25388,notAB
TEST_25391,notAB
TEST_25394,notAB
TEST_25397,notAB
TEST_25402,notAB
TEST_25411,notAB
TEST_25423,notAB
TEST_25425,notAB
TEST_25429,notAB
TEST_25447,notAB
TEST_25451,notAB
TEST_25455,notAB
TEST_25457,notAB
TEST_25471,notAB
TEST_25478,notAB
TEST_25482,notAB
TEST_25483,notAB
TEST_25492,notAB
TEST_25493,notAB
TEST_25497,notAB
TEST_25498,notAB
TEST_25503,notAB
TEST_25504,notAB
TEST_25511,notAB
TEST_25513,notAB
TEST_25516,notAB
TEST_25517,notAB
TEST_25519,notAB
TEST_25524,notAB
TEST_25530,notAB
TEST_25547,notAB
TEST_25548,notAB
TEST_25554,notAB
TEST_25555,notAB
TEST_25560,notAB
TEST_25570,notAB
TEST_25579,notAB
TEST_25581,notAB
TEST_25583,notAB
TEST_25596,notAB
TEST_25598,notAB
TEST_25603,notAB
TEST_25607,notAB
TEST_25613,notAB
TEST_25615,notAB
TEST_25616,notAB
TEST_25619,notAB
TEST_25625,notAB
TEST_25626,notAB
TEST_25651,notAB
TEST_25653,notAB
TEST_25660,notAB
TEST_25673,notAB
TEST_25674,notAB
TEST_25677,notAB
TEST_25683,notAB
TEST_25686,notAB
TEST_25700,notAB
TEST_25706,notAB
TEST_25713,notAB
TEST_25719,notAB
TEST_25722,notAB
TEST_25741,notAB
TEST_25743,notAB
TEST_25744,notAB
TEST_25758,notAB
TEST_25765,notAB
TEST_25781,notAB
TEST_25786,notAB
TEST_25791,notAB
TEST_25793,notAB
TEST_25794,notAB
TEST_25795,notAB
TEST_25798,notAB
TEST_25806,notAB
TEST_25810,notAB
TEST_25812,notAB
TEST_25815,notAB
TEST_25833,notAB
TEST_25844,notAB
TEST_25845,notAB
TEST_25850,notAB
TEST_25855,notAB
TEST_25862,notAB
TEST_25865,notAB
TEST_25872,notAB
TEST_25873,notAB
TEST_25885,notAB
TEST_25898,notAB
TEST_25900,notAB
TEST_25901,notAB
TEST_25902,notAB
TEST_25907,notAB
TEST_25913,notAB
TEST_25914,notAB
TEST_25916,notAB
TEST_25919,notAB
TEST_25924,notAB
TEST_25932,notAB
TEST_25936,notAB
TEST_25939,notAB
TEST_25942,notAB
TEST_25944,notAB
TEST_25948,notAB
TEST_25949,notAB
TEST_25967,notAB
TEST_25971,notAB
TEST_25977,notAB
TEST_25978,notAB
TEST_26000,notAB
TEST_26017,notAB
TEST_26018,notAB
TEST_26024,notAB
TEST_26037,notAB
TEST_26038,notAB
TEST_26042,notAB
TEST_26048,notAB
TEST_26053,notAB
TEST_26066,notAB
TEST_26075,notAB
TEST_26082,notAB
TEST_26089,notAB
TEST_26090,notAB
TEST_26098,notAB
TEST_26101,notAB
TEST_26112,notAB
TEST_26118,notAB
TEST_26125,notAB
TEST_26138,notAB
TEST_26141,notAB
TEST_26142,notAB
TEST_26155,notAB
TEST_26156,notAB
TEST_26159,notAB
TEST_26166,notAB
TEST_26168,notAB
TEST_26170,notAB
TEST_26174,notAB
TEST_26178,notAB
TEST_26188,notAB
TEST_26193,notAB
TEST_26194,notAB
TEST_26195,notAB
TEST_26196,notAB
TEST_26213,notAB
TEST_26216,notAB
TEST_26222,notAB
TEST_26233,notAB
TEST_26239,notAB
TEST_26240,notAB
TEST_26243,notAB
TEST_26253,notAB
TEST_26254,notAB
TEST_26260,notAB
TEST_26262,notAB
TEST_26264,notAB
TEST_26268,notAB
TEST_26269,notAB
TEST_26271,notAB
TEST_26273,notAB
TEST_26278,notAB
TEST_26288,notAB
TEST_26295,notAB
TEST_26311,notAB
TEST_26316,notAB
TEST_26317,notAB
TEST_26320,notAB
TEST_26329,notAB
TEST_26331,notAB
TEST_26335,notAB
TEST_26338,notAB
TEST_26345,notAB
TEST_26347,notAB
TEST_26348,notAB
TEST_26350,notAB
TEST_26354,notAB
TEST_26355,notAB
TEST_26359,notAB
TEST_26363,notAB
TEST_26366,notAB
TEST_26371,notAB
TEST_26378,notAB
TEST_26386,notAB
TEST_26403,notAB
TEST_26406,notAB
TEST_26407,notAB
TEST_26412,notAB
TEST_26415,notAB
TEST_26419,notAB
TEST_26420,notAB
TEST_26422,notAB
TEST_26427,notAB
TEST_26436,notAB
TEST_26441,notAB
TEST_26459,notAB
TEST_26462,notAB
TEST_26470,notAB
TEST_26496,notAB
TEST_26500,notAB
TEST_26508,notAB
TEST_26517,notAB
TEST_26518,notAB
TEST_26528,notAB
TEST_26533,notAB
TEST_26534,notAB
TEST_26541,notAB
TEST_26552,notAB
TEST_26554,notAB
TEST_26564,notAB
TEST_26565,notAB
TEST_26573,notAB
TEST_26579,notAB
TEST_26591,notAB
TEST_26603,notAB
TEST_26611,notAB
TEST_26621,notAB
TEST_26622,notAB
TEST_26637,notAB
TEST_26645,notAB
TEST_26650,notAB
TEST_26654,notAB
TEST_26656,notAB
TEST_26658,notAB
TEST_26659,notAB
TEST_26661,notAB
TEST_26668,notAB
TEST_26670,notAB
TEST_26695,notAB
TEST_26699,notAB
TEST_26707,notAB
TEST_26710,notAB
TEST_26713,notAB
TEST_26715,notAB
TEST_26720,notAB
TEST_26721,notAB
TEST_26727,notAB
TEST_26728,notAB
TEST_26740,notAB
TEST_26741,notAB
TEST_26748,notAB
TEST_26755,notAB
TEST_26760,notAB
TEST_26763,notAB
TEST_26769,notAB
TEST_26775,notAB
TEST_26785,notAB
TEST_26803,notAB
TEST_26812,notAB
TEST_26821,notAB
TEST_26822,notAB
TEST_26838,notAB
TEST_26847,notAB
TEST_26853,notAB
TEST_26865,notAB
TEST_26868,notAB
TEST_26870,notAB
TEST_26871,notAB
TEST_26874,notAB
TEST_26877,notAB
TEST_26885,notAB
TEST_26887,notAB
TEST_26895,notAB
TEST_26908,notAB
TEST_26925,notAB
TEST_26938,notAB
TEST_26942,notAB
TEST_26957,notAB
TEST_26958,notAB
TEST_26964,notAB
TEST_26969,notAB
TEST_26979,notAB
TEST_26984,notAB
TEST_26988,notAB
TEST_26992,notAB
TEST_26993,notAB
TEST_27018,notAB
TEST_27019,notAB
TEST_27029,notAB
TEST_27032,notAB
TEST_27033,notAB
TEST_27037,notAB
TEST_27040,notAB
TEST_27043,notAB
TEST_27046,notAB
TEST_27050,notAB
TEST_27053,notAB
TEST_27064,notAB
TEST_27067,notAB
TEST_27075,notAB
TEST_27078,notAB
TEST_27080,notAB
TEST_27091,notAB
TEST_27093,notAB
TEST_27094,notAB
TEST_27097,notAB
TEST_27105,notAB
TEST_27115,notAB
TEST_27122,notAB
TEST_27126,notAB
TEST_27132,notAB
TEST_27134,notAB
TEST_27144,notAB
TEST_27163,notAB
TEST_27168,notAB
TEST_27169,notAB
TEST_27177,notAB
TEST_27182,notAB
TEST_27214,notAB
TEST_27215,notAB
TEST_27219,notAB
TEST_27224,notAB
TEST_27225,notAB
TEST_27229,notAB
TEST_27231,notAB
TEST_27233,notAB
TEST_27240,notAB
TEST_27243,notAB
TEST_27244,notAB
TEST_27250,notAB
TEST_27252,notAB
TEST_27269,notAB
TEST_27271,notAB
TEST_27280,notAB
TEST_27283,notAB
TEST_27284,notAB
TEST_27290,notAB
TEST_27298,notAB
TEST_27300,notAB
TEST_27309,notAB
TEST_27318,notAB
TEST_27320,notAB
TEST_27335,notAB
TEST_27347,notAB
TEST_27351,notAB
TEST_27354,notAB
TEST_27358,notAB
TEST_27365,notAB
TEST_27377,notAB
TEST_27382,notAB
TEST_27386,notAB
TEST_27393,notAB
TEST_27396,notAB
TEST_27399,notAB
TEST_27401,notAB
TEST_27411,notAB
TEST_27419,notAB
TEST_27424,notAB
TEST_27445,notAB
TEST_27449,notAB
TEST_27454,notAB
TEST_27458,notAB
TEST_27462,notAB
TEST_27465,notAB
TEST_27466,notAB
TEST_27471,notAB
TEST_27484,notAB
TEST_27493,notAB
TEST_27510,notAB
TEST_27519,notAB
TEST_27523,notAB
TEST_27535,notAB
TEST_27537,notAB
TEST_27552,notAB
TEST_27565,notAB
TEST_27573,notAB
TEST_27575,notAB
TEST_27581,notAB
TEST_27585,notAB
TEST_27589,notAB
TEST_27593,notAB
TEST_27601,notAB
TEST_27614,notAB
TEST_27622,notAB
TEST_27626,notAB
TEST_27640,notAB
TEST_27642,notAB
TEST_27644,notAB
TEST_27656,notAB
TEST_27661,notAB
TEST_27665,notAB
TEST_27666,notAB
TEST_27684,notAB
TEST_27690,notAB
TEST_27695,notAB
TEST_27726,notAB
TEST_27735,notAB
TEST_27739,notAB
TEST_27740,notAB
TEST_27744,notAB
TEST_27750,notAB
TEST_27757,notAB
TEST_27763,notAB
TEST_27764,notAB
TEST_27767,notAB
TEST_27776,notAB
TEST_27781,notAB
TEST_27784,notAB
TEST_27793,notAB
TEST_27795,notAB
TEST_27801,notAB
TEST_27808,notAB
TEST_27815,notAB
TEST_27821,notAB
TEST_27839,notAB
TEST_27848,notAB
TEST_27853,notAB
TEST_27856,notAB
TEST_27868,notAB
TEST_27872,notAB
TEST_27873,notAB
TEST_27887,notAB
TEST_27889,notAB
TEST_27891,notAB
TEST_27915,notAB
TEST_27932,notAB
TEST_27951,notAB
TEST_27963,notAB
TEST_27968,notAB
TEST_27972,notAB
TEST_27990,notAB
TEST_28002,notAB
TEST_28011,notAB
TEST_28037,notAB
TEST_28044,notAB
TEST_28052,notAB
TEST_28060,notAB
TEST_28061,notAB
TEST_28062,notAB
TEST_28070,notAB
TEST_28076,notAB
TEST_28084,notAB
TEST_28086,notAB
TEST_28089,notAB
TEST_28090,notAB
TEST_28098,notAB
TEST_28101,notAB
TEST_28103,notAB
TEST_28110,notAB
TEST_28113,notAB
TEST_28124,notAB
TEST_28127,notAB
TEST_28140,notAB
TEST_28141,notAB
TEST_28149,notAB
TEST_28155,notAB
TEST_28167,notAB
TEST_28184,notAB
TEST_28199,notAB
TEST_28213,notAB
TEST_28217,notAB
TEST_28220,notAB
TEST_28222,notAB
TEST_28226,notAB
TEST_28231,notAB
TEST_28232,notAB
TEST_28237,notAB
TEST_28241,notAB
TEST_28242,notAB
TEST_28250,notAB
TEST_28255,notAB
TEST_28269,notAB
TEST_28271,notAB
TEST_28272,notAB
TEST_28275,notAB
TEST_28280,notAB
TEST_28281,notAB
TEST_28284,notAB
TEST_28285,notAB
TEST_28287,notAB
TEST_28288,notAB
TEST_28291,notAB
TEST_28295,notAB
TEST_28300,notAB
TEST_28301,notAB
TEST_28303,notAB
TEST_28306,notAB
TEST_28308,notAB
TEST_28343,notAB
TEST_28344,notAB
TEST_28346,notAB
TEST_28361,notAB
TEST_28365,notAB
TEST_28366,notAB
TEST_28369,notAB
TEST_28371,notAB
TEST_28378,notAB
TEST_28381,notAB
TEST_28382,notAB
TEST_28385,notAB
TEST_28390,notAB
TEST_28405,notAB
TEST_28407,notAB
TEST_28420,notAB
TEST_28429,notAB
TEST_28432,notAB
TEST_28437,notAB
TEST_28440,notAB
TEST_28443,notAB
TEST_28448,notAB
TEST_28460,notAB
TEST_28461,notAB
TEST_28474,notAB
TEST_28479,notAB
TEST_28481,notAB
TEST_28483,notAB
TEST_28484,notAB
TEST_28500,notAB
TEST_28501,notAB
TEST_28502,notAB
TEST_28518,notAB
TEST_28519,notAB
TEST_28524,notAB
TEST_28538,notAB
TEST_28541,notAB
TEST_28545,notAB
TEST_28548,notAB
TEST_28553,notAB
TEST_28568,notAB
TEST_28578,notAB
TEST_28580,notAB
TEST_28582,notAB
TEST_28585,notAB
TEST_28592,notAB
TEST_28593,notAB
TEST_28598,notAB
TEST_28608,notAB
TEST_28616,notAB
TEST_28637,notAB
TEST_28646,notAB
TEST_28656,notAB
TEST_28679,notAB
TEST_28684,notAB
TEST_28686,notAB
TEST_28694,notAB
TEST_28697,notAB
TEST_28699,notAB
TEST_28700,notAB
TEST_28701,notAB
TEST_28706,notAB
TEST_28710,notAB
TEST_28713,notAB
TEST_28718,notAB
TEST_28725,notAB
TEST_28728,notAB
TEST_28729,notAB
TEST_28732,notAB
TEST_28735,notAB
TEST_28740,notAB
TEST_28746,notAB
TEST_28753,notAB
TEST_28765,notAB
TEST_28768,notAB
TEST_28778,notAB
TEST_28780,notAB
TEST_28782,notAB
TEST_28787,notAB
TEST_28796,notAB
TEST_28810,notAB
TEST_28814,notAB
TEST_28819,notAB
TEST_28824,notAB
TEST_28841,notAB
TEST_28861,notAB
TEST_28870,notAB
TEST_28873,notAB
TEST_28876,notAB
TEST_28878,notAB
TEST_28879,notAB
TEST_28881,notAB
TEST_28883,notAB
TEST_28901,notAB
TEST_28909,notAB
TEST_28912,notAB
TEST_28914,notAB
TEST_28933,notAB
TEST_28944,notAB
TEST_28957,notAB
TEST_28962,notAB
TEST_28976,notAB
TEST_28978,notAB
TEST_28982,notAB
TEST_29004,notAB
TEST_29007,notAB
TEST_29013,notAB
TEST_29016,notAB
TEST_29018,notAB
TEST_29019,notAB
TEST_29021,notAB
TEST_29042,notAB
TEST_29043,notAB
TEST_29054,notAB
TEST_29060,notAB
TEST_29063,notAB
TEST_29064,notAB
TEST_29095,notAB
TEST_29096,notAB
TEST_29100,notAB
TEST_29108,notAB
TEST_29116,notAB
TEST_29139,notAB
TEST_29141,notAB
TEST_29144,notAB
TEST_29146,notAB
TEST_29147,notAB
TEST_29149,notAB
TEST_29170,notAB
TEST_29183,notAB
TEST_29184,notAB
TEST_29185,notAB
TEST_29197,notAB
TEST_29207,notAB
TEST_29222,notAB
TEST_29228,notAB
TEST_29238,notAB
TEST_29244,notAB
TEST_29252,notAB
TEST_29266,notAB
TEST_29267,notAB
TEST_29272,notAB
TEST_29277,notAB
TEST_29280,notAB
TEST_29284,notAB
TEST_29297,notAB
TEST_29303,notAB
TEST_29310,notAB
TEST_29312,notAB
TEST_29313,notAB
TEST_29314,notAB
TEST_29323,notAB
TEST_29327,notAB
TEST_29328,notAB
TEST_29329,notAB
TEST_29332,notAB
TEST_29351,notAB
TEST_29352,notAB
TEST_29354,notAB
TEST_29359,notAB
TEST_29360,notAB
TEST_29361,notAB
TEST_29370,notAB
TEST_29377,notAB
TEST_29378,notAB
TEST_29379,notAB
TEST_29394,notAB
TEST_29396,notAB
TEST_29402,notAB
TEST_29412,notAB
TEST_29413,notAB
TEST_29416,notAB
TEST_29431,notAB
TEST_29464,notAB
TEST_29465,notAB
TEST_29471,notAB
TEST_29475,notAB
TEST_29482,notAB
TEST_29483,notAB
TEST_29485,notAB
TEST_29491,notAB
TEST_29493,notAB
TEST_29514,notAB
TEST_29516,notAB
TEST_29517,notAB
TEST_29522,notAB
TEST_29523,notAB
TEST_29527,notAB
TEST_29535,notAB
TEST_29543,notAB
TEST_29548,notAB
TEST_29562,notAB
TEST_29563,notAB
TEST_29571,notAB
TEST_29598,notAB
TEST_29606,notAB
TEST_29612,notAB
TEST_29622,notAB
TEST_29625,notAB
TEST_29626,notAB
TEST_29628,notAB
TEST_29635,notAB
TEST_29649,notAB
TEST_29652,notAB
TEST_29655,notAB
TEST_29661,notAB
TEST_29667,notAB
TEST_29698,notAB
TEST_29704,notAB
TEST_29705,notAB
TEST_29707,notAB
TEST_29708,notAB
TEST_29710,notAB
TEST_29713,notAB
TEST_29720,notAB
TEST_29724,notAB
TEST_29731,notAB
TEST_29734,notAB
TEST_29735,notAB
TEST_29752,notAB
TEST_29779,notAB
TEST_29789,notAB
TEST_29791,notAB
TEST_29792,notAB
TEST_29799,notAB
TEST_29802,notAB
TEST_29813,notAB
TEST_29815,notAB
TEST_29821,notAB
TEST_29823,notAB
TEST_29824,notAB
TEST_29827,notAB
TEST_29834,notAB
TEST_29836,notAB
TEST_29839,notAB
TEST_29851,notAB
TEST_29863,notAB
TEST_29868,notAB
TEST_29874,notAB
TEST_29875,notAB
TEST_29894,notAB
TEST_29897,notAB
TEST_29899,notAB
TEST_29905,notAB
TEST_29917,notAB
TEST_29922,notAB
TEST_29924,notAB
TEST_29935,notAB
TEST_29938,notAB
TEST_29939,notAB
TEST_29941,notAB
TEST_29947,notAB
TEST_29958,notAB
TEST_29963,notAB
TEST_29966,notAB
TEST_29976,notAB
TEST_29983,notAB
TEST_29984,notAB
TEST_29986,notAB
TEST_29992,notAB
TEST_29994,notAB
TEST_29997,notAB
TEST_29998,notAB
TEST_29999,notAB
TEST_30007,notAB
TEST_30009,notAB
TEST_30028,notAB
TEST_30033,notAB
TEST_30034,notAB
TEST_30036,notAB
TEST_30042,notAB
TEST_30043,notAB
TEST_30046,notAB
TEST_30047,notAB
TEST_30056,notAB
TEST_30058,notAB
TEST_30069,notAB
TEST_30086,notAB
TEST_30088,notAB
TEST_30101,notAB
TEST_30102,notAB
TEST_30112,notAB
TEST_30114,notAB
TEST_30119,notAB
TEST_30147,notAB
TEST_30149,notAB
TEST_30165,notAB
TEST_30178,notAB
TEST_30179,notAB
TEST_30184,notAB
TEST_30194,notAB
TEST_30200,notAB
TEST_30207,notAB
TEST_30222,notAB
TEST_30226,notAB
TEST_30229,notAB
TEST_30233,notAB
TEST_30234,notAB
TEST_30238,notAB
TEST_30243,notAB
TEST_30245,notAB
TEST_30266,notAB
TEST_30274,notAB
TEST_30280,notAB
TEST_30281,notAB
TEST_30285,notAB
TEST_30288,notAB
TEST_30292,notAB
TEST_30313,notAB
TEST_30316,notAB
TEST_30324,notAB
TEST_30331,notAB
TEST_30334,notAB
TEST_30345,notAB
TEST_30346,notAB
TEST_30355,notAB
TEST_30356,notAB
TEST_30375,notAB
TEST_30377,notAB
TEST_30378,notAB
TEST_30380,notAB
TEST_30395,notAB
TEST_30396,notAB
TEST_30399,notAB
TEST_30401,notAB
TEST_30410,notAB
TEST_30412,notAB
TEST_30429,notAB
TEST_30434,notAB
TEST_30439,notAB
TEST_30450,notAB
TEST_30458,notAB
TEST_30497,notAB
TEST_30501,notAB
TEST_30510,notAB
TEST_30527,notAB
TEST_30531,notAB
TEST_30534,notAB
TEST_30543,notAB
TEST_30544,notAB
TEST_30563,notAB
TEST_30572,notAB
TEST_30582,notAB
TEST_30584,notAB
TEST_30587,notAB
TEST_30592,notAB
TEST_30600,notAB
TEST_30618,notAB
TEST_30636,notAB
TEST_30643,notAB
TEST_30645,notAB
TEST_30646,notAB
TEST_30655,notAB
TEST_30657,notAB
TEST_30668,notAB
TEST_30679,notAB
TEST_30682,notAB
TEST_30684,notAB
TEST_30685,notAB
TEST_30695,notAB
TEST_30700,notAB
TEST_30729,notAB
TEST_30731,notAB
TEST_30732,notAB
TEST_30734,notAB
TEST_30736,notAB
TEST_30739,notAB
TEST_30744,notAB
TEST_30749,notAB
TEST_30751,notAB
TEST_30765,notAB
TEST_30780,notAB
TEST_30785,notAB
TEST_30796,notAB
TEST_30797,notAB
TEST_30804,notAB
TEST_30812,notAB
TEST_30820,notAB
TEST_30840,notAB
TEST_30844,notAB
TEST_30848,notAB
TEST_30854,notAB
TEST_30859,notAB
TEST_30862,notAB
TEST_30886,notAB
TEST_30889,notAB
TEST_30903,notAB
TEST_30906,notAB
TEST_30907,notAB
TEST_30908,notAB
TEST_30936,notAB
TEST_30937,notAB
TEST_30940,notAB
TEST_30948,notAB
TEST_30949,notAB
TEST_30951,notAB
TEST_30953,notAB
TEST_30955,notAB
TEST_30956,notAB
TEST_30957,notAB
TEST_30976,notAB
TEST_30985,notAB
TEST_30988,notAB
TEST_30990,notAB
TEST_31002,notAB
TEST_31003,notAB
TEST_31007,notAB
TEST_31016,notAB
TEST_31019,notAB
TEST_31025,notAB
TEST_31035,notAB
TEST_31040,notAB
TEST_31045,notAB
TEST_31056,notAB
TEST_31060,notAB
TEST_31063,notAB
TEST_31066,notAB
TEST_31068,notAB
TEST_31085,notAB
TEST_31091,notAB
TEST_31094,notAB
TEST_31100,notAB
TEST_31102,notAB
TEST_31103,notAB
TEST_31114,notAB
TEST_31122,notAB
TEST_31132,notAB
TEST_31140,notAB
TEST_31144,notAB
TEST_31149,notAB
TEST_31152,notAB
TEST_31158,notAB
TEST_31173,notAB
TEST_31175,notAB
TEST_31195,notAB
TEST_31202,notAB
TEST_31203,notAB
TEST_31212,notAB
TEST_31225,notAB
TEST_31230,notAB
TEST_31249,notAB
TEST_31251,notAB
TEST_31254,notAB
TEST_31255,notAB
TEST_31257,notAB
TEST_31261,notAB
TEST_31263,notAB
TEST_31270,notAB
TEST_31273,notAB
TEST_31276,notAB
TEST_31285,notAB
TEST_31297,notAB
TEST_31301,notAB
TEST_31302,notAB
TEST_31313,notAB
TEST_31325,notAB
TEST_31326,notAB
TEST_31327,notAB
TEST_31330,notAB
TEST_31333,notAB
TEST_31334,notAB
TEST_31339,notAB
TEST_31353,notAB
TEST_31356,notAB
TEST_31361,notAB
TEST_31367,notAB
TEST_31371,notAB
TEST_31375,notAB
TEST_31385,notAB
TEST_31392,notAB
TEST_31399,notAB
TEST_31400,notAB
TEST_31429,notAB
TEST_31430,notAB
TEST_31431,notAB
TEST_31437,notAB
TEST_31438,notAB
TEST_31456,notAB
TEST_31458,notAB
TEST_31466,notAB
TEST_31469,notAB
TEST_31474,notAB
TEST_31486,notAB
TEST_31512,notAB
TEST_31515,notAB
TEST_31516,notAB
TEST_31518,notAB
TEST_31525,notAB
TEST_31527,notAB
TEST_31531,notAB
TEST_31540,notAB
TEST_31547,notAB
TEST_31548,notAB
TEST_31550,notAB
TEST_31555,notAB
TEST_31560,notAB
TEST_31566,notAB
TEST_31575,notAB
TEST_31582,notAB
TEST_31585,notAB
TEST_31615,notAB
TEST_31616,notAB
TEST_31620,notAB
TEST_31621,notAB
TEST_31630,notAB
TEST_31631,notAB
TEST_31635,notAB
TEST_31668,notAB
TEST_31684,notAB
TEST_31688,notAB
TEST_31696,notAB
TEST_31705,notAB
TEST_31712,notAB
TEST_31713,notAB
TEST_31717,notAB
TEST_31727,notAB
TEST_31729,notAB
TEST_31732,notAB
TEST_31742,notAB
TEST_31752,notAB
TEST_31756,notAB
TEST_31777,notAB
TEST_31780,notAB
TEST_31782,notAB
TEST_31784,notAB
TEST_31795,notAB
TEST_31799,notAB
TEST_31811,notAB
TEST_31812,notAB
TEST_31822,notAB
TEST_31827,notAB
TEST_31829,notAB
TEST_31834,notAB
TEST_31840,notAB
TEST_31847,notAB
TEST_31852,notAB
TEST_31854,notAB
TEST_31856,notAB
TEST_31864,notAB
TEST_31870,notAB
TEST_31876,notAB
TEST_31880,notAB
TEST_31893,notAB
TEST_31897,notAB
TEST_31909,notAB
TEST_31916,notAB
TEST_31919,notAB
TEST_31921,notAB
TEST_31927,notAB
TEST_31935,notAB
TEST_31951,notAB
TEST_31968,notAB
TEST_31977,notAB
TEST_31979,notAB
TEST_31980,notAB
TEST_31985,notAB
TEST_31988,notAB
TEST_31991,notAB
TEST_31992,notAB
TEST_31993,notAB
TEST_32005,notAB
TEST_32011,notAB
TEST_32014,notAB
TEST_32024,notAB
TEST_32029,notAB
TEST_32032,notAB
TEST_32039,notAB
TEST_32053,notAB
TEST_32061,notAB
TEST_32062,notAB
TEST_32064,notAB
TEST_32073,notAB
TEST_32083,notAB
TEST_32088,notAB
TEST_32094,notAB
TEST_32101,notAB
TEST_32103,notAB
TEST_32104,notAB
TEST_32113,notAB
TEST_32116,notAB
TEST_32122,notAB
TEST_32131,notAB
TEST_32132,notAB
TEST_32133,notAB
TEST_32135,notAB
TEST_32138,notAB
TEST_32141,notAB
TEST_32146,notAB
TEST_32156,notAB
TEST_32159,notAB
TEST_32161,notAB
TEST_32164,notAB
TEST_32166,notAB
TEST_32185,notAB
TEST_32186,notAB
TEST_32197,notAB
TEST_32198,notAB
TEST_32204,notAB
TEST_32217,notAB
TEST_32219,notAB
TEST_32225,notAB
TEST_32232,notAB
TEST_32237,notAB
TEST_32254,notAB
TEST_32257,notAB
TEST_32259,notAB
TEST_32279,notAB
TEST_32294,notAB
TEST_32305,notAB
TEST_32307,notAB
TEST_32313,notAB
TEST_32314,notAB
TEST_32321,notAB
TEST_32322,notAB
TEST_32328,notAB
TEST_32336,notAB
TEST_32338,notAB
TEST_32339,notAB
TEST_32346,notAB
TEST_32358,notAB
TEST_32367,notAB
TEST_32368,notAB
TEST_32381,notAB
TEST_32431,notAB
TEST_32433,notAB
TEST_32445,notAB
TEST_32450,notAB
TEST_32451,notAB
TEST_32454,notAB
TEST_32459,notAB
TEST_32460,notAB
TEST_32461,notAB
TEST_32464,notAB
TEST_32474,notAB
TEST_32476,notAB
TEST_32480,notAB
TEST_32487,notAB
TEST_32490,notAB
TEST_32491,notAB
TEST_32492,notAB
TEST_32495,notAB
TEST_32502,notAB
TEST_32507,notAB
TEST_32516,notAB
TEST_32525,notAB
TEST_32528,notAB
TEST_32536,notAB
TEST_32540,notAB
TEST_32550,notAB
TEST_32559,notAB
TEST_32578,notAB
TEST_32579,notAB
TEST_32590,notAB
TEST_32593,notAB
TEST_32600,notAB
TEST_32602,notAB
TEST_32614,notAB
TEST_32619,notAB
TEST_32623,notAB
TEST_32644,notAB
TEST_32649,notAB
TEST_32651,notAB
TEST_32657,notAB
TEST_32673,notAB
TEST_32692,notAB
TEST_32696,notAB
TEST_32697,notAB
TEST_32707,notAB
TEST_32717,notAB
TEST_32734,notAB
TEST_32737,notAB
TEST_32738,notAB
TEST_32741,notAB
TEST_32744,notAB
TEST_32750,notAB
TEST_32753,notAB
TEST_32767,notAB
TEST_32771,notAB
TEST_32784,notAB
TEST_32792,notAB
TEST_32801,notAB
TEST_32822,notAB
TEST_32826,notAB
TEST_32846,notAB
TEST_32848,notAB
TEST_32849,notAB
TEST_32854,notAB
TEST_32869,notAB
TEST_32870,notAB
TEST_32880,notAB
TEST_32890,notAB
TEST_32903,notAB
TEST_32906,notAB
TEST_32916,notAB
TEST_32923,notAB
TEST_32925,notAB
TEST_32934,notAB
TEST_32936,notAB
TEST_32942,notAB
TEST_32944,notAB
TEST_32961,notAB
TEST_32964,notAB
TEST_32970,notAB
TEST_32974,notAB
TEST_32976,notAB
TEST_32988,notAB
TEST_32994,notAB
TEST_33000,notAB
TEST_33013,notAB
TEST_33037,notAB
TEST_33041,notAB
TEST_33044,notAB
TEST_33047,notAB
TEST_33049,notAB
TEST_33050,notAB
TEST_33057,notAB
TEST_33059,notAB
TEST_33069,notAB
TEST_33077,notAB
TEST_33079,notAB
TEST_33082,notAB
TEST_33085,notAB
TEST_33091,notAB
TEST_33096,notAB
TEST_33098,notAB
TEST_33107,notAB
TEST_33110,notAB
TEST_33120,notAB
TEST_33124,notAB
TEST_33128,notAB
TEST_33132,notAB
TEST_33143,notAB
TEST_33148,notAB
TEST_33152,notAB
TEST_33158,notAB
TEST_33174,notAB
TEST_33176,notAB
TEST_33184,notAB
TEST_33190,notAB
TEST_33210,notAB
TEST_33226,notAB
TEST_33227,notAB
TEST_33228,notAB
TEST_33235,notAB
TEST_33240,notAB
TEST_33243,notAB
TEST_33260,notAB
TEST_33261,notAB
TEST_33286,notAB
TEST_33308,notAB
TEST_33312,notAB
TEST_33323,notAB
TEST_33324,notAB
TEST_33325,notAB
TEST_33332,notAB
TEST_33335,notAB
TEST_33339,notAB
TEST_33356,notAB
TEST_33360,notAB
TEST_33364,notAB
TEST_33368,notAB
TEST_33387,notAB
TEST_33390,notAB
TEST_33411,notAB
TEST_33413,notAB
TEST_33417,notAB
TEST_33419,notAB
TEST_33426,notAB
TEST_33433,notAB
TEST_33439,notAB
TEST_33443,notAB
TEST_33451,notAB
TEST_33453,notAB
TEST_33472,notAB
TEST_33476,notAB
TEST_33492,notAB
TEST_33498,notAB
TEST_33511,notAB
TEST_33517,notAB
TEST_33521,notAB
TEST_33522,notAB
TEST_33527,notAB
TEST_33535,notAB
TEST_33556,notAB
TEST_33568,notAB
TEST_33583,notAB
TEST_33584,notAB
TEST_33587,notAB
TEST_33594,notAB
TEST_33595,notAB
TEST_33598,notAB
TEST_33613,notAB
TEST_33625,notAB
TEST_33626,notAB
TEST_33632,notAB
TEST_33649,notAB
TEST_33653,notAB
TEST_33661,notAB
TEST_33665,notAB
TEST_33692,notAB
TEST_33697,notAB
TEST_33701,notAB
TEST_33713,notAB
TEST_33728,notAB
TEST_33733,notAB
TEST_33736,notAB
TEST_33739,notAB
TEST_33750,notAB
TEST_33751,notAB
TEST_33759,notAB
TEST_33760,notAB
TEST_33765,notAB
TEST_33767,notAB
TEST_33770,notAB
TEST_33775,notAB
TEST_33778,notAB
TEST_33779,notAB
TEST_33812,notAB
TEST_33814,notAB
TEST_33822,notAB
TEST_33827,notAB
TEST_33837,notAB
TEST_33848,notAB
TEST_33856,notAB
TEST_33857,notAB
TEST_33860,notAB
TEST_33876,notAB
TEST_33878,notAB
TEST_33880,notAB
TEST_33882,notAB
TEST_33885,notAB
TEST_33887,notAB
TEST_33888,notAB
TEST_33899,notAB
TEST_33900,notAB
TEST_33901,notAB
TEST_33913,notAB
TEST_33921,notAB
TEST_33931,notAB
TEST_33937,notAB
TEST_33956,notAB
TEST_33957,notAB
TEST_33961,notAB
TEST_33970,notAB
TEST_33972,notAB
TEST_33986,notAB
TEST_33991,notAB
TEST_34009,notAB
TEST_34014,notAB
TEST_34037,notAB
TEST_34038,notAB
TEST_34040,notAB
TEST_34049,notAB
TEST_34056,notAB
TEST_34058,notAB
TEST_34061,notAB
TEST_34064,notAB
TEST_34083,notAB
TEST_34089,notAB
TEST_34098,notAB
TEST_34105,notAB
TEST_34108,notAB
TEST_34114,notAB
TEST_34116,notAB
TEST_34117,notAB
TEST_34130,notAB
TEST_34136,notAB
TEST_34146,notAB
TEST_34148,notAB
TEST_34150,notAB
TEST_34152,notAB
TEST_34155,notAB
TEST_34167,notAB
TEST_34169,notAB
TEST_34171,notAB
TEST_34173,notAB
TEST_34179,notAB
TEST_34180,notAB
TEST_34194,notAB
TEST_34199,notAB
TEST_34200,notAB
TEST_34206,notAB
TEST_34219,notAB
TEST_34225,notAB
TEST_34230,notAB
TEST_34245,notAB
TEST_34251,notAB
TEST_34253,notAB
TEST_34258,notAB
TEST_34267,notAB
TEST_34268,notAB
TEST_34271,notAB
TEST_34278,notAB
TEST_34286,notAB
TEST_34288,notAB
TEST_34291,notAB
TEST_34294,notAB
TEST_34295,notAB
TEST_34301,notAB
TEST_34305,notAB
TEST_34308,notAB
TEST_34313,notAB
TEST_34314,notAB
TEST_34319,notAB
TEST_34321,notAB
TEST_34323,notAB
TEST_34328,notAB
TEST_34333,notAB
TEST_34334,notAB
TEST_34344,notAB
TEST_34347,notAB
TEST_34363,notAB
TEST_34365,notAB
TEST_34370,notAB
TEST_34371,notAB
TEST_34386,notAB
TEST_34393,notAB
TEST_34399,notAB
TEST_34403,notAB
TEST_34404,notAB
TEST_34408,notAB
TEST_34411,notAB
TEST_34439,notAB
TEST_34449,notAB
TEST_34452,notAB
TEST_34460,notAB
TEST_34463,notAB
TEST_34468,notAB
TEST_34475,notAB
TEST_34480,notAB
TEST_34490,notAB
TEST_34493,notAB
TEST_34498,notAB
TEST_34503,notAB
TEST_34520,notAB
TEST_34526,notAB
TEST_34528,notAB
TEST_34529,notAB
TEST_34536,notAB
TEST_34539,notAB
TEST_34541,notAB
TEST_34542,notAB
TEST_34558,notAB
TEST_34559,notAB
TEST_34560,notAB
TEST_34561,notAB
TEST_34562,notAB
TEST_34566,notAB
TEST_34574,notAB
TEST_34580,notAB
TEST_34585,notAB
TEST_34590,notAB
TEST_34592,notAB
TEST_34597,notAB
TEST_34610,notAB
TEST_34617,notAB
TEST_34619,notAB
TEST_34629,notAB
TEST_34639,notAB
TEST_34647,notAB
TEST_34651,notAB
TEST_34653,notAB
TEST_34669,notAB
TEST_34677,notAB
TEST_34683,notAB
TEST_34693,notAB
TEST_34704,notAB
TEST_34705,notAB
TEST_34712,notAB
TEST_34717,notAB
TEST_34719,notAB
TEST_34724,notAB
TEST_34737,notAB
TEST_34740,notAB
TEST_34741,notAB
TEST_34748,notAB
TEST_34753,notAB
TEST_34760,notAB
TEST_34764,notAB
TEST_34765,notAB
TEST_34774,notAB
TEST_34780,notAB
TEST_34799,notAB
TEST_34801,notAB
TEST_34826,notAB
TEST_34843,notAB
TEST_34845,notAB
TEST_34851,notAB
TEST_34852,notAB
TEST_34860,notAB
TEST_34874,notAB
TEST_34875,notAB
TEST_34880,notAB
TEST_34885,notAB
TEST_34889,notAB
TEST_34896,notAB
TEST_34900,notAB
TEST_34901,notAB
TEST_34903,notAB
TEST_34906,notAB
TEST_34920,notAB
TEST_34922,notAB
TEST_34924,notAB
TEST_34926,notAB
TEST_34931,notAB
TEST_34932,notAB
TEST_34937,notAB
TEST_34948,notAB
TEST_34949,notAB
TEST_34951,notAB
TEST_34955,notAB
TEST_34957,notAB
TEST_34964,notAB
TEST_34970,notAB
TEST_34972,notAB
TEST_34991,notAB
TEST_34997,notAB
TEST_35003,notAB
TEST_35005,notAB
TEST_35007,notAB
TEST_35008,notAB
TEST_35012,notAB
TEST_35013,notAB
TEST_35021,notAB
TEST_35024,notAB
TEST_35031,notAB
TEST_35033,notAB
TEST_35044,notAB
TEST_35048,notAB
TEST_35050,notAB
TEST_35055,notAB
TEST_35060,notAB
TEST_35074,notAB
TEST_35075,notAB
TEST_35090,notAB
TEST_35094,notAB
TEST_35097,notAB
TEST_35099,notAB
TEST_35100,notAB
TEST_35101,notAB
TEST_35104,notAB
TEST_35109,notAB
TEST_35114,notAB
TEST_35115,notAB
TEST_35131,notAB
TEST_35140,notAB
TEST_35142,notAB
TEST_35152,notAB
TEST_35154,notAB
TEST_35155,notAB
TEST_35161,notAB
TEST_35167,notAB
TEST_35173,notAB
TEST_35190,notAB
TEST_35192,notAB
TEST_35195,notAB
TEST_35202,notAB
TEST_35207,notAB
TEST_35208,notAB
TEST_35213,notAB
TEST_35225,notAB
TEST_35229,notAB
TEST_35231,notAB
TEST_35232,notAB
TEST_35236,notAB
TEST_35243,notAB
TEST_35249,notAB
TEST_35252,notAB
TEST_35258,notAB
TEST_35283,notAB
TEST_35286,notAB
TEST_35287,notAB
TEST_35295,notAB
TEST_35302,notAB
TEST_35307,notAB
TEST_35315,notAB
TEST_35333,notAB
TEST_35342,notAB
TEST_35361,notAB
TEST_35369,notAB
TEST_35382,notAB
TEST_35383,notAB
TEST_35385,notAB
TEST_35392,notAB
TEST_35394,notAB
TEST_35399,notAB
TEST_35413,notAB
TEST_35418,notAB
TEST_35433,notAB
TEST_35434,notAB
TEST_35440,notAB
TEST_35445,notAB
TEST_35452,notAB
TEST_35453,notAB
TEST_35472,notAB
TEST_35488,notAB
TEST_35491,notAB
TEST_35499,notAB
TEST_35503,notAB
TEST_35505,notAB
TEST_35507,notAB
TEST_35513,notAB
TEST_35523,notAB
TEST_35524,notAB
TEST_35529,notAB
TEST_35535,notAB
TEST_35538,notAB
TEST_35542,notAB
TEST_35545,notAB
TEST_35548,notAB
TEST_35550,notAB
TEST_35562,notAB
TEST_35581,notAB
TEST_35596,notAB
TEST_35600,notAB
TEST_35604,notAB
TEST_35608,notAB
TEST_35610,notAB
TEST_35611,notAB
TEST_35622,notAB
TEST_35637,notAB
TEST_35638,notAB
TEST_35641,notAB
TEST_35642,notAB
TEST_35644,notAB
TEST_35650,notAB
TEST_35661,notAB
TEST_35663,notAB
TEST_35672,notAB
TEST_35675,notAB
TEST_35681,notAB
TEST_35684,notAB
TEST_35696,notAB
TEST_35713,notAB
TEST_35714,notAB
TEST_35725,notAB
TEST_35742,notAB
TEST_35747,notAB
TEST_35751,notAB
TEST_35755,notAB
TEST_35756,notAB
TEST_35759,notAB
TEST_35762,notAB
TEST_35763,notAB
TEST_35764,notAB
TEST_35771,notAB
TEST_35774,notAB
TEST_35779,notAB
TEST_35780,notAB
TEST_35782,notAB
TEST_35785,notAB
TEST_35796,notAB
TEST_35803,notAB
TEST_35811,notAB
TEST_35812,notAB
TEST_35815,notAB
TEST_35816,notAB
TEST_35819,notAB
TEST_35823,notAB
TEST_35831,notAB
TEST_35835,notAB
TEST_35839,notAB
TEST_35845,notAB
TEST_35848,notAB
TEST_35853,notAB
TEST_35859,notAB
TEST_35865,notAB
TEST_35866,notAB
TEST_35873,notAB
TEST_35875,notAB
TEST_35880,notAB
TEST_35881,notAB
TEST_35886,notAB
TEST_35898,notAB
TEST_35900,notAB
TEST_35912,notAB
TEST_35913,notAB
TEST_35920,notAB
TEST_35935,notAB
TEST_35937,notAB
TEST_35948,notAB
TEST_35952,notAB
TEST_35956,notAB
TEST_35965,notAB
TEST_35970,notAB
TEST_35972,notAB
TEST_35973,notAB
TEST_35982,notAB
TEST_35984,notAB
TEST_35986,notAB
TEST_35993,notAB
TEST_35994,notAB
TEST_36004,notAB
TEST_36015,notAB
TEST_36016,notAB
TEST_36021,notAB
TEST_36023,notAB
TEST_36047,notAB
TEST_36050,notAB
TEST_36053,notAB
TEST_36058,notAB
TEST_36068,notAB
TEST_36070,notAB
TEST_36072,notAB
TEST_36075,notAB
TEST_36076,notAB
TEST_36078,notAB
TEST_36084,notAB
TEST_36095,notAB
TEST_36114,notAB
TEST_36120,notAB
TEST_36125,notAB
TEST_36131,notAB
TEST_36155,notAB
TEST_36162,notAB
TEST_36164,notAB
TEST_36167,notAB
TEST_36170,notAB
TEST_36173,notAB
TEST_36179,notAB
TEST_36191,notAB
TEST_36199,notAB
TEST_36206,notAB
TEST_36210,notAB
TEST_36215,notAB
TEST_36216,notAB
TEST_36220,notAB
TEST_36226,notAB
TEST_36249,notAB
TEST_36251,notAB
TEST_36254,notAB
TEST_36270,notAB
TEST_36275,notAB
TEST_36280,notAB
TEST_36285,notAB
TEST_36289,notAB
TEST_36306,notAB
TEST_36310,notAB
TEST_36323,notAB
TEST_36332,notAB
TEST_36334,notAB
TEST_36345,notAB
TEST_36350,notAB
TEST_36354,notAB
TEST_36355,notAB
TEST_36359,notAB
TEST_36369,notAB
TEST_36393,notAB
TEST_36405,notAB
TEST_36410,notAB
TEST_36413,notAB
TEST_36415,notAB
TEST_36425,notAB
TEST_36434,notAB
TEST_36445,notAB
TEST_36452,notAB
TEST_36455,notAB
TEST_36458,notAB
TEST_36475,notAB
TEST_36481,notAB
TEST_36484,notAB
TEST_36496,notAB
TEST_36509,notAB
TEST_36514,notAB
TEST_36534,notAB
TEST_36550,notAB
TEST_36564,notAB
TEST_36565,notAB
TEST_36566,notAB
TEST_36570,notAB
TEST_36575,notAB
TEST_36585,notAB
TEST_36590,notAB
TEST_36594,notAB
TEST_36596,notAB
TEST_36597,notAB
TEST_36601,notAB
TEST_36606,notAB
TEST_36620,notAB
TEST_36628,notAB
TEST_36648,notAB
TEST_36653,notAB
TEST_36655,notAB
TEST_36660,notAB
TEST_36662,notAB
TEST_36663,notAB
TEST_36664,notAB
TEST_36665,notAB
TEST_36667,notAB
TEST_36670,notAB
TEST_36671,notAB
TEST_36674,notAB
TEST_36682,notAB
TEST_36690,notAB
TEST_36703,notAB
TEST_36709,notAB
TEST_36712,notAB
TEST_36715,notAB
TEST_36717,notAB
TEST_36721,notAB
TEST_36723,notAB
TEST_36736,notAB
TEST_36737,notAB
TEST_36754,notAB
TEST_36759,notAB
TEST_36763,notAB
TEST_36766,notAB
TEST_36770,notAB
TEST_36773,notAB
TEST_36775,notAB
TEST_36781,notAB
TEST_36785,notAB
TEST_36787,notAB
TEST_36795,notAB
TEST_36800,notAB
TEST_36808,notAB
TEST_36813,notAB
TEST_36823,notAB
TEST_36826,notAB
TEST_36832,notAB
TEST_36833,notAB
TEST_36835,notAB
TEST_36842,notAB
TEST_36843,notAB
TEST_36850,notAB
TEST_36853,notAB
TEST_36874,notAB
TEST_36884,notAB
TEST_36887,notAB
TEST_36888,notAB
TEST_36898,notAB
TEST_36908,notAB
TEST_36920,notAB
TEST_36921,notAB
TEST_36931,notAB
TEST_36935,notAB
TEST_36939,notAB
TEST_36944,notAB
TEST_36947,notAB
TEST_36950,notAB
TEST_36956,notAB
TEST_36957,notAB
TEST_36961,notAB
TEST_36967,notAB
TEST_36976,notAB
TEST_36977,notAB
TEST_36987,notAB
TEST_36988,notAB
TEST_37012,notAB
TEST_37014,notAB
TEST_37015,notAB
TEST_37020,notAB
TEST_37022,notAB
TEST_37033,notAB
TEST_37034,notAB
TEST_37050,notAB
TEST_37052,notAB
TEST_37060,notAB
TEST_37064,notAB
TEST_37066,notAB
TEST_37072,notAB
TEST_37084,notAB
TEST_37088,notAB
TEST_37092,notAB
TEST_37095,notAB
TEST_37098,notAB
TEST_37100,notAB
TEST_37103,notAB
TEST_37105,notAB
TEST_37110,notAB
TEST_37118,notAB
TEST_37121,notAB
TEST_37125,notAB
TEST_37134,notAB
TEST_37135,notAB
TEST_37146,notAB
TEST_37152,notAB
TEST_37153,notAB
TEST_37165,notAB
TEST_37184,notAB
TEST_37190,notAB
TEST_37191,notAB
TEST_37205,notAB
TEST_37208,notAB
TEST_37219,notAB
TEST_37220,notAB
TEST_37222,notAB
TEST_37231,notAB
TEST_37232,notAB
TEST_37242,notAB
TEST_37247,notAB
TEST_37255,notAB
TEST_37256,notAB
TEST_37258,notAB
TEST_37267,notAB
TEST_37268,notAB
TEST_37269,notAB
TEST_37271,notAB
TEST_37272,notAB
TEST_37279,notAB
TEST_37284,notAB
TEST_37288,notAB
TEST_37291,notAB
TEST_37302,notAB
TEST_37308,notAB
TEST_37314,notAB
TEST_37318,notAB
TEST_37333,notAB
TEST_37337,notAB
TEST_37347,notAB
TEST_37357,notAB
TEST_37364,notAB
TEST_37370,notAB
TEST_37373,notAB
TEST_37384,notAB
TEST_37391,notAB
TEST_37393,notAB
TEST_37395,notAB
TEST_37402,notAB
TEST_37406,notAB
TEST_37420,notAB
TEST_37421,notAB
TEST_37425,notAB
TEST_37429,notAB
TEST_37430,notAB
TEST_37431,notAB
TEST_37441,notAB
TEST_37446,notAB
TEST_37452,notAB
TEST_37454,notAB
TEST_37455,notAB
TEST_37459,notAB
TEST_37461,notAB
TEST_37466,notAB
TEST_37472,notAB
TEST_37492,notAB
TEST_37493,notAB
TEST_37497,notAB
TEST_37504,notAB
TEST_37512,notAB
TEST_37526,notAB
TEST_37529,notAB
TEST_37540,notAB
TEST_37554,notAB
TEST_37565,notAB
TEST_37568,notAB
TEST_37570,notAB
TEST_37574,notAB
TEST_37615,notAB
TEST_37621,notAB
TEST_37622,notAB
TEST_37625,notAB
TEST_37630,notAB
TEST_37638,notAB
TEST_37651,notAB
TEST_37664,notAB
TEST_37666,notAB
TEST_37673,notAB
TEST_37676,notAB
TEST_37679,notAB
TEST_37686,notAB
TEST_37706,notAB
TEST_37707,notAB
TEST_37715,notAB
TEST_37721,notAB
TEST_37725,notAB
TEST_37730,notAB
TEST_37733,notAB
TEST_37736,notAB
TEST_37742,notAB
TEST_37746,notAB
TEST_37752,notAB
TEST_37757,notAB
TEST_37758,notAB
TEST_37762,notAB
TEST_37765,notAB
TEST_37782,notAB
TEST_37783,notAB
TEST_37789,notAB
TEST_37792,notAB
TEST_37801,notAB
TEST_37816,notAB
TEST_37818,notAB
TEST_37821,notAB
TEST_37822,notAB
TEST_37830,notAB
TEST_37837,notAB
TEST_37842,notAB
TEST_37859,notAB
TEST_37901,notAB
TEST_37904,notAB
TEST_37906,notAB
TEST_37909,notAB
TEST_37912,notAB
TEST_37933,notAB
TEST_37934,notAB
TEST_37936,notAB
TEST_37937,notAB
TEST_37949,notAB
TEST_37964,notAB
TEST_37966,notAB
TEST_37971,notAB
TEST_37978,notAB
TEST_37995,notAB
TEST_37999,notAB
TEST_38006,notAB
TEST_38014,notAB
TEST_38018,notAB
TEST_38021,notAB
TEST_38028,notAB
TEST_38036,notAB
TEST_38038,notAB
TEST_38048,notAB
TEST_38049,notAB
TEST_38051,notAB
TEST_38067,notAB
TEST_38068,notAB
TEST_38077,notAB
TEST_38083,notAB
TEST_38084,notAB
TEST_38105,notAB
TEST_38107,notAB
TEST_38109,notAB
TEST_38119,notAB
TEST_38122,notAB
TEST_38143,notAB
TEST_38147,notAB
TEST_38152,notAB
TEST_38158,notAB
TEST_38162,notAB
TEST_38165,notAB
TEST_38167,notAB
TEST_38169,notAB
TEST_38172,notAB
TEST_38177,notAB
TEST_38183,notAB
TEST_38187,notAB
TEST_38190,notAB
TEST_38196,notAB
TEST_38198,notAB
TEST_38204,notAB
TEST_38206,notAB
TEST_38208,notAB
TEST_38209,notAB
TEST_38211,notAB
TEST_38217,notAB
TEST_38226,notAB
TEST_38247,notAB
TEST_38249,notAB
TEST_38255,notAB
TEST_38256,notAB
TEST_38257,notAB
TEST_38260,notAB
TEST_38265,notAB
TEST_38273,notAB
TEST_38275,notAB
TEST_38277,notAB
TEST_38278,notAB
TEST_38283,notAB
TEST_38286,notAB
TEST_38287,notAB
TEST_38289,notAB
TEST_38293,notAB
TEST_38298,notAB
TEST_38301,notAB
TEST_38304,notAB
TEST_38313,notAB
TEST_38321,notAB
TEST_38330,notAB
TEST_38331,notAB
TEST_38335,notAB
TEST_38339,notAB
TEST_38344,notAB
TEST_38371,notAB
TEST_38375,notAB
TEST_38381,notAB
TEST_38382,notAB
TEST_38387,notAB
TEST_38402,notAB
TEST_38407,notAB
TEST_38421,notAB
TEST_38425,notAB
TEST_38427,notAB
TEST_38429,notAB
TEST_38434,notAB
TEST_38438,notAB
TEST_38440,notAB
TEST_38444,notAB
TEST_38451,notAB
TEST_38460,notAB
TEST_38464,notAB
TEST_38471,notAB
TEST_38474,notAB
TEST_38480,notAB
TEST_38485,notAB
TEST_38496,notAB
TEST_38497,notAB
TEST_38500,notAB
TEST_38501,notAB
TEST_38507,notAB
TEST_38513,notAB
TEST_38516,notAB
TEST_38525,notAB
TEST_38535,notAB
TEST_38542,notAB
TEST_38549,notAB
TEST_38559,notAB
TEST_38561,notAB
TEST_38570,notAB
TEST_38576,notAB
TEST_38582,notAB
TEST_38591,notAB
TEST_38603,notAB
TEST_38611,notAB
TEST_38629,notAB
TEST_38639,notAB
TEST_38646,notAB
TEST_38649,notAB
TEST_38661,notAB
TEST_38667,notAB
TEST_38672,notAB
TEST_38674,notAB
TEST_38695,notAB
TEST_38698,notAB
TEST_38700,notAB
TEST_38702,notAB
TEST_38703,notAB
TEST_38722,notAB
TEST_38731,notAB
TEST_38748,notAB
TEST_38769,notAB
TEST_38770,notAB
TEST_38807,notAB
TEST_38810,notAB
TEST_38815,notAB
TEST_38822,notAB
TEST_38832,notAB
TEST_38833,notAB
TEST_38837,notAB
TEST_38843,notAB
TEST_38845,notAB
TEST_38860,notAB
TEST_38880,notAB
TEST_38881,notAB
TEST_38888,notAB
TEST_38902,notAB
TEST_38903,notAB
TEST_38910,notAB
TEST_38911,notAB
TEST_38915,notAB
TEST_38922,notAB
TEST_38926,notAB
TEST_38928,notAB
TEST_38931,notAB
TEST_38939,notAB
TEST_38956,notAB
TEST_38961,notAB
TEST_38966,notAB
TEST_38974,notAB
TEST_38978,notAB
TEST_38985,notAB
TEST_38991,notAB
TEST_38992,notAB
TEST_39012,notAB
TEST_39019,notAB
TEST_39032,notAB
TEST_39034,notAB
TEST_39045,notAB
TEST_39048,notAB
TEST_39056,notAB
TEST_39057,notAB
TEST_39058,notAB
TEST_39065,notAB
TEST_39066,notAB
TEST_39092,notAB
TEST_39098,notAB
TEST_39103,notAB
TEST_39108,notAB
TEST_39112,notAB
TEST_39115,notAB
TEST_39117,notAB
TEST_39122,notAB
TEST_39125,notAB
TEST_39127,notAB
TEST_39129,notAB
TEST_39137,notAB
TEST_39140,notAB
TEST_39141,notAB
TEST_39149,notAB
TEST_39157,notAB
TEST_39167,notAB
TEST_39175,notAB
TEST_39179,notAB
TEST_39187,notAB
TEST_39188,notAB
TEST_39192,notAB
TEST_39195,notAB
TEST_39197,notAB
TEST_39198,notAB
TEST_39199,notAB
TEST_39217,notAB
TEST_39230,notAB
TEST_39235,notAB
TEST_39249,notAB
TEST_39253,notAB
TEST_39259,notAB
TEST_39261,notAB
TEST_39264,notAB
TEST_39265,notAB
TEST_39271,notAB
TEST_39272,notAB
TEST_39281,notAB
TEST_39283,notAB
TEST_39290,notAB
TEST_39305,notAB
TEST_39311,notAB
TEST_39313,notAB
TEST_39314,notAB
TEST_39319,notAB
TEST_39320,notAB
TEST_39322,notAB
TEST_39329,notAB
TEST_39348,notAB
TEST_39349,notAB
TEST_39352,notAB
TEST_39356,notAB
TEST_39359,notAB
TEST_39363,notAB
TEST_39383,notAB
TEST_39397,notAB
TEST_39403,notAB
TEST_39405,notAB
TEST_39418,notAB
TEST_39427,notAB
TEST_39435,notAB
TEST_39440,notAB
TEST_39451,notAB
TEST_39454,notAB
TEST_39455,notAB
TEST_39461,notAB
TEST_39462,notAB
TEST_39468,notAB
TEST_39469,notAB
TEST_39471,notAB
TEST_39473,notAB
TEST_39482,notAB
TEST_39483,notAB
TEST_39491,notAB
TEST_39492,notAB
TEST_39493,notAB
TEST_39501,notAB
TEST_39502,notAB
TEST_39519,notAB
TEST_39526,notAB
TEST_39534,notAB
TEST_39564,notAB
TEST_39571,notAB
TEST_39572,notAB
TEST_39573,notAB
TEST_39591,notAB
TEST_39593,notAB
TEST_39595,notAB
TEST_39602,notAB
TEST_39605,notAB
TEST_39606,notAB
TEST_39607,notAB
TEST_39615,notAB
TEST_39620,notAB
TEST_39629,notAB
TEST_39630,notAB
TEST_39643,notAB
TEST_39644,notAB
TEST_39654,notAB
TEST_39656,notAB
TEST_39660,notAB
TEST_39669,notAB
TEST_39671,notAB
TEST_39672,notAB
TEST_39690,notAB
TEST_39693,notAB
TEST_39713,notAB
TEST_39714,notAB
TEST_39717,notAB
TEST_39724,notAB
TEST_39725,notAB
TEST_39730,notAB
TEST_39731,notAB
TEST_39738,notAB
TEST_39741,notAB
TEST_39749,notAB
TEST_39750,notAB
TEST_39755,notAB
TEST_39757,notAB
TEST_39762,notAB
TEST_39764,notAB
TEST_39767,notAB
TEST_39773,notAB
TEST_39783,notAB
TEST_39785,notAB
TEST_39791,notAB
TEST_39793,notAB
TEST_39800,notAB
TEST_39804,notAB
TEST_39810,notAB
TEST_39823,notAB
TEST_39825,notAB
TEST_39827,notAB
TEST_39828,notAB
TEST_39835,notAB
TEST_39843,notAB
TEST_39847,notAB
TEST_39852,notAB
TEST_39856,notAB
TEST_39863,notAB
TEST_39867,notAB
TEST_39881,notAB
TEST_39884,notAB
TEST_39885,notAB
TEST_39886,notAB
TEST_39891,notAB
TEST_39895,notAB
TEST_39899,notAB
TEST_39905,notAB
TEST_39906,notAB
TEST_39922,notAB
TEST_39925,notAB
TEST_39927,notAB
TEST_39969,notAB
TEST_39971,notAB
TEST_39981,notAB
TEST_39988,notAB
TEST_39990,notAB
TEST_39993,notAB
TEST_39995,notAB
TEST_39997,notAB
TEST_39999,notAB
TEST_40003,notAB
TEST_40005,notAB
TEST_40020,notAB
TEST_40026,notAB
TEST_40028,notAB
TEST_40034,notAB
TEST_40046,notAB
TEST_40051,notAB
TEST_40066,notAB
TEST_40069,notAB
TEST_40075,notAB
TEST_40086,notAB
TEST_40099,notAB
TEST_40101,notAB
TEST_40112,notAB
TEST_40116,notAB
TEST_40126,notAB
TEST_40131,notAB
TEST_40132,notAB
TEST_40150,notAB
TEST_40151,notAB
TEST_40152,notAB
TEST_40153,notAB
TEST_40166,notAB
TEST_40170,notAB
TEST_40181,notAB
TEST_40186,notAB
TEST_40203,notAB
TEST_40206,notAB
TEST_40210,notAB
TEST_40219,notAB
TEST_40225,notAB
TEST_40232,notAB
TEST_40233,notAB
TEST_40236,notAB
TEST_40251,notAB
TEST_40287,notAB
TEST_40302,notAB
TEST_40306,notAB
TEST_40308,notAB
TEST_40310,notAB
TEST_40312,notAB
TEST_40313,notAB
TEST_40314,notAB
TEST_40321,notAB
TEST_40324,notAB
TEST_40328,notAB
TEST_40330,notAB
TEST_40332,notAB
TEST_40334,notAB
TEST_40335,notAB
TEST_40337,notAB
TEST_40338,notAB
TEST_40342,notAB
TEST_40353,notAB
TEST_40358,notAB
TEST_40361,notAB
TEST_40370,notAB
TEST_40385,notAB
TEST_40387,notAB
TEST_40391,notAB
TEST_40392,notAB
TEST_40396,notAB
TEST_40404,notAB
TEST_40405,notAB
TEST_40408,notAB
TEST_40409,notAB
TEST_40417,notAB
TEST_40418,notAB
TEST_40419,notAB
TEST_40429,notAB
TEST_40431,notAB
TEST_40443,notAB
TEST_40469,notAB
TEST_40483,notAB
TEST_40485,notAB
TEST_40486,notAB
TEST_40497,notAB
TEST_40502,notAB
TEST_40506,notAB
TEST_40515,notAB
TEST_40518,notAB
TEST_40520,notAB
TEST_40524,notAB
TEST_40525,notAB
TEST_40534,notAB
TEST_40535,notAB
TEST_40536,notAB
TEST_40538,notAB
TEST_40550,notAB
TEST_40552,notAB
TEST_40554,notAB
TEST_40560,notAB
TEST_40568,notAB
TEST_40571,notAB
TEST_40573,notAB
TEST_40576,notAB
TEST_40581,notAB
TEST_40586,notAB
TEST_40589,notAB
TEST_40600,notAB
TEST_40607,notAB
TEST_40610,notAB
TEST_40612,notAB
TEST_40627,notAB
TEST_40638,notAB
TEST_40642,notAB
TEST_40643,notAB
TEST_40647,notAB
TEST_40648,notAB
TEST_40656,notAB
TEST_40657,notAB
TEST_40660,notAB
TEST_40661,notAB
TEST_40684,notAB
TEST_40687,notAB
TEST_40693,notAB
TEST_40699,notAB
TEST_40700,notAB
TEST_40701,notAB
TEST_40708,notAB
TEST_40709,notAB
TEST_40716,notAB
TEST_40717,notAB
TEST_40718,notAB
TEST_40722,notAB
TEST_40726,notAB
TEST_40743,notAB
TEST_40746,notAB
TEST_40748,notAB
TEST_40751,notAB
TEST_40776,notAB
TEST_40778,notAB
TEST_40781,notAB
TEST_40782,notAB
TEST_40799,notAB
TEST_40804,notAB
TEST_40808,notAB
TEST_40809,notAB
TEST_40833,notAB
TEST_40834,notAB
TEST_40837,notAB
TEST_40838,notAB
TEST_40845,notAB
TEST_40849,notAB
TEST_40851,notAB
TEST_40852,notAB
TEST_40856,notAB
TEST_40867,notAB
TEST_40876,notAB
TEST_40877,notAB
TEST_40891,notAB
TEST_40895,notAB
TEST_40901,notAB
TEST_40902,notAB
TEST_40903,notAB
TEST_40905,notAB
TEST_40907,notAB
TEST_40915,notAB
TEST_40917,notAB
TEST_40921,notAB
TEST_40923,notAB
TEST_40928,notAB
TEST_40938,notAB
TEST_40947,notAB
TEST_40957,notAB
TEST_40960,notAB
TEST_40962,notAB
TEST_40970,notAB
TEST_40977,notAB
TEST_40988,notAB
TEST_40995,notAB
TEST_40997,notAB
TEST_41006,notAB
TEST_41009,notAB
TEST_41010,notAB
TEST_41015,notAB
TEST_41017,notAB
TEST_41024,notAB
TEST_41025,notAB
TEST_41026,notAB
TEST_41037,notAB
TEST_41039,notAB
TEST_41042,notAB
TEST_41046,notAB
TEST_41060,notAB
TEST_41065,notAB
TEST_41075,notAB
TEST_41085,notAB
TEST_41086,notAB
TEST_41102,notAB
TEST_41104,notAB
TEST_41106,notAB
TEST_41118,notAB
TEST_41134,notAB
TEST_41140,notAB
TEST_41142,notAB
TEST_41169,notAB
TEST_41174,notAB
TEST_41184,notAB
TEST_41187,notAB
TEST_41194,notAB
TEST_41198,notAB
TEST_41199,notAB
TEST_41208,notAB
TEST_41218,notAB
TEST_41255,notAB
TEST_41257,notAB
TEST_41272,notAB
TEST_41276,notAB
TEST_41277,notAB
TEST_41298,notAB
TEST_41306,notAB
TEST_41308,notAB
TEST_41312,notAB
TEST_41313,notAB
TEST_41315,notAB
TEST_41316,notAB
TEST_41320,notAB
TEST_41325,notAB
TEST_41326,notAB
TEST_41330,notAB
TEST_41335,notAB
TEST_41337,notAB
TEST_41347,notAB
TEST_41364,notAB
TEST_41367,notAB
TEST_41372,notAB
TEST_41387,notAB
TEST_41392,notAB
TEST_41395,notAB
TEST_41398,notAB
TEST_41402,notAB
TEST_41404,notAB
TEST_41420,notAB
TEST_41421,notAB
TEST_41422,notAB
TEST_41424,notAB
TEST_41425,notAB
TEST_41426,notAB
TEST_41431,notAB
TEST_41434,notAB
TEST_41438,notAB
TEST_41443,notAB
TEST_41447,notAB
TEST_41455,notAB
TEST_41457,notAB
TEST_41459,notAB
TEST_41461,notAB
TEST_41463,notAB
TEST_41479,notAB
TEST_41488,notAB
TEST_41503,notAB
TEST_41507,notAB
TEST_41508,notAB
TEST_41515,notAB
TEST_41535,notAB
TEST_41550,notAB
TEST_41552,notAB
TEST_41556,notAB
TEST_41557,notAB
TEST_41585,notAB
TEST_41598,notAB
TEST_41599,notAB
TEST_41622,notAB
TEST_41629,notAB
TEST_41639,notAB
TEST_41642,notAB
TEST_41648,notAB
TEST_41658,notAB
TEST_41665,notAB
TEST_41693,notAB
TEST_41696,notAB
TEST_41708,notAB
TEST_41711,notAB
TEST_41714,notAB
TEST_41718,notAB
TEST_41720,notAB
TEST_41723,notAB
TEST_41731,notAB
TEST_41743,notAB
TEST_41745,notAB
TEST_41753,notAB
TEST_41755,notAB
TEST_41760,notAB
TEST_41763,notAB
TEST_41779,notAB
TEST_41780,notAB
TEST_41782,notAB
TEST_41783,notAB
TEST_41790,notAB
TEST_41795,notAB
TEST_41811,notAB
TEST_41821,notAB
TEST_41823,notAB
TEST_41826,notAB
TEST_41828,notAB
TEST_41833,notAB
TEST_41840,notAB
TEST_41855,notAB
TEST_41859,notAB
TEST_41865,notAB
TEST_41874,notAB
TEST_41878,notAB
TEST_41889,notAB
TEST_41896,notAB
TEST_41903,notAB
TEST_41908,notAB
TEST_41910,notAB
TEST_41912,notAB
TEST_41914,notAB
TEST_41921,notAB
TEST_41933,notAB
TEST_41936,notAB
TEST_41945,notAB
TEST_41951,notAB
TEST_41973,notAB
TEST_41977,notAB
TEST_41981,notAB
TEST_41988,notAB
TEST_41994,notAB
TEST_41996,notAB
TEST_42001,notAB
TEST_42006,notAB
TEST_42007,notAB
TEST_42011,notAB
TEST_42022,notAB
TEST_42030,notAB
TEST_42048,notAB
TEST_42049,notAB
TEST_42050,notAB
TEST_42053,notAB
TEST_42054,notAB
TEST_42056,notAB
TEST_42059,notAB
TEST_42063,notAB
TEST_42066,notAB
TEST_42069,notAB
TEST_42071,notAB
TEST_42075,notAB
TEST_42076,notAB
TEST_42077,notAB
TEST_42084,notAB
TEST_42086,notAB
TEST_42104,notAB
TEST_42113,notAB
TEST_42118,notAB
TEST_42131,notAB
TEST_42132,notAB
TEST_42142,notAB
TEST_42146,notAB
TEST_42148,notAB
TEST_42155,notAB
TEST_42158,notAB
TEST_42166,notAB
TEST_42171,notAB
TEST_42177,notAB
TEST_42200,notAB
TEST_42205,notAB
TEST_42215,notAB
TEST_42230,notAB
TEST_42238,notAB
TEST_42243,notAB
TEST_42246,notAB
TEST_42262,notAB
TEST_42279,notAB
TEST_42295,notAB
TEST_42299,notAB
TEST_42308,notAB
TEST_42318,notAB
TEST_42322,notAB
TEST_42325,notAB
TEST_42327,notAB
TEST_42337,notAB
TEST_42349,notAB
TEST_42355,notAB
TEST_42358,notAB
TEST_42363,notAB
TEST_42367,notAB
TEST_42368,notAB
TEST_42371,notAB
TEST_42375,notAB
TEST_42383,notAB
TEST_42384,notAB
TEST_42391,notAB
TEST_42402,notAB
TEST_42407,notAB
TEST_42409,notAB
TEST_42411,notAB
TEST_42419,notAB
TEST_42420,notAB
TEST_42427,notAB
TEST_42435,notAB
TEST_42445,notAB
TEST_42449,notAB
TEST_42463,notAB
TEST_42466,notAB
TEST_42471,notAB
TEST_42482,notAB
TEST_42484,notAB
TEST_42485,notAB
TEST_42489,notAB
TEST_42491,notAB
TEST_42499,notAB
TEST_42505,notAB
TEST_42507,notAB
TEST_42510,notAB
TEST_42512,notAB
TEST_42513,notAB
TEST_42517,notAB
TEST_42521,notAB
TEST_42522,notAB
TEST_42531,notAB
TEST_42540,notAB
TEST_42553,notAB
TEST_42563,notAB
TEST_42570,notAB
TEST_42571,notAB
TEST_42587,notAB
TEST_42590,notAB
TEST_42592,notAB
TEST_42593,notAB
TEST_42601,notAB
TEST_42602,notAB
TEST_42603,notAB
TEST_42610,notAB
TEST_42612,notAB
TEST_42616,notAB
TEST_42621,notAB
TEST_42624,notAB
TEST_42637,notAB
TEST_42638,notAB
TEST_42639,notAB
TEST_42650,notAB
TEST_42651,notAB
TEST_42653,notAB
TEST_42655,notAB
TEST_42657,notAB
TEST_42664,notAB
TEST_42681,notAB
TEST_42683,notAB
TEST_42685,notAB
TEST_42688,notAB
TEST_42709,notAB
TEST_42719,notAB
TEST_42720,notAB
TEST_42745,notAB
TEST_42767,notAB
TEST_42768,notAB
TEST_42774,notAB
TEST_42779,notAB
TEST_42782,notAB
TEST_42790,notAB
TEST_42802,notAB
TEST_42803,notAB
TEST_42807,notAB
TEST_42823,notAB
TEST_42829,notAB
TEST_42834,notAB
TEST_42838,notAB
TEST_42841,notAB
TEST_42853,notAB
TEST_42856,notAB
TEST_42868,notAB
TEST_42869,notAB
TEST_42885,notAB
TEST_42888,notAB
TEST_42906,notAB
TEST_42907,notAB
TEST_42908,notAB
TEST_42909,notAB
TEST_42915,notAB
TEST_42917,notAB
TEST_42918,notAB
TEST_42923,notAB
TEST_42926,notAB
TEST_42935,notAB
TEST_42936,notAB
TEST_42944,notAB
TEST_42948,notAB
TEST_42952,notAB
TEST_42963,notAB
TEST_42973,notAB
TEST_42981,notAB
TEST_42982,notAB
TEST_42993,notAB
TEST_42995,notAB
TEST_43004,notAB
TEST_43010,notAB
TEST_43012,notAB
TEST_43016,notAB
TEST_43019,notAB
TEST_43021,notAB
TEST_43039,notAB
TEST_43042,notAB
TEST_43049,notAB
TEST_43052,notAB
TEST_43068,notAB
TEST_43078,notAB
TEST_43090,notAB
TEST_43095,notAB
TEST_43098,notAB
TEST_43101,notAB
TEST_43115,notAB
TEST_43116,notAB
TEST_43117,notAB
TEST_43122,notAB
TEST_43132,notAB
TEST_43150,notAB
TEST_43155,notAB
TEST_43167,notAB
TEST_43175,notAB
TEST_43192,notAB
TEST_43214,notAB
TEST_43221,notAB
TEST_43239,notAB
TEST_43240,notAB
TEST_43248,notAB
TEST_43254,notAB
TEST_43256,notAB
TEST_43257,notAB
TEST_43258,notAB
TEST_43275,notAB
TEST_43279,notAB
TEST_43280,notAB
TEST_43286,notAB
TEST_43287,notAB
TEST_43291,notAB
TEST_43302,notAB
TEST_43303,notAB
TEST_43322,notAB
TEST_43327,notAB
TEST_43359,notAB
TEST_43361,notAB
TEST_43363,notAB
TEST_43368,notAB
TEST_43376,notAB
TEST_43377,notAB
TEST_43379,notAB
TEST_43383,notAB
TEST_43384,notAB
TEST_43390,notAB
TEST_43415,notAB
TEST_43421,notAB
TEST_43424,notAB
TEST_43432,notAB
TEST_43439,notAB
TEST_43445,notAB
TEST_43472,notAB
TEST_43475,notAB
TEST_43478,notAB
TEST_43491,notAB
TEST_43506,notAB
TEST_43514,notAB
TEST_43523,notAB
TEST_43530,notAB
TEST_43534,notAB
TEST_43537,notAB
TEST_43540,notAB
TEST_43542,notAB
TEST_43545,notAB
TEST_43546,notAB
TEST_43555,notAB
TEST_43570,notAB
TEST_43571,notAB
TEST_43573,notAB
TEST_43580,notAB
TEST_43588,notAB
TEST_43589,notAB
TEST_43594,notAB
TEST_43611,notAB
TEST_43614,notAB
TEST_43624,notAB
TEST_43625,notAB
TEST_43628,notAB
TEST_43631,notAB
TEST_43634,notAB
TEST_43638,notAB
TEST_43640,notAB
TEST_43644,notAB
TEST_43666,notAB
TEST_43670,notAB
TEST_43706,notAB
TEST_43707,notAB
TEST_43709,notAB
TEST_43718,notAB
TEST_43720,notAB
TEST_43745,notAB
TEST_43764,notAB
TEST_43767,notAB
TEST_43774,notAB
TEST_43782,notAB
TEST_43786,notAB
TEST_43787,notAB
TEST_43809,notAB
TEST_43811,notAB
TEST_43817,notAB
TEST_43818,notAB
TEST_43820,notAB
TEST_43825,notAB
TEST_43831,notAB
TEST_43834,notAB
TEST_43835,notAB
TEST_43837,notAB
TEST_43839,notAB
TEST_43856,notAB
TEST_43867,notAB
TEST_43872,notAB
TEST_43886,notAB
TEST_43890,notAB
TEST_43893,notAB
TEST_43902,notAB
TEST_43905,notAB
TEST_43919,notAB
TEST_43920,notAB
TEST_43927,notAB
TEST_43931,notAB
TEST_43938,notAB
TEST_43943,notAB
TEST_43946,notAB
TEST_43948,notAB
TEST_43961,notAB
TEST_43968,notAB
TEST_43969,notAB
TEST_43970,notAB
TEST_43972,notAB
TEST_43986,notAB
TEST_43987,notAB
TEST_43990,notAB
TEST_43993,notAB
TEST_43999,notAB
TEST_44000,notAB
TEST_44005,notAB
TEST_44023,notAB
TEST_44029,notAB
TEST_44032,notAB
TEST_44037,notAB
TEST_44049,notAB
TEST_44063,notAB
TEST_44066,notAB
TEST_44077,notAB
TEST_44081,notAB
TEST_44085,notAB
TEST_44111,notAB
TEST_44130,notAB
TEST_44133,notAB
TEST_44139,notAB
TEST_44141,notAB
TEST_44156,notAB
TEST_44157,notAB
TEST_44160,notAB
TEST_44165,notAB
TEST_44170,notAB
TEST_44184,notAB
TEST_44186,notAB
TEST_44187,notAB
TEST_44195,notAB
TEST_44209,notAB
TEST_44212,notAB
TEST_44213,notAB
TEST_44218,notAB
TEST_44223,notAB
TEST_44229,notAB
TEST_44230,notAB
TEST_44234,notAB
TEST_44235,notAB
TEST_44236,notAB
TEST_44238,notAB
TEST_44240,notAB
TEST_44249,notAB
TEST_44250,notAB
TEST_44253,notAB
TEST_44262,notAB
TEST_44267,notAB
TEST_44272,notAB
TEST_44277,notAB
TEST_44280,notAB
TEST_44288,notAB
TEST_44290,notAB
TEST_44295,notAB
TEST_44301,notAB
TEST_44303,notAB
TEST_44310,notAB
TEST_44317,notAB
TEST_44327,notAB
TEST_44328,notAB
TEST_44336,notAB
TEST_44346,notAB
TEST_44357,notAB
TEST_44359,notAB
TEST_44364,notAB
TEST_44376,notAB
TEST_44385,notAB
TEST_44392,notAB
TEST_44398,notAB
TEST_44400,notAB
TEST_44401,notAB
TEST_44403,notAB
TEST_44405,notAB
TEST_44418,notAB
TEST_44422,notAB
TEST_44425,notAB
TEST_44427,notAB
TEST_44429,notAB
TEST_44435,notAB
TEST_44439,notAB
TEST_44443,notAB
TEST_44453,notAB
TEST_44455,notAB
TEST_44459,notAB
TEST_44463,notAB
TEST_44469,notAB
TEST_44472,notAB
TEST_44482,notAB
TEST_44487,notAB
TEST_44491,notAB
TEST_44498,notAB
TEST_44503,notAB
TEST_44512,notAB
TEST_44515,notAB
TEST_44522,notAB
TEST_44523,notAB
TEST_44526,notAB
TEST_44543,notAB
TEST_44560,notAB
TEST_44566,notAB
TEST_44570,notAB
TEST_44574,notAB
TEST_44585,notAB
TEST_44586,notAB
TEST_44591,notAB
TEST_44595,notAB
TEST_44596,notAB
TEST_44598,notAB
TEST_44614,notAB
TEST_44622,notAB
TEST_44629,notAB
TEST_44642,notAB
TEST_44643,notAB
TEST_44649,notAB
TEST_44653,notAB
TEST_44669,notAB
TEST_44691,notAB
TEST_44695,notAB
TEST_44699,notAB
TEST_44706,notAB
TEST_44708,notAB
TEST_44711,notAB
TEST_44738,notAB
TEST_44739,notAB
TEST_44745,notAB
TEST_44747,notAB
TEST_44749,notAB
TEST_44751,notAB
TEST_44762,notAB
TEST_44763,notAB
TEST_44764,notAB
TEST_44773,notAB
TEST_44775,notAB
TEST_44779,notAB
TEST_44783,notAB
TEST_44807,notAB
TEST_44816,notAB
TEST_44818,notAB
TEST_44830,notAB
TEST_44837,notAB
TEST_44846,notAB
TEST_44848,notAB
TEST_44850,notAB
TEST_44852,notAB
TEST_44892,notAB
TEST_44912,notAB
TEST_44920,notAB
TEST_44922,notAB
TEST_44923,notAB
TEST_44931,notAB
TEST_44934,notAB
TEST_44937,notAB
TEST_44944,notAB
TEST_44947,notAB
TEST_44956,notAB
TEST_44962,notAB
TEST_44974,notAB
TEST_44977,notAB
TEST_44981,notAB
TEST_44983,notAB
TEST_44992,notAB
TEST_44997,notAB
TEST_45009,notAB
TEST_45010,notAB
TEST_45021,notAB
TEST_45024,notAB
TEST_45042,notAB
TEST_45050,notAB
TEST_45053,notAB
TEST_45054,notAB
TEST_45062,notAB
TEST_45067,notAB
TEST_45073,notAB
TEST_45081,notAB
TEST_45082,notAB
TEST_45084,notAB
TEST_45086,notAB
TEST_45095,notAB
TEST_45103,notAB
TEST_45104,notAB
TEST_45109,notAB
TEST_45111,notAB
TEST_45119,notAB
TEST_45141,notAB
TEST_45145,notAB
TEST_45148,notAB
TEST_45152,notAB
TEST_45161,notAB
TEST_45163,notAB
TEST_45166,notAB
TEST_45178,notAB
TEST_45183,notAB
TEST_45195,notAB
TEST_45196,notAB
TEST_45204,notAB
TEST_45205,notAB
TEST_45215,notAB
TEST_45223,notAB
TEST_45233,notAB
TEST_45235,notAB
TEST_45239,notAB
TEST_45240,notAB
TEST_45242,notAB
TEST_45243,notAB
TEST_45256,notAB
TEST_45259,notAB
TEST_45261,notAB
TEST_45263,notAB
TEST_45265,notAB
TEST_45266,notAB
TEST_45270,notAB
TEST_45271,notAB
TEST_45276,notAB
TEST_45277,notAB
TEST_45283,notAB
TEST_45288,notAB
TEST_45298,notAB
TEST_45299,notAB
TEST_45304,notAB
TEST_45308,notAB
TEST_45313,notAB
TEST_45316,notAB
TEST_45330,notAB
TEST_45335,notAB
TEST_45340,notAB
TEST_45344,notAB
TEST_45345,notAB
TEST_45347,notAB
TEST_45349,notAB
TEST_45355,notAB
TEST_45373,notAB
TEST_45382,notAB
TEST_45383,notAB
TEST_45384,notAB
TEST_45387,notAB
TEST_45401,notAB
TEST_45413,notAB
TEST_45416,notAB
TEST_45430,notAB
TEST_45435,notAB
TEST_45442,notAB
TEST_45447,notAB
TEST_45448,notAB
TEST_45452,notAB
TEST_45459,notAB
TEST_45470,notAB
TEST_45471,notAB
TEST_45472,notAB
TEST_45484,notAB
TEST_45500,notAB
TEST_45504,notAB
TEST_45515,notAB
TEST_45517,notAB
TEST_45526,notAB
TEST_45530,notAB
TEST_45536,notAB
TEST_45551,notAB
TEST_45563,notAB
TEST_45567,notAB
TEST_45571,notAB
TEST_45574,notAB
TEST_45577,notAB
TEST_45582,notAB
TEST_45583,notAB
TEST_45584,notAB
TEST_45586,notAB
TEST_45589,notAB
TEST_45593,notAB
TEST_45597,notAB
TEST_45600,notAB
TEST_45601,notAB
TEST_45604,notAB
TEST_45609,notAB
TEST_45611,notAB
TEST_45620,notAB
TEST_45637,notAB
TEST_45651,notAB
TEST_45668,notAB
TEST_45684,notAB
TEST_45687,notAB
TEST_45708,notAB
TEST_45714,notAB
TEST_45715,notAB
TEST_45718,notAB
TEST_45730,notAB
TEST_45734,notAB
TEST_45740,notAB
TEST_45741,notAB
TEST_45742,notAB
TEST_45743,notAB
TEST_45754,notAB
TEST_45761,notAB
TEST_45767,notAB
TEST_45769,notAB
TEST_45772,notAB
TEST_45781,notAB
TEST_45785,notAB
TEST_45790,notAB
TEST_45793,notAB
TEST_45799,notAB
TEST_45802,notAB
TEST_45808,notAB
TEST_45810,notAB
TEST_45811,notAB
TEST_45819,notAB
TEST_45824,notAB
TEST_45826,notAB
TEST_45827,notAB
TEST_45829,notAB
TEST_45830,notAB
TEST_45843,notAB
TEST_45850,notAB
TEST_45856,notAB
TEST_45857,notAB
TEST_45868,notAB
TEST_45876,notAB
TEST_45888,notAB
TEST_45891,notAB
TEST_45899,notAB
TEST_45900,notAB
TEST_45901,notAB
TEST_45906,notAB
TEST_45914,notAB
TEST_45920,notAB
TEST_45921,notAB
TEST_45925,notAB
TEST_45933,notAB
TEST_45943,notAB
TEST_45946,notAB
TEST_45973,notAB
TEST_45977,notAB
TEST_45978,notAB
TEST_45981,notAB
TEST_45987,notAB
TEST_45990,notAB
TEST_45994,notAB
TEST_45995,notAB
TEST_46004,notAB
TEST_46010,notAB
TEST_46014,notAB
TEST_46015,notAB
TEST_46021,notAB
TEST_46022,notAB
TEST_46032,notAB
TEST_46038,notAB
TEST_46041,notAB
TEST_46049,notAB
TEST_46051,notAB
TEST_46062,notAB
TEST_46072,notAB
TEST_46081,notAB
TEST_46082,notAB
TEST_46085,notAB
TEST_46088,notAB
TEST_46091,notAB
TEST_46093,notAB
TEST_46099,notAB
TEST_46111,notAB
TEST_46112,notAB
TEST_46117,notAB
TEST_46124,notAB
TEST_46128,notAB
TEST_46147,notAB
TEST_46154,notAB
TEST_46166,notAB
TEST_46171,notAB
TEST_46179,notAB
TEST_46183,notAB
TEST_46184,notAB
TEST_46207,notAB
TEST_46208,notAB
TEST_46209,notAB
TEST_46212,notAB
TEST_46216,notAB
TEST_46218,notAB
TEST_46224,notAB
TEST_46229,notAB
TEST_46230,notAB
TEST_46234,notAB
TEST_46248,notAB
TEST_46250,notAB
TEST_46255,notAB
TEST_46280,notAB
TEST_46285,notAB
TEST_46286,notAB
TEST_46287,notAB
TEST_46291,notAB
TEST_46292,notAB
TEST_46296,notAB
TEST_46298,notAB
TEST_46299,notAB
TEST_46302,notAB
TEST_46310,notAB
TEST_46311,notAB
TEST_46316,notAB
TEST_46331,notAB
TEST_46338,notAB
TEST_46340,notAB
TEST_46343,notAB
TEST_46367,notAB
TEST_46370,notAB
TEST_46374,notAB
TEST_46378,notAB
TEST_46379,notAB
TEST_46384,notAB
TEST_46391,notAB
TEST_46393,notAB
TEST_46399,notAB
TEST_46409,notAB
TEST_46411,notAB
TEST_46423,notAB
TEST_46426,notAB
TEST_46434,notAB
TEST_46436,notAB
TEST_46438,notAB
TEST_46447,notAB
TEST_46452,notAB
TEST_46456,notAB
TEST_46463,notAB
TEST_46476,notAB
TEST_46481,notAB
TEST_46486,notAB
TEST_46497,notAB
TEST_46501,notAB
TEST_46512,notAB
TEST_46516,notAB
TEST_46517,notAB
TEST_46526,notAB
TEST_46528,notAB
TEST_46531,notAB
TEST_46533,notAB
TEST_46535,notAB
TEST_46546,notAB
TEST_46551,notAB
TEST_46555,notAB
TEST_46565,notAB
TEST_46567,notAB
TEST_46570,notAB
TEST_46580,notAB
TEST_46583,notAB
TEST_46599,notAB
TEST_46600,notAB
TEST_46608,notAB
TEST_46618,notAB
TEST_46628,notAB
TEST_46634,notAB
TEST_46637,notAB
TEST_46638,notAB
TEST_46652,notAB
TEST_46658,notAB
TEST_46661,notAB
TEST_46662,notAB
TEST_46682,notAB
TEST_46689,notAB
TEST_46696,notAB
TEST_46714,notAB
TEST_46722,notAB
TEST_46727,notAB
TEST_46729,notAB
TEST_46740,notAB
TEST_46748,notAB
TEST_46767,notAB
TEST_46768,notAB
TEST_46773,notAB
TEST_46780,notAB
TEST_46787,notAB
TEST_46794,notAB
TEST_46799,notAB
TEST_46809,notAB
TEST_46811,notAB
TEST_46818,notAB
TEST_46823,notAB
TEST_46827,notAB
TEST_46828,notAB
TEST_46834,notAB
TEST_46847,notAB
TEST_46849,notAB
TEST_46855,notAB
TEST_46871,notAB
TEST_46878,notAB
TEST_46889,notAB
TEST_46891,notAB
TEST_46892,notAB
TEST_46898,notAB
TEST_46910,notAB
TEST_46924,notAB
TEST_46930,notAB
TEST_46932,notAB
TEST_46949,notAB
TEST_46951,notAB
TEST_46958,notAB
TEST_46961,notAB
TEST_46965,notAB
TEST_46966,notAB
TEST_46969,notAB
TEST_46970,notAB
TEST_46990,notAB
TEST_46994,notAB
TEST_47011,notAB
TEST_47035,notAB
TEST_47059,notAB
TEST_47065,notAB
TEST_47077,notAB
TEST_47081,notAB
TEST_47093,notAB
TEST_47110,notAB
TEST_47113,notAB
TEST_47118,notAB
TEST_47119,notAB
TEST_47126,notAB
TEST_47130,notAB
TEST_47133,notAB
TEST_47143,notAB
TEST_47153,notAB
TEST_47155,notAB
TEST_47160,notAB
TEST_47164,notAB
TEST_47182,notAB
TEST_47201,notAB
TEST_47211,notAB
TEST_47215,notAB
TEST_47216,notAB
TEST_47221,notAB
TEST_47222,notAB
TEST_47232,notAB
TEST_47236,notAB
TEST_47242,notAB
TEST_47252,notAB
TEST_47253,notAB
TEST_47260,notAB
TEST_47266,notAB
TEST_47278,notAB
TEST_47281,notAB
TEST_47298,notAB
TEST_47307,notAB
TEST_47323,notAB
TEST_47333,notAB
TEST_47339,notAB
TEST_47346,notAB
TEST_47348,notAB
TEST_47368,notAB
TEST_47379,notAB
TEST_47381,notAB
TEST_47384,notAB
TEST_47386,notAB
TEST_47390,notAB
TEST_47396,notAB
TEST_47398,notAB
TEST_47406,notAB
TEST_47407,notAB
TEST_47412,notAB
TEST_47426,notAB
TEST_47429,notAB
TEST_47436,notAB
TEST_47440,notAB
TEST_47442,notAB
TEST_47467,notAB
TEST_47476,notAB
TEST_47478,notAB
TEST_47480,notAB
TEST_47483,notAB
TEST_47491,notAB
TEST_47507,notAB
TEST_47510,notAB
TEST_47511,notAB
TEST_47516,notAB
TEST_47520,notAB
TEST_47521,notAB
TEST_47528,notAB
TEST_47538,notAB
TEST_47539,notAB
TEST_47541,notAB
TEST_47548,notAB
TEST_47565,notAB
TEST_47576,notAB
TEST_47583,notAB
TEST_47621,notAB
TEST_47626,notAB
TEST_47630,notAB
TEST_47637,notAB
TEST_47646,notAB
TEST_47649,notAB
TEST_47650,notAB
TEST_47658,notAB
TEST_47659,notAB
TEST_47683,notAB
TEST_47689,notAB
TEST_47696,notAB
TEST_47707,notAB
TEST_47723,notAB
TEST_47726,notAB
TEST_47728,notAB
TEST_47730,notAB
TEST_47735,notAB
TEST_47753,notAB
TEST_47755,notAB
TEST_47762,notAB
TEST_47768,notAB
TEST_47776,notAB
TEST_47794,notAB
TEST_47796,notAB
TEST_47797,notAB
TEST_47804,notAB
TEST_47807,notAB
TEST_47814,notAB
TEST_47817,notAB
TEST_47828,notAB
TEST_47832,notAB
TEST_47834,notAB
TEST_47842,notAB
TEST_47855,notAB
TEST_47859,notAB
TEST_47861,notAB
TEST_47862,notAB
TEST_47864,notAB
TEST_47888,notAB
TEST_47904,notAB
TEST_47910,notAB
TEST_47913,notAB
TEST_47920,notAB
TEST_47924,notAB
TEST_47925,notAB
TEST_47938,notAB
TEST_47947,notAB
TEST_47955,notAB
TEST_47957,notAB
TEST_47959,notAB
TEST_47966,notAB
TEST_47972,notAB
TEST_47974,notAB
TEST_47982,notAB
TEST_47988,notAB
TEST_48008,notAB
TEST_48012,notAB
TEST_48022,notAB
TEST_48028,notAB
TEST_48030,notAB
TEST_48035,notAB
TEST_48046,notAB
TEST_48058,notAB
TEST_48061,notAB
TEST_48069,notAB
TEST_48072,notAB
TEST_48085,notAB
TEST_48086,notAB
TEST_48088,notAB
TEST_48100,notAB
TEST_48102,notAB
TEST_48103,notAB
TEST_48108,notAB
TEST_48122,notAB
TEST_48124,notAB
TEST_48135,notAB
TEST_48137,notAB
TEST_48145,notAB
TEST_48146,notAB
TEST_48148,notAB
TEST_48160,notAB
TEST_48161,notAB
TEST_48166,notAB
TEST_48169,notAB
TEST_48173,notAB
TEST_48183,notAB
TEST_48202,notAB
TEST_48209,notAB
TEST_48214,notAB
TEST_48226,notAB
TEST_48228,notAB
TEST_48235,notAB
TEST_48238,notAB
TEST_48239,notAB
TEST_48256,notAB
TEST_48258,notAB
TEST_48262,notAB
TEST_48267,notAB
TEST_48270,notAB
TEST_48272,notAB
TEST_48274,notAB
TEST_48276,notAB
TEST_48283,notAB
TEST_48289,notAB
TEST_48316,notAB
TEST_48317,notAB
TEST_48327,notAB
TEST_48330,notAB
TEST_48332,notAB
TEST_48333,notAB
TEST_48360,notAB
TEST_48362,notAB
TEST_48366,notAB
TEST_48368,notAB
TEST_48369,notAB
TEST_48374,notAB
TEST_48379,notAB
TEST_48389,notAB
TEST_48392,notAB
TEST_48398,notAB
TEST_48401,notAB
TEST_48402,notAB
TEST_48403,notAB
TEST_48410,notAB
TEST_48424,notAB
TEST_48430,notAB
TEST_48456,notAB
TEST_48457,notAB
TEST_48471,notAB
TEST_48485,notAB
TEST_48492,notAB
TEST_48493,notAB
TEST_48500,notAB
TEST_48509,notAB
TEST_48510,notAB
TEST_48516,notAB
TEST_48532,notAB
TEST_48554,notAB
TEST_48557,notAB
TEST_48560,notAB
TEST_48569,notAB
TEST_48577,notAB
TEST_48587,notAB
TEST_48590,notAB
TEST_48592,notAB
TEST_48601,notAB
TEST_48604,notAB
TEST_48608,notAB
TEST_48615,notAB
TEST_48620,notAB
TEST_48622,notAB
TEST_48631,notAB
TEST_48632,notAB
TEST_48645,notAB
TEST_48649,notAB
TEST_48654,notAB
TEST_48656,notAB
TEST_48667,notAB
TEST_48670,notAB
TEST_48677,notAB
TEST_48679,notAB
TEST_48688,notAB
TEST_48703,notAB
TEST_48704,notAB
TEST_48705,notAB
TEST_48717,notAB
TEST_48727,notAB
TEST_48736,notAB
TEST_48741,notAB
TEST_48755,notAB
TEST_48760,notAB
TEST_48769,notAB
TEST_48771,notAB
TEST_48774,notAB
TEST_48780,notAB
TEST_48783,notAB
TEST_48801,notAB
TEST_48803,notAB
TEST_48806,notAB
TEST_48813,notAB
TEST_48821,notAB
TEST_48832,notAB
TEST_48833,notAB
TEST_48843,notAB
TEST_48856,notAB
TEST_48858,notAB
TEST_48861,notAB
TEST_48864,notAB
TEST_48869,notAB
TEST_48873,notAB
TEST_48883,notAB
TEST_48889,notAB
TEST_48901,notAB
TEST_48913,notAB
TEST_48938,notAB
TEST_48950,notAB
TEST_48951,notAB
TEST_48956,notAB
TEST_48982,notAB
TEST_48994,notAB
TEST_49011,notAB
TEST_49013,notAB
TEST_49025,notAB
TEST_49027,notAB
TEST_49034,notAB
TEST_49052,notAB
TEST_49055,notAB
TEST_49067,notAB
TEST_49095,notAB
TEST_49102,notAB
TEST_49104,notAB
TEST_49115,notAB
TEST_49124,notAB
TEST_49125,notAB
TEST_49126,notAB
TEST_49127,notAB
TEST_49128,notAB
TEST_49153,notAB
TEST_49157,notAB
TEST_49165,notAB
TEST_49167,notAB
TEST_49179,notAB
TEST_49180,notAB
TEST_49181,notAB
TEST_49183,notAB
TEST_49184,notAB
TEST_49197,notAB
TEST_49201,notAB
TEST_49224,notAB
TEST_49226,notAB
TEST_49227,notAB
TEST_49239,notAB
TEST_49240,notAB
TEST_49257,notAB
TEST_49263,notAB
TEST_49264,notAB
TEST_49265,notAB
TEST_49276,notAB
TEST_49280,notAB
TEST_49301,notAB
TEST_49306,notAB
TEST_49316,notAB
TEST_49324,notAB
TEST_49341,notAB
TEST_49366,notAB
TEST_49367,notAB
TEST_49375,notAB
TEST_49391,notAB
TEST_49400,notAB
TEST_49420,notAB
TEST_49427,notAB
TEST_49440,notAB
TEST_49442,notAB
TEST_49446,notAB
TEST_49448,notAB
TEST_49449,notAB
TEST_49451,notAB
TEST_49461,notAB
TEST_49466,notAB
TEST_49475,notAB
TEST_49476,notAB
TEST_49478,notAB
TEST_49483,notAB
TEST_49484,notAB
TEST_49488,notAB
TEST_49490,notAB
TEST_49494,notAB
TEST_49503,notAB
TEST_49504,notAB
TEST_49510,notAB
TEST_49514,notAB
TEST_49528,notAB
TEST_49529,notAB
TEST_49534,notAB
TEST_49546,notAB
TEST_49552,notAB
TEST_49553,notAB
TEST_49565,notAB
TEST_49572,notAB
TEST_49581,notAB
TEST_49582,notAB
TEST_49583,notAB
TEST_49596,notAB
TEST_49599,notAB
TEST_49607,notAB
TEST_49608,notAB
TEST_49614,notAB
TEST_49621,notAB
TEST_49625,notAB
TEST_49628,notAB
TEST_49635,notAB
TEST_49646,notAB
TEST_49651,notAB
TEST_49656,notAB
TEST_49658,notAB
TEST_49672,notAB
TEST_49675,notAB
TEST_49680,notAB
TEST_49682,notAB
TEST_49689,notAB
TEST_49695,notAB
TEST_49701,notAB
TEST_49705,notAB
TEST_49711,notAB
TEST_49719,notAB
TEST_49725,notAB
TEST_49741,notAB
TEST_49742,notAB
TEST_49744,notAB
TEST_49748,notAB
TEST_49762,notAB
TEST_49769,notAB
TEST_49770,notAB
TEST_49775,notAB
TEST_49778,notAB
TEST_49784,notAB
TEST_49786,notAB
TEST_49789,notAB
TEST_49790,notAB
TEST_49792,notAB
TEST_49793,notAB
TEST_49808,notAB
TEST_49809,notAB
TEST_49813,notAB
TEST_49814,notAB
TEST_49823,notAB
TEST_49828,notAB
TEST_49833,notAB
TEST_49835,notAB
TEST_49848,notAB
TEST_49852,notAB
TEST_49858,notAB
TEST_49873,notAB
TEST_49878,notAB
TEST_49893,notAB
TEST_49895,notAB
TEST_49897,notAB
TEST_49898,notAB
TEST_49906,notAB
TEST_49908,notAB
TEST_49913,notAB
TEST_49917,notAB
TEST_49921,notAB
TEST_49927,notAB
TEST_49939,notAB
TEST_49941,notAB
TEST_49963,notAB
TEST_49965,notAB
TEST_49967,notAB
TEST_49970,notAB
TEST_49972,notAB
TEST_49973,notAB
TEST_49974,notAB
TEST_49975,notAB
TEST_49984,notAB
TEST_49986,notAB
TEST_49990,notAB
TEST_50001,notAB
TEST_50010,notAB
TEST_50012,notAB
TEST_50016,notAB
TEST_50027,notAB
TEST_50029,notAB
TEST_50031,notAB
TEST_50037,notAB
TEST_50043,notAB
TEST_50046,notAB
TEST_50048,notAB
TEST_50052,notAB
TEST_50059,notAB
TEST_50062,notAB
TEST_50064,notAB
TEST_50065,notAB
TEST_50067,notAB
TEST_50068,notAB
TEST_50078,notAB
TEST_50088,notAB
TEST_50097,notAB
TEST_50107,notAB
TEST_50141,notAB
TEST_50145,notAB
TEST_50147,notAB
TEST_50149,notAB
TEST_50152,notAB
TEST_50154,notAB
TEST_50157,notAB
TEST_50161,notAB
TEST_50170,notAB
TEST_50180,notAB
TEST_50183,notAB
TEST_50186,notAB
TEST_50191,notAB
TEST_50208,notAB
TEST_50212,notAB
TEST_50215,notAB
TEST_50218,notAB
TEST_50224,notAB
TEST_50225,notAB
TEST_50226,notAB
TEST_50234,notAB
TEST_50250,notAB
TEST_50263,notAB
TEST_50272,notAB
TEST_50275,notAB
TEST_50288,notAB
TEST_50289,notAB
TEST_50297,notAB
TEST_50299,notAB
TEST_50307,notAB
TEST_50315,notAB
TEST_50318,notAB
TEST_50327,notAB
TEST_50329,notAB
TEST_50342,notAB
TEST_50353,notAB
TEST_50358,notAB
TEST_50365,notAB
TEST_50373,notAB
TEST_50378,notAB
TEST_50380,notAB
TEST_50381,notAB
TEST_50383,notAB
TEST_50390,notAB
TEST_50393,notAB
TEST_50394,notAB
TEST_50413,notAB
TEST_50421,notAB
TEST_50429,notAB
TEST_50436,notAB
TEST_50444,notAB
TEST_50447,notAB
TEST_50454,notAB
TEST_50460,notAB
TEST_50464,notAB
TEST_50478,notAB
TEST_50480,notAB
TEST_50486,notAB
TEST_50489,notAB
TEST_50498,notAB
TEST_50499,notAB
TEST_50508,notAB
TEST_50529,notAB
TEST_50541,notAB
TEST_50546,notAB
TEST_50547,notAB
TEST_50584,notAB
TEST_50586,notAB
TEST_50596,notAB
TEST_50601,notAB
TEST_50603,notAB
TEST_50607,notAB
TEST_50624,notAB
TEST_50630,notAB
TEST_50633,notAB
TEST_50635,notAB
TEST_50641,notAB
TEST_50643,notAB
TEST_50645,notAB
TEST_50655,notAB
TEST_50661,notAB
TEST_50663,notAB
TEST_50670,notAB
TEST_50680,notAB
TEST_50683,notAB
TEST_50693,notAB
TEST_50699,notAB
TEST_50702,notAB
TEST_50708,notAB
TEST_50723,notAB
TEST_50732,notAB
TEST_50738,notAB
TEST_50739,notAB
TEST_50745,notAB
TEST_50748,notAB
TEST_50760,notAB
TEST_50761,notAB
TEST_50762,notAB
TEST_50774,notAB
TEST_50783,notAB
TEST_50788,notAB
TEST_50795,notAB
TEST_50803,notAB
TEST_50807,notAB
TEST_50815,notAB
TEST_50829,notAB
TEST_50833,notAB
TEST_50835,notAB
TEST_50840,notAB
TEST_50845,notAB
TEST_50858,notAB
TEST_50866,notAB
TEST_50870,notAB
TEST_50871,notAB
TEST_50878,notAB
TEST_50882,notAB
TEST_50886,notAB
TEST_50899,notAB
TEST_50900,notAB
TEST_50905,notAB
TEST_50923,notAB
TEST_50938,notAB
TEST_50941,notAB
TEST_50945,notAB
TEST_50952,notAB
TEST_50953,notAB
TEST_50967,notAB
TEST_50971,notAB
TEST_50979,notAB
TEST_50980,notAB
TEST_50981,notAB
TEST_50986,notAB
TEST_50989,notAB
TEST_50992,notAB
TEST_51000,notAB
TEST_51007,notAB
TEST_51023,notAB
TEST_51024,notAB
TEST_51026,notAB
TEST_51046,notAB
TEST_51049,notAB
TEST_51055,notAB
TEST_51073,notAB
TEST_51086,notAB
TEST_51087,notAB
TEST_51090,notAB
TEST_51093,notAB
TEST_51103,notAB
TEST_51104,notAB
TEST_51106,notAB
TEST_51109,notAB
TEST_51129,notAB
TEST_51137,notAB
TEST_51139,notAB
TEST_51150,notAB
TEST_51152,notAB
TEST_51158,notAB
TEST_51167,notAB
TEST_51178,notAB
TEST_51193,notAB
TEST_51203,notAB
TEST_51204,notAB
TEST_51206,notAB
TEST_51212,notAB
TEST_51223,notAB
TEST_51226,notAB
TEST_51227,notAB
TEST_51232,notAB
TEST_51236,notAB
TEST_51238,notAB
TEST_51239,notAB
TEST_51247,notAB
TEST_51252,notAB
TEST_51254,notAB
TEST_51256,notAB
TEST_51275,notAB
TEST_51278,notAB
TEST_51279,notAB
TEST_51280,notAB
TEST_51284,notAB
TEST_51287,notAB
TEST_51294,notAB
TEST_51301,notAB
TEST_51302,notAB
TEST_51309,notAB
TEST_51312,notAB
TEST_51315,notAB
TEST_51317,notAB
TEST_51326,notAB
TEST_51327,notAB
TEST_51332,notAB
TEST_51341,notAB
TEST_51349,notAB
TEST_51356,notAB
TEST_51362,notAB
TEST_51363,notAB
TEST_51375,notAB
TEST_51385,notAB
TEST_51390,notAB
TEST_51407,notAB
TEST_51413,notAB
TEST_51415,notAB
TEST_51427,notAB
TEST_51429,notAB
TEST_51441,notAB
TEST_51442,notAB
TEST_51446,notAB
TEST_51462,notAB
TEST_51471,notAB
TEST_51482,notAB
TEST_51489,notAB
TEST_51490,notAB
TEST_51496,notAB
TEST_51501,notAB
TEST_51513,notAB
TEST_51529,notAB
TEST_51538,notAB
TEST_51543,notAB
TEST_51548,notAB
TEST_51550,notAB
TEST_51552,notAB
TEST_51559,notAB
TEST_51560,notAB
TEST_51561,notAB
TEST_51576,notAB
TEST_51584,notAB
TEST_51585,notAB
TEST_51592,notAB
TEST_51594,notAB
TEST_51597,notAB
TEST_51607,notAB
TEST_51614,notAB
TEST_51621,notAB
TEST_51626,notAB
TEST_51631,notAB
TEST_51638,notAB
TEST_51639,notAB
TEST_51651,notAB
TEST_51653,notAB
TEST_51654,notAB
TEST_51657,notAB
TEST_51658,notAB
TEST_51664,notAB
TEST_51666,notAB
TEST_51671,notAB
TEST_51678,notAB
TEST_51683,notAB
TEST_51694,notAB
TEST_51702,notAB
TEST_51706,notAB
TEST_51710,notAB
TEST_51718,notAB
TEST_51722,notAB
TEST_51730,notAB
TEST_51734,notAB
TEST_51749,notAB
TEST_51760,notAB
TEST_51777,notAB
TEST_51782,notAB
TEST_51787,notAB
TEST_51788,notAB
TEST_51790,notAB
TEST_51792,notAB
TEST_51795,notAB
TEST_51800,notAB
TEST_51812,notAB
TEST_51826,notAB
TEST_51827,notAB
TEST_51829,notAB
TEST_51843,notAB
TEST_51845,notAB
TEST_51857,notAB
TEST_51860,notAB
TEST_51861,notAB
TEST_51865,notAB
TEST_51874,notAB
TEST_51880,notAB
TEST_51899,notAB
TEST_51901,notAB
TEST_51906,notAB
TEST_51909,notAB
TEST_51920,notAB
TEST_51922,notAB
TEST_51927,notAB
TEST_51932,notAB
TEST_51938,notAB
TEST_51942,notAB
TEST_51956,notAB
TEST_51961,notAB
TEST_51963,notAB
TEST_51966,notAB
TEST_51968,notAB
TEST_51972,notAB
TEST_51973,notAB
TEST_51975,notAB
TEST_52000,notAB
TEST_52006,notAB
TEST_52010,notAB
TEST_52013,notAB
TEST_52018,notAB
TEST_52026,notAB
TEST_52043,notAB
TEST_52044,notAB
TEST_52054,notAB
TEST_52055,notAB
TEST_52059,notAB
TEST_52060,notAB
TEST_52077,notAB
TEST_52087,notAB
TEST_52093,notAB
TEST_52105,notAB
TEST_52110,notAB
TEST_52112,notAB
TEST_52114,notAB
TEST_52126,notAB
TEST_52136,notAB
TEST_52146,notAB
TEST_52147,notAB
TEST_52151,notAB
TEST_52153,notAB
TEST_52154,notAB
TEST_52156,notAB
TEST_52180,notAB
TEST_52186,notAB
TEST_52187,notAB
TEST_52189,notAB
TEST_52196,notAB
TEST_52215,notAB
TEST_52224,notAB
TEST_52235,notAB
TEST_52237,notAB
TEST_52240,notAB
TEST_52242,notAB
TEST_52250,notAB
TEST_52256,notAB
TEST_52257,notAB
TEST_52261,notAB
TEST_52274,notAB
TEST_52275,notAB
TEST_52277,notAB
TEST_52281,notAB
TEST_52282,notAB
TEST_52288,notAB
TEST_52289,notAB
TEST_52290,notAB
TEST_52309,notAB
TEST_52321,notAB
TEST_52327,notAB
TEST_52331,notAB
TEST_52333,notAB
TEST_52349,notAB
TEST_52358,notAB
TEST_52381,notAB
TEST_52404,notAB
TEST_52405,notAB
TEST_52408,notAB
TEST_52420,notAB
TEST_52428,notAB
TEST_52429,notAB
TEST_52439,notAB
TEST_52442,notAB
TEST_52448,notAB
TEST_52453,notAB
TEST_52462,notAB
TEST_52469,notAB
TEST_52471,notAB
TEST_52474,notAB
TEST_52476,notAB
TEST_52487,notAB
TEST_52488,notAB
TEST_52494,notAB
TEST_52495,notAB
TEST_52502,notAB
TEST_52503,notAB
TEST_52508,notAB
TEST_52516,notAB
TEST_52519,notAB
TEST_52526,notAB
TEST_52538,notAB
TEST_52541,notAB
TEST_52546,notAB
TEST_52549,notAB
TEST_52550,notAB
TEST_52557,notAB
TEST_52569,notAB
TEST_52574,notAB
TEST_52578,notAB
TEST_52583,notAB
TEST_52584,notAB
TEST_52586,notAB
TEST_52587,notAB
TEST_52588,notAB
TEST_52603,notAB
TEST_52607,notAB
TEST_52620,notAB
TEST_52625,notAB
TEST_52627,notAB
TEST_52632,notAB
TEST_52635,notAB
TEST_52638,notAB
TEST_52642,notAB
TEST_52643,notAB
TEST_52646,notAB
TEST_52650,notAB
TEST_52657,notAB
TEST_52661,notAB
TEST_52667,notAB
TEST_52673,notAB
TEST_52678,notAB
TEST_52681,notAB
TEST_52685,notAB
TEST_52692,notAB
TEST_52698,notAB
TEST_52709,notAB
TEST_52712,notAB
TEST_52717,notAB
TEST_52720,notAB
TEST_52728,notAB
TEST_52735,notAB
TEST_52740,notAB
TEST_52744,notAB
TEST_52748,notAB
TEST_52752,notAB
TEST_52755,notAB
TEST_52762,notAB
TEST_52768,notAB
TEST_52774,notAB
TEST_52776,notAB
TEST_52784,notAB
TEST_52790,notAB
TEST_52798,notAB
TEST_52803,notAB
TEST_52806,notAB
TEST_52810,notAB
TEST_52830,notAB
TEST_52833,notAB
TEST_52842,notAB
TEST_52846,notAB
TEST_52848,notAB
TEST_52851,notAB
TEST_52858,notAB
TEST_52865,notAB
TEST_52880,notAB
TEST_52882,notAB
TEST_52888,notAB
TEST_52897,notAB
TEST_52903,notAB
TEST_52916,notAB
TEST_52924,notAB
TEST_52932,notAB
TEST_52939,notAB
TEST_52941,notAB
TEST_52954,notAB
TEST_52956,notAB
TEST_52960,notAB
TEST_52966,notAB
TEST_52976,notAB
TEST_52981,notAB
TEST_52984,notAB
TEST_52985,notAB
TEST_52994,notAB
TEST_53004,notAB
TEST_53017,notAB
TEST_53025,notAB
TEST_53027,notAB
TEST_53028,notAB
TEST_53032,notAB
TEST_53036,notAB
TEST_53037,notAB
TEST_53046,notAB
TEST_53057,notAB
TEST_53066,notAB
TEST_53080,notAB
TEST_53100,notAB
TEST_53109,notAB
TEST_53111,notAB
TEST_53112,notAB
TEST_53131,notAB
TEST_53133,notAB
TEST_53134,notAB
TEST_53141,notAB
TEST_53170,notAB
TEST_53189,notAB
TEST_53196,notAB
TEST_53207,notAB
TEST_53213,notAB
TEST_53218,notAB
TEST_53228,notAB
TEST_53237,notAB
TEST_53248,notAB
TEST_53254,notAB
TEST_53258,notAB
TEST_53260,notAB
TEST_53266,notAB
TEST_53274,notAB
TEST_53276,notAB
TEST_53281,notAB
TEST_53293,notAB
TEST_53307,notAB
TEST_53316,notAB
TEST_53327,notAB
TEST_53329,notAB
TEST_53330,notAB
TEST_53338,notAB
TEST_53344,notAB
TEST_53347,notAB
TEST_53348,notAB
TEST_53354,notAB
TEST_53360,notAB
TEST_53361,notAB
TEST_53364,notAB
TEST_53377,notAB
TEST_53379,notAB
TEST_53384,notAB
TEST_53386,notAB
TEST_53389,notAB
TEST_53390,notAB
TEST_53418,notAB
TEST_53426,notAB
TEST_53435,notAB
TEST_53462,notAB
TEST_53463,notAB
TEST_53465,notAB
TEST_53476,notAB
TEST_53485,notAB
TEST_53487,notAB
TEST_53491,notAB
TEST_53497,notAB
TEST_53498,notAB
TEST_53500,notAB
TEST_53503,notAB
TEST_53504,notAB
TEST_53511,notAB
TEST_53515,notAB
TEST_53520,notAB
TEST_53524,notAB
TEST_53525,notAB
TEST_53527,notAB
TEST_53531,notAB
TEST_53535,notAB
TEST_53543,notAB
TEST_53546,notAB
TEST_53548,notAB
TEST_53553,notAB
TEST_53557,notAB
TEST_53558,notAB
TEST_53566,notAB
TEST_53570,notAB
TEST_53576,notAB
TEST_53583,notAB
TEST_53587,notAB
TEST_53589,notAB
TEST_53597,notAB
TEST_53599,notAB
TEST_53600,notAB
TEST_53601,notAB
TEST_53605,notAB
TEST_53606,notAB
TEST_53614,notAB
TEST_53615,notAB
TEST_53617,notAB
TEST_53619,notAB
TEST_53624,notAB
TEST_53625,notAB
TEST_53647,notAB
TEST_53668,notAB
TEST_53671,notAB
TEST_53683,notAB
TEST_53686,notAB
TEST_53687,notAB
TEST_53688,notAB
TEST_53689,notAB
TEST_53698,notAB
TEST_53703,notAB
TEST_53708,notAB
TEST_53712,notAB
TEST_53721,notAB
TEST_53730,notAB
TEST_53737,notAB
TEST_53752,notAB
TEST_53770,notAB
TEST_53771,notAB
TEST_53790,notAB
TEST_53800,notAB
TEST_53809,notAB
TEST_53818,notAB
TEST_53826,notAB
TEST_53834,notAB
TEST_53847,notAB
TEST_53853,notAB
TEST_53859,notAB
TEST_53862,notAB
TEST_53888,notAB
TEST_53889,notAB
TEST_53893,notAB
TEST_53899,notAB
TEST_53901,notAB
TEST_53908,notAB
TEST_53917,notAB
TEST_53918,notAB
TEST_53920,notAB
TEST_53922,notAB
TEST_53924,notAB
TEST_53926,notAB
TEST_53932,notAB
TEST_53937,notAB
TEST_53947,notAB
TEST_53949,notAB
TEST_53951,notAB
TEST_53952,notAB
TEST_53954,notAB
TEST_53957,notAB
TEST_53961,notAB
TEST_53973,notAB
TEST_53975,notAB
TEST_53982,notAB
TEST_53989,notAB
TEST_53995,notAB
TEST_53997,notAB
TEST_54005,notAB
TEST_54014,notAB
TEST_54021,notAB
TEST_54031,notAB
TEST_54032,notAB
TEST_54038,notAB
TEST_54043,notAB
TEST_54052,notAB
TEST_54060,notAB
TEST_54075,notAB
TEST_54083,notAB
TEST_54109,notAB
TEST_54112,notAB
TEST_54117,notAB
TEST_54118,notAB
TEST_54131,notAB
TEST_54132,notAB
TEST_54136,notAB
TEST_54147,notAB
TEST_54148,notAB
TEST_54150,notAB
TEST_54153,notAB
TEST_54155,notAB
TEST_54176,notAB
TEST_54193,notAB
TEST_54197,notAB
TEST_54204,notAB
TEST_54206,notAB
TEST_54208,notAB
TEST_54209,notAB
TEST_54217,notAB
TEST_54222,notAB
TEST_54235,notAB
TEST_54237,notAB
TEST_54268,notAB
TEST_54274,notAB
TEST_54285,notAB
TEST_54286,notAB
TEST_54298,notAB
TEST_54301,notAB
TEST_54327,notAB
TEST_54337,notAB
TEST_54339,notAB
TEST_54340,notAB
TEST_54342,notAB
TEST_54358,notAB
TEST_54366,notAB
TEST_54375,notAB
TEST_54380,notAB
TEST_54384,notAB
TEST_54390,notAB
TEST_54397,notAB
TEST_54401,notAB
TEST_54411,notAB
TEST_54412,notAB
TEST_54413,notAB
TEST_54427,notAB
TEST_54430,notAB
TEST_54433,notAB
TEST_54445,notAB
TEST_54450,notAB
TEST_54452,notAB
TEST_54475,notAB
TEST_54477,notAB
TEST_54479,notAB
TEST_54482,notAB
TEST_54517,notAB
TEST_54525,notAB
TEST_54532,notAB
TEST_54545,notAB
TEST_54562,notAB
TEST_54568,notAB
TEST_54569,notAB
TEST_54573,notAB
TEST_54575,notAB
TEST_54577,notAB
TEST_54583,notAB
TEST_54587,notAB
TEST_54589,notAB
TEST_54593,notAB
TEST_54602,notAB
TEST_54609,notAB
TEST_54611,notAB
TEST_54614,notAB
TEST_54619,notAB
TEST_54622,notAB
TEST_54623,notAB
TEST_54627,notAB
TEST_54632,notAB
TEST_54636,notAB
TEST_54637,notAB
TEST_54640,notAB
TEST_54643,notAB
TEST_54645,notAB
TEST_54648,notAB
TEST_54649,notAB
TEST_54652,notAB
TEST_54658,notAB
TEST_54659,notAB
TEST_54675,notAB
TEST_54680,notAB
TEST_54687,notAB
TEST_54692,notAB
TEST_54701,notAB
TEST_54702,notAB
TEST_54706,notAB
TEST_54712,notAB
TEST_54719,notAB
TEST_54721,notAB
TEST_54722,notAB
TEST_54723,notAB
TEST_54733,notAB
TEST_54734,notAB
TEST_54742,notAB
TEST_54746,notAB
TEST_54747,notAB
TEST_54748,notAB
TEST_54758,notAB
TEST_54759,notAB
TEST_54768,notAB
TEST_54771,notAB
TEST_54782,notAB
TEST_54803,notAB
TEST_54808,notAB
TEST_54826,notAB
TEST_54829,notAB
TEST_54834,notAB
TEST_54840,notAB
TEST_54846,notAB
TEST_54859,notAB
TEST_54861,notAB
TEST_54868,notAB
TEST_54872,notAB
TEST_54873,notAB
TEST_54885,notAB
TEST_54895,notAB
TEST_54900,notAB
TEST_54915,notAB
TEST_54916,notAB
TEST_54921,notAB
TEST_54923,notAB
TEST_54928,notAB
TEST_54950,notAB
TEST_54955,notAB
TEST_54969,notAB
TEST_54972,notAB
TEST_54980,notAB
TEST_54981,notAB
TEST_55000,notAB
TEST_55018,notAB
TEST_55019,notAB
TEST_55033,notAB
TEST_55036,notAB
TEST_55052,notAB
TEST_55059,notAB
TEST_55062,notAB
TEST_55081,notAB
TEST_55087,notAB
TEST_55090,notAB
TEST_55095,notAB
TEST_55099,notAB
TEST_55111,notAB
TEST_55119,notAB
TEST_55122,notAB
TEST_55125,notAB
TEST_55130,notAB
TEST_55147,notAB
TEST_55158,notAB
TEST_55182,notAB
TEST_55196,notAB
TEST_55200,notAB
TEST_55208,notAB
TEST_55215,notAB
TEST_55217,notAB
TEST_55219,notAB
TEST_55223,notAB
TEST_55224,notAB
TEST_55227,notAB
TEST_55228,notAB
TEST_55234,notAB
TEST_55239,notAB
TEST_55242,notAB
TEST_55250,notAB
TEST_55259,notAB
TEST_55260,notAB
TEST_55271,notAB
TEST_55277,notAB
TEST_55288,notAB
TEST_55334,notAB
TEST_55337,notAB
TEST_55338,notAB
TEST_55347,notAB
TEST_55350,notAB
TEST_55355,notAB
TEST_55356,notAB
TEST_55358,notAB
TEST_55364,notAB
TEST_55377,notAB
TEST_55380,notAB
TEST_55388,notAB
TEST_55420,notAB
TEST_55434,notAB
TEST_55443,notAB
TEST_55451,notAB
TEST_55454,notAB
TEST_55458,notAB
TEST_55465,notAB
TEST_55472,notAB
TEST_55481,notAB
TEST_55487,notAB
TEST_55496,notAB
TEST_55500,notAB
TEST_55508,notAB
TEST_55519,notAB
TEST_55521,notAB
TEST_55538,notAB
TEST_55539,notAB
TEST_55542,notAB
TEST_55547,notAB
TEST_55551,notAB
TEST_55552,notAB
TEST_55559,notAB
TEST_55561,notAB
TEST_55577,notAB
TEST_55584,notAB
TEST_55585,notAB
TEST_55593,notAB
TEST_55594,notAB
TEST_55598,notAB
TEST_55611,notAB
TEST_55629,notAB
TEST_55639,notAB
TEST_55641,notAB
TEST_55642,notAB
TEST_55643,notAB
TEST_55651,notAB
TEST_55652,notAB
TEST_55659,notAB
TEST_55663,notAB
TEST_55671,notAB
TEST_55682,notAB
TEST_55683,notAB
TEST_55697,notAB
TEST_55711,notAB
TEST_55718,notAB
TEST_55723,notAB
TEST_55726,notAB
TEST_55727,notAB
TEST_55734,notAB
TEST_55735,notAB
TEST_55736,notAB
TEST_55741,notAB
TEST_55757,notAB
TEST_55762,notAB
TEST_55783,notAB
TEST_55788,notAB
TEST_55794,notAB
TEST_55795,notAB
TEST_55800,notAB
TEST_55802,notAB
TEST_55812,notAB
TEST_55830,notAB
TEST_55841,notAB
TEST_55842,notAB
TEST_55844,notAB
TEST_55847,notAB
TEST_55852,notAB
TEST_55861,notAB
TEST_55866,notAB
TEST_55867,notAB
TEST_55871,notAB
TEST_55872,notAB
TEST_55877,notAB
TEST_55910,notAB
TEST_55914,notAB
TEST_55917,notAB
TEST_55920,notAB
TEST_55921,notAB
TEST_55925,notAB
TEST_55927,notAB
TEST_55935,notAB
TEST_55937,notAB
TEST_55942,notAB
TEST_55952,notAB
TEST_55960,notAB
TEST_55977,notAB
TEST_55988,notAB
TEST_55991,notAB
TEST_55996,notAB
TEST_56005,notAB
TEST_56006,notAB
TEST_56010,notAB
TEST_56011,notAB
TEST_56020,notAB
TEST_56024,notAB
TEST_56029,notAB
TEST_56040,notAB
TEST_56049,notAB
TEST_56068,notAB
TEST_56070,notAB
TEST_56072,notAB
TEST_56081,notAB
TEST_56086,notAB
TEST_56088,notAB
TEST_56096,notAB
TEST_56115,notAB
TEST_56121,notAB
TEST_56129,notAB
TEST_56140,notAB
TEST_56144,notAB
TEST_56145,notAB
TEST_56146,notAB
TEST_56155,notAB
TEST_56156,notAB
TEST_56159,notAB
TEST_56163,notAB
TEST_56170,notAB
TEST_56173,notAB
TEST_56178,notAB
TEST_56179,notAB
TEST_56181,notAB
TEST_56193,notAB
TEST_56202,notAB
TEST_56207,notAB
TEST_56209,notAB
TEST_56215,notAB
TEST_56221,notAB
TEST_56223,notAB
TEST_56229,notAB
TEST_56233,notAB
TEST_56234,notAB
TEST_56237,notAB
TEST_56239,notAB
TEST_56246,notAB
TEST_56260,notAB
TEST_56265,notAB
TEST_56266,notAB
TEST_56268,notAB
TEST_56273,notAB
TEST_56275,notAB
TEST_56287,notAB
TEST_56291,notAB
TEST_56295,notAB
TEST_56301,notAB
TEST_56304,notAB
TEST_56307,notAB
TEST_56324,notAB
TEST_56326,notAB
TEST_56333,notAB
TEST_56340,notAB
TEST_56343,notAB
TEST_56347,notAB
TEST_56374,notAB
TEST_56382,notAB
TEST_56404,notAB
TEST_56406,notAB
TEST_56423,notAB
TEST_56424,notAB
TEST_56434,notAB
TEST_56439,notAB
TEST_56444,notAB
TEST_56445,notAB
TEST_56447,notAB
TEST_56462,notAB
TEST_56469,notAB
TEST_56473,notAB
TEST_56477,notAB
TEST_56490,notAB
TEST_56491,notAB
TEST_56502,notAB
TEST_56504,notAB
TEST_56505,notAB
TEST_56506,notAB
TEST_56511,notAB
TEST_56514,notAB
TEST_56519,notAB
TEST_56531,notAB
TEST_56532,notAB
TEST_56550,notAB
TEST_56587,notAB
TEST_56595,notAB
TEST_56597,notAB
TEST_56602,notAB
TEST_56603,notAB
TEST_56605,notAB
TEST_56609,notAB
TEST_56617,notAB
TEST_56620,notAB
TEST_56622,notAB
TEST_56633,notAB
TEST_56636,notAB
TEST_56656,notAB
TEST_56657,notAB
TEST_56663,notAB
TEST_56674,notAB
TEST_56675,notAB
TEST_56677,notAB
TEST_56681,notAB
TEST_56690,notAB
TEST_56699,notAB
TEST_56701,notAB
TEST_56703,notAB
TEST_56704,notAB
TEST_56706,notAB
TEST_56718,notAB
TEST_56720,notAB
TEST_56734,notAB
TEST_56735,notAB
TEST_56741,notAB
TEST_56751,notAB
TEST_56755,notAB
TEST_56763,notAB
TEST_56766,notAB
TEST_56780,notAB
TEST_56795,notAB
TEST_56814,notAB
TEST_56819,notAB
TEST_56824,notAB
TEST_56830,notAB
TEST_56835,notAB
TEST_56837,notAB
TEST_56838,notAB
TEST_56840,notAB
TEST_56846,notAB
TEST_56848,notAB
TEST_56855,notAB
TEST_56856,notAB
TEST_56862,notAB
TEST_56870,notAB
TEST_56875,notAB
TEST_56880,notAB
TEST_56888,notAB
TEST_56895,notAB
TEST_56898,notAB
TEST_56900,notAB
TEST_56902,notAB
TEST_56916,notAB
TEST_56924,notAB
TEST_56941,notAB
TEST_56943,notAB
TEST_56947,notAB
TEST_56948,notAB
TEST_56954,notAB
TEST_56963,notAB
TEST_56964,notAB
TEST_56977,notAB
TEST_56978,notAB
TEST_56979,notAB
TEST_56989,notAB
TEST_56996,notAB
TEST_57002,notAB
TEST_57004,notAB
TEST_57010,notAB
TEST_57023,notAB
TEST_57033,notAB
TEST_57034,notAB
TEST_57035,notAB
TEST_57044,notAB
TEST_57054,notAB
TEST_57061,notAB
TEST_57067,notAB
TEST_57069,notAB
TEST_57081,notAB
TEST_57085,notAB
TEST_57091,notAB
TEST_57092,notAB
TEST_57097,notAB
TEST_57098,notAB
TEST_57100,notAB
TEST_57120,notAB
TEST_57131,notAB
TEST_57136,notAB
TEST_57152,notAB
TEST_57154,notAB
TEST_57160,notAB
TEST_57175,notAB
TEST_57180,notAB
TEST_57181,notAB
TEST_57192,notAB
TEST_57200,notAB
TEST_57210,notAB
TEST_57216,notAB
TEST_57217,notAB
TEST_57242,notAB
TEST_57245,notAB
TEST_57248,notAB
TEST_57254,notAB
TEST_57255,notAB
TEST_57271,notAB
TEST_57274,notAB
TEST_57275,notAB
TEST_57276,notAB
TEST_57283,notAB
TEST_57290,notAB
TEST_57292,notAB
TEST_57297,notAB
TEST_57303,notAB
TEST_57304,notAB
TEST_57312,notAB
TEST_57324,notAB
TEST_57328,notAB
TEST_57329,notAB
TEST_57330,notAB
TEST_57340,notAB
TEST_57349,notAB
TEST_57373,notAB
TEST_57381,notAB
TEST_57386,notAB
TEST_57394,notAB
TEST_57403,notAB
TEST_57409,notAB
TEST_57422,notAB
TEST_57426,notAB
TEST_57429,notAB
TEST_57431,notAB
TEST_57446,notAB
TEST_57454,notAB
TEST_57460,notAB
TEST_57469,notAB
TEST_57473,notAB
TEST_57480,notAB
TEST_57492,notAB
TEST_57514,notAB
TEST_57516,notAB
TEST_57517,notAB
TEST_57519,notAB
TEST_57536,notAB
TEST_57538,notAB
TEST_57543,notAB
TEST_57549,notAB
TEST_57561,notAB
TEST_57562,notAB
TEST_57568,notAB
TEST_57572,notAB
TEST_57575,notAB
TEST_57577,notAB
TEST_57589,notAB
TEST_57592,notAB
TEST_57594,notAB
TEST_57602,notAB
TEST_57605,notAB
TEST_57611,notAB
TEST_57612,notAB
TEST_57627,notAB
TEST_57631,notAB
TEST_57645,notAB
TEST_57647,notAB
TEST_57657,notAB
TEST_57658,notAB
TEST_57659,notAB
TEST_57673,notAB
TEST_57679,notAB
TEST_57688,notAB
TEST_57690,notAB
TEST_57695,notAB
TEST_57699,notAB
TEST_57700,notAB
TEST_57701,notAB
TEST_57713,notAB
TEST_57722,notAB
TEST_57729,notAB
TEST_57733,notAB
TEST_57739,notAB
TEST_57753,notAB
TEST_57757,notAB
TEST_57766,notAB
TEST_57767,notAB
TEST_57774,notAB
TEST_57782,notAB
TEST_57789,notAB
TEST_57793,notAB
TEST_57795,notAB
TEST_57799,notAB
TEST_57804,notAB
TEST_57806,notAB
TEST_57816,notAB
TEST_57817,notAB
TEST_57824,notAB
TEST_57825,notAB
TEST_57835,notAB
TEST_57836,notAB
TEST_57845,notAB
TEST_57865,notAB
TEST_57869,notAB
TEST_57870,notAB
TEST_57874,notAB
TEST_57875,notAB
TEST_57891,notAB
TEST_57897,notAB
TEST_57902,notAB
TEST_57907,notAB
TEST_57928,notAB
TEST_57934,notAB
TEST_57962,notAB
TEST_57963,notAB
TEST_57964,notAB
TEST_57967,notAB
TEST_57970,notAB
TEST_57973,notAB
TEST_57988,notAB
TEST_57990,notAB
TEST_58000,notAB
TEST_58002,notAB
TEST_58009,notAB
TEST_58013,notAB
TEST_58018,notAB
TEST_58029,notAB
TEST_58031,notAB
TEST_58032,notAB
TEST_58033,notAB
TEST_58043,notAB
TEST_58046,notAB
TEST_58048,notAB
TEST_58049,notAB
TEST_58058,notAB
TEST_58062,notAB
TEST_58075,notAB
TEST_58080,notAB
TEST_58096,notAB
TEST_58098,notAB
TEST_58102,notAB
TEST_58109,notAB
TEST_58110,notAB
TEST_58112,notAB
TEST_58114,notAB
TEST_58119,notAB
TEST_58123,notAB
TEST_58127,notAB
TEST_58135,notAB
TEST_58145,notAB
TEST_58148,notAB
TEST_58156,notAB
TEST_58166,notAB
TEST_58167,notAB
TEST_58174,notAB
TEST_58176,notAB
TEST_58198,notAB
TEST_58213,notAB
TEST_58226,notAB
TEST_58234,notAB
TEST_58237,notAB
TEST_58239,notAB
TEST_58241,notAB
TEST_58242,notAB
TEST_58262,notAB
TEST_58272,notAB
TEST_58280,notAB
TEST_58282,notAB
TEST_58285,notAB
TEST_58286,notAB
TEST_58289,notAB
TEST_58293,notAB
TEST_58298,notAB
TEST_58301,notAB
TEST_58310,notAB
TEST_58323,notAB
TEST_58338,notAB
TEST_58348,notAB
TEST_58352,notAB
TEST_58370,notAB
TEST_58373,notAB
TEST_58378,notAB
TEST_58379,notAB
TEST_58397,notAB
TEST_58408,notAB
TEST_58410,notAB
TEST_58415,notAB
TEST_58416,notAB
TEST_58425,notAB
TEST_58426,notAB
TEST_58430,notAB
TEST_58431,notAB
TEST_58444,notAB
TEST_58447,notAB
TEST_58450,notAB
TEST_58451,notAB
TEST_58455,notAB
TEST_58459,notAB
TEST_58469,notAB
TEST_58478,notAB
TEST_58483,notAB
TEST_58486,notAB
TEST_58496,notAB
TEST_58497,notAB
TEST_58514,notAB
TEST_58529,notAB
TEST_58530,notAB
TEST_58537,notAB
TEST_58542,notAB
TEST_58545,notAB
TEST_58546,notAB
TEST_58564,notAB
TEST_58568,notAB
TEST_58580,notAB
TEST_58595,notAB
TEST_58598,notAB
TEST_58599,notAB
TEST_58602,notAB
TEST_58605,notAB
TEST_58607,notAB
TEST_58609,notAB
TEST_58617,notAB
TEST_58623,notAB
TEST_58638,notAB
TEST_58642,notAB
TEST_58648,notAB
TEST_58649,notAB
TEST_58650,notAB
TEST_58660,notAB
TEST_58664,notAB
TEST_58667,notAB
TEST_58674,notAB
TEST_58675,notAB
TEST_58682,notAB
TEST_58696,notAB
TEST_58703,notAB
TEST_58704,notAB
TEST_58716,notAB
TEST_58731,notAB
TEST_58734,notAB
TEST_58735,notAB
TEST_58746,notAB
TEST_58750,notAB
TEST_58753,notAB
TEST_58757,notAB
TEST_58772,notAB
TEST_58776,notAB
TEST_58783,notAB
TEST_58790,notAB
TEST_58807,notAB
TEST_58811,notAB
TEST_58815,notAB
TEST_58817,notAB
TEST_58818,notAB
TEST_58820,notAB
TEST_58824,notAB
TEST_58831,notAB
TEST_58838,notAB
TEST_58855,notAB
TEST_58858,notAB
TEST_58860,notAB
TEST_58865,notAB
TEST_58867,notAB
TEST_58868,notAB
TEST_58874,notAB
TEST_58884,notAB
TEST_58890,notAB
TEST_58905,notAB
TEST_58908,notAB
TEST_58909,notAB
TEST_58911,notAB
TEST_58918,notAB
TEST_58920,notAB
TEST_58924,notAB
TEST_58943,notAB
TEST_58944,notAB
TEST_58953,notAB
TEST_58954,notAB
TEST_58957,notAB
TEST_58960,notAB
TEST_58966,notAB
TEST_58982,notAB
TEST_58989,notAB
TEST_58990,notAB
TEST_58993,notAB
TEST_58994,notAB
TEST_58995,notAB
TEST_58997,notAB
TEST_59002,notAB
TEST_59011,notAB
TEST_59013,notAB
TEST_59019,notAB
TEST_59025,notAB
TEST_59029,notAB
TEST_59031,notAB
TEST_59058,notAB
TEST_59060,notAB
TEST_59078,notAB
TEST_59079,notAB
TEST_59080,notAB
TEST_59091,notAB
TEST_59093,notAB
TEST_59095,notAB
TEST_59099,notAB
TEST_59113,notAB
TEST_59119,notAB
TEST_59120,notAB
TEST_59131,notAB
TEST_59143,notAB
TEST_59149,notAB
TEST_59154,notAB
TEST_59157,notAB
TEST_59161,notAB
TEST_59168,notAB
TEST_59173,notAB
TEST_59177,notAB
TEST_59183,notAB
TEST_59194,notAB
TEST_59203,notAB
TEST_59204,notAB
TEST_59225,notAB
TEST_59233,notAB
TEST_59234,notAB
TEST_59239,notAB
TEST_59240,notAB
TEST_59243,notAB
TEST_59245,notAB
TEST_59246,notAB
TEST_59248,notAB
TEST_59267,notAB
TEST_59281,notAB
TEST_59285,notAB
TEST_59286,notAB
TEST_59288,notAB
TEST_59297,notAB
TEST_59300,notAB
TEST_59301,notAB
TEST_59304,notAB
TEST_59312,notAB
TEST_59342,notAB
TEST_59346,notAB
TEST_59347,notAB
TEST_59351,notAB
TEST_59356,notAB
TEST_59375,notAB
TEST_59393,notAB
TEST_59399,notAB
TEST_59401,notAB
TEST_59407,notAB
TEST_59414,notAB
TEST_59417,notAB
TEST_59419,notAB
TEST_59437,notAB
TEST_59442,notAB
TEST_59445,notAB
TEST_59446,notAB
TEST_59449,notAB
TEST_59451,notAB
TEST_59471,notAB
TEST_59477,notAB
TEST_59478,notAB
TEST_59482,notAB
TEST_59491,notAB
TEST_59509,notAB
TEST_59510,notAB
TEST_59512,notAB
TEST_59516,notAB
TEST_59517,notAB
TEST_59532,notAB
TEST_59536,notAB
TEST_59538,notAB
TEST_59540,notAB
TEST_59552,notAB
TEST_59554,notAB
TEST_59562,notAB
TEST_59579,notAB
TEST_59586,notAB
TEST_59592,notAB
TEST_59600,notAB
TEST_59602,notAB
TEST_59611,notAB
TEST_59613,notAB
TEST_59616,notAB
TEST_59617,notAB
TEST_59654,notAB
TEST_59662,notAB
TEST_59671,notAB
TEST_59682,notAB
TEST_59696,notAB
TEST_59703,notAB
TEST_59705,notAB
TEST_59708,notAB
TEST_59713,notAB
TEST_59715,notAB
TEST_59730,notAB
TEST_59735,notAB
TEST_59766,notAB
TEST_59769,notAB
TEST_59773,notAB
TEST_59780,notAB
TEST_59781,notAB
TEST_59783,notAB
TEST_59785,notAB
TEST_59790,notAB
TEST_59804,notAB
TEST_59817,notAB
TEST_59823,notAB
TEST_59827,notAB
TEST_59838,notAB
TEST_59845,notAB
TEST_59855,notAB
TEST_59859,notAB
TEST_59862,notAB
TEST_59863,notAB
TEST_59865,notAB
TEST_59886,notAB
TEST_59890,notAB
TEST_59896,notAB
TEST_59909,notAB
TEST_59914,notAB
TEST_59917,notAB
TEST_59919,notAB
TEST_59935,notAB
TEST_59941,notAB
TEST_59946,notAB
TEST_59947,notAB
TEST_59952,notAB
TEST_59959,notAB
TEST_59961,notAB
TEST_59963,notAB
TEST_59964,notAB
TEST_59969,notAB
TEST_59976,notAB
TEST_59981,notAB
TEST_59985,notAB
TEST_59986,notAB
TEST_59988,notAB
TEST_59991,notAB
TEST_59992,notAB
TEST_59995,notAB
TEST_60003,notAB
TEST_60014,notAB
TEST_60016,notAB
TEST_60017,notAB
TEST_60021,notAB
TEST_60024,notAB
TEST_60028,notAB
TEST_60029,notAB
TEST_60036,notAB
TEST_60050,notAB
TEST_60053,notAB
TEST_60059,notAB
TEST_60068,notAB
TEST_60072,notAB
TEST_60074,notAB
TEST_60077,notAB
TEST_60082,notAB
TEST_60092,notAB
TEST_60100,notAB
TEST_60124,notAB
TEST_60126,notAB
TEST_60132,notAB
TEST_60150,notAB
TEST_60151,notAB
TEST_60161,notAB
TEST_60162,notAB
TEST_60165,notAB
TEST_60176,notAB
TEST_60195,notAB
TEST_60197,notAB
TEST_60201,notAB
TEST_60202,notAB
TEST_60207,notAB
TEST_60213,notAB
TEST_60214,notAB
TEST_60220,notAB
TEST_60225,notAB
TEST_60226,notAB
TEST_60231,notAB
TEST_60233,notAB
TEST_60234,notAB
TEST_60238,notAB
TEST_60245,notAB
TEST_60250,notAB
TEST_60252,notAB
TEST_60258,notAB
TEST_60261,notAB
TEST_60262,notAB
TEST_60267,notAB
TEST_60268,notAB
TEST_60271,notAB
TEST_60273,notAB
TEST_60279,notAB
TEST_60288,notAB
TEST_60292,notAB
TEST_60301,notAB
TEST_60308,notAB
TEST_60311,notAB
TEST_60317,notAB
TEST_60323,notAB
TEST_60325,notAB
TEST_60328,notAB
TEST_60341,notAB
TEST_60351,notAB
TEST_60360,notAB
TEST_60361,notAB
TEST_60363,notAB
TEST_60364,notAB
TEST_60365,notAB
TEST_60373,notAB
TEST_60380,notAB
TEST_60383,notAB
TEST_60392,notAB
TEST_60404,notAB
TEST_60405,notAB
TEST_60412,notAB
TEST_60415,notAB
TEST_60416,notAB
TEST_60433,notAB
TEST_60454,notAB
TEST_60458,notAB
TEST_60463,notAB
TEST_60465,notAB
TEST_60468,notAB
TEST_60486,notAB
TEST_60490,notAB
TEST_60491,notAB
TEST_60501,notAB
TEST_60509,notAB
TEST_60517,notAB
TEST_60521,notAB
TEST_60530,notAB
TEST_60536,notAB
TEST_60539,notAB
TEST_60542,notAB
TEST_60554,notAB
TEST_60576,notAB
TEST_60590,notAB
TEST_60591,notAB
TEST_60593,notAB
TEST_60598,notAB
TEST_60599,notAB
TEST_60600,notAB
TEST_60609,notAB
TEST_60610,notAB
TEST_60612,notAB
TEST_60614,notAB
TEST_60640,notAB
TEST_60641,notAB
TEST_60652,notAB
TEST_60654,notAB
TEST_60681,notAB
TEST_60683,notAB
TEST_60690,notAB
TEST_60691,notAB
TEST_60694,notAB
TEST_60695,notAB
TEST_60697,notAB
TEST_60708,notAB
TEST_60715,notAB
TEST_60724,notAB
TEST_60737,notAB
TEST_60738,notAB
TEST_60757,notAB
TEST_60771,notAB
TEST_60790,notAB
TEST_60791,notAB
TEST_60793,notAB
TEST_60802,notAB
TEST_60835,notAB
TEST_60843,notAB
TEST_60856,notAB
TEST_60860,notAB
TEST_60867,notAB
TEST_60875,notAB
TEST_60887,notAB
TEST_60894,notAB
TEST_60909,notAB
TEST_60910,notAB
TEST_60913,notAB
TEST_60930,notAB
TEST_60944,notAB
TEST_60945,notAB
TEST_60951,notAB
TEST_60953,notAB
TEST_60955,notAB
TEST_60971,notAB
TEST_60979,notAB
TEST_60984,notAB
TEST_60988,notAB
TEST_60997,notAB
TEST_60999,notAB
TEST_61021,notAB
TEST_61026,notAB
TEST_61027,notAB
TEST_61033,notAB
TEST_61043,notAB
TEST_61054,notAB
TEST_61079,notAB
TEST_61086,notAB
TEST_61089,notAB
TEST_61090,notAB
TEST_61095,notAB
TEST_61099,notAB
TEST_61100,notAB
TEST_61103,notAB
TEST_61106,notAB
TEST_61108,notAB
TEST_61112,notAB
TEST_61117,notAB
TEST_61134,notAB
TEST_61137,notAB
TEST_61139,notAB
TEST_61141,notAB
TEST_61143,notAB
TEST_61151,notAB
TEST_61153,notAB
TEST_61167,notAB
TEST_61173,notAB
TEST_61176,notAB
TEST_61201,notAB
TEST_61206,notAB
TEST_61209,notAB
TEST_61213,notAB
TEST_61216,notAB
TEST_61221,notAB
TEST_61223,notAB
TEST_61239,notAB
TEST_61241,notAB
TEST_61250,notAB
TEST_61253,notAB
TEST_61256,notAB
TEST_61262,notAB
TEST_61267,notAB
TEST_61272,notAB
TEST_61277,notAB
TEST_61281,notAB
TEST_61286,notAB
TEST_61293,notAB
TEST_61304,notAB
TEST_61313,notAB
TEST_61317,notAB
TEST_61334,notAB
TEST_61340,notAB
TEST_61346,notAB
TEST_61349,notAB
TEST_61352,notAB
TEST_61359,notAB
TEST_61367,notAB
TEST_61371,notAB
TEST_61372,notAB
TEST_61376,notAB
TEST_61383,notAB
TEST_61394,notAB
TEST_61403,notAB
TEST_61405,notAB
TEST_61409,notAB
TEST_61410,notAB
TEST_61411,notAB
TEST_61414,notAB
TEST_61433,notAB
TEST_61437,notAB
TEST_61441,notAB
TEST_61444,notAB
TEST_61447,notAB
TEST_61448,notAB
TEST_61471,notAB
TEST_61478,notAB
TEST_61484,notAB
TEST_61487,notAB
TEST_61490,notAB
TEST_61495,notAB
TEST_61502,notAB
TEST_61523,notAB
TEST_61527,notAB
TEST_61533,notAB
TEST_61534,notAB
TEST_61543,notAB
TEST_61553,notAB
TEST_61558,notAB
TEST_61566,notAB
TEST_61576,notAB
TEST_61577,notAB
TEST_61595,notAB
TEST_61604,notAB
TEST_61627,notAB
TEST_61628,notAB
TEST_61636,notAB
TEST_61642,notAB
TEST_61648,notAB
TEST_61652,notAB
TEST_61656,notAB
TEST_61659,notAB
TEST_61663,notAB
TEST_61668,notAB
TEST_61671,notAB
TEST_61673,notAB
TEST_61676,notAB
TEST_61681,notAB
TEST_61688,notAB
TEST_61695,notAB
TEST_61698,notAB
TEST_61702,notAB
TEST_61704,notAB
TEST_61705,notAB
TEST_61706,notAB
TEST_61714,notAB
TEST_61715,notAB
TEST_61716,notAB
TEST_61724,notAB
TEST_61726,notAB
TEST_61733,notAB
TEST_61736,notAB
TEST_61751,notAB
TEST_61752,notAB
TEST_61761,notAB
TEST_61769,notAB
TEST_61770,notAB
TEST_61773,notAB
TEST_61774,notAB
TEST_61775,notAB
TEST_61776,notAB
TEST_61788,notAB
TEST_61791,notAB
TEST_61797,notAB
TEST_61800,notAB
TEST_61801,notAB
TEST_61809,notAB
TEST_61812,notAB
TEST_61825,notAB
TEST_61832,notAB
TEST_61835,notAB
TEST_61836,notAB
TEST_61838,notAB
TEST_61850,notAB
TEST_61863,notAB
TEST_61864,notAB
TEST_61871,notAB
TEST_61872,notAB
TEST_61873,notAB
TEST_61884,notAB
TEST_61888,notAB
TEST_61907,notAB
TEST_61928,notAB
TEST_61932,notAB
TEST_61934,notAB
TEST_61942,notAB
TEST_61945,notAB
TEST_61947,notAB
TEST_61952,notAB
TEST_61966,notAB
TEST_61973,notAB
TEST_61982,notAB
TEST_62001,notAB
TEST_62012,notAB
TEST_62013,notAB
TEST_62020,notAB
TEST_62038,notAB
TEST_62039,notAB
TEST_62043,notAB
TEST_62044,notAB
TEST_62045,notAB
TEST_62053,notAB
TEST_62063,notAB
TEST_62064,notAB
TEST_62074,notAB
TEST_62077,notAB
TEST_62078,notAB
TEST_62080,notAB
TEST_62082,notAB
TEST_62084,notAB
TEST_62088,notAB
TEST_62090,notAB
TEST_62095,notAB
TEST_62097,notAB
TEST_62113,notAB
TEST_62117,notAB
TEST_62120,notAB
TEST_62121,notAB
TEST_62128,notAB
TEST_62129,notAB
TEST_62131,notAB
TEST_62132,notAB
TEST_62133,notAB
TEST_62148,notAB
TEST_62168,notAB
TEST_62169,notAB
TEST_62185,notAB
TEST_62195,notAB
TEST_62202,notAB
TEST_62203,notAB
TEST_62204,notAB
TEST_62206,notAB
TEST_62213,notAB
TEST_62216,notAB
TEST_62247,notAB
TEST_62255,notAB
TEST_62265,notAB
TEST_62266,notAB
TEST_62267,notAB
TEST_62268,notAB
TEST_62272,notAB
TEST_62274,notAB
TEST_62281,notAB
TEST_62287,notAB
TEST_62296,notAB
TEST_62304,notAB
TEST_62305,notAB
TEST_62315,notAB
TEST_62323,notAB
TEST_62325,notAB
TEST_62326,notAB
TEST_62328,notAB
TEST_62333,notAB
TEST_62339,notAB
TEST_62346,notAB
TEST_62347,notAB
TEST_62354,notAB
TEST_62355,notAB
TEST_62371,notAB
TEST_62379,notAB
TEST_62381,notAB
TEST_62383,notAB
TEST_62386,notAB
TEST_62401,notAB
TEST_62404,notAB
TEST_62405,notAB
TEST_62410,notAB
TEST_62425,notAB
TEST_62450,notAB
TEST_62455,notAB
TEST_62461,notAB
TEST_62472,notAB
TEST_62485,notAB
TEST_62494,notAB
TEST_62496,notAB
TEST_62502,notAB
TEST_62515,notAB
TEST_62516,notAB
TEST_62517,notAB
TEST_62532,notAB
TEST_62539,notAB
TEST_62546,notAB
TEST_62551,notAB
TEST_62557,notAB
TEST_62563,notAB
TEST_62567,notAB
TEST_62569,notAB
TEST_62570,notAB
TEST_62588,notAB
TEST_62589,notAB
TEST_62594,notAB
TEST_62595,notAB
TEST_62596,notAB
TEST_62603,notAB
TEST_62621,notAB
TEST_62622,notAB
TEST_62640,notAB
TEST_62648,notAB
TEST_62660,notAB
TEST_62665,notAB
TEST_62671,notAB
TEST_62675,notAB
TEST_62680,notAB
TEST_62689,notAB
TEST_62702,notAB
TEST_62704,notAB
TEST_62707,notAB
TEST_62708,notAB
TEST_62709,notAB
TEST_62710,notAB
TEST_62717,notAB
TEST_62719,notAB
TEST_62733,notAB
TEST_62741,notAB
TEST_62748,notAB
TEST_62751,notAB
TEST_62755,notAB
TEST_62757,notAB
TEST_62762,notAB
TEST_62765,notAB
TEST_62769,notAB
TEST_62772,notAB
TEST_62790,notAB
TEST_62791,notAB
TEST_62804,notAB
TEST_62805,notAB
TEST_62809,notAB
TEST_62830,notAB
TEST_62838,notAB
TEST_62840,notAB
TEST_62847,notAB
TEST_62860,notAB
TEST_62863,notAB
TEST_62866,notAB
TEST_62874,notAB
TEST_62883,notAB
TEST_62885,notAB
TEST_62893,notAB
TEST_62898,notAB
TEST_62899,notAB
TEST_62911,notAB
TEST_62927,notAB
TEST_62930,notAB
TEST_62933,notAB
TEST_62935,notAB
TEST_62938,notAB
TEST_62948,notAB
TEST_62949,notAB
TEST_62961,notAB
TEST_62967,notAB
TEST_62976,notAB
TEST_62980,notAB
TEST_62983,notAB
TEST_62986,notAB
TEST_62990,notAB
TEST_62994,notAB
TEST_63009,notAB
TEST_63010,notAB
TEST_63026,notAB
TEST_63034,notAB
TEST_63037,notAB
TEST_63038,notAB
TEST_63045,notAB
TEST_63047,notAB
TEST_63059,notAB
TEST_63081,notAB
TEST_63089,notAB
TEST_63096,notAB
TEST_63101,notAB
TEST_63104,notAB
TEST_63105,notAB
TEST_63111,notAB
TEST_63123,notAB
TEST_63127,notAB
TEST_63128,notAB
TEST_63130,notAB
TEST_63142,notAB
TEST_63149,notAB
TEST_63163,notAB
TEST_63174,notAB
TEST_63177,notAB
TEST_63183,notAB
TEST_63210,notAB
TEST_63225,notAB
TEST_63234,notAB
TEST_63238,notAB
TEST_63244,notAB
TEST_63249,notAB
TEST_63252,notAB
TEST_63253,notAB
TEST_63260,notAB
TEST_63261,notAB
TEST_63266,notAB
TEST_63269,notAB
TEST_63278,notAB
TEST_63283,notAB
TEST_63285,notAB
TEST_63292,notAB
TEST_63293,notAB
TEST_63294,notAB
TEST_63296,notAB
TEST_63329,notAB
TEST_63330,notAB
TEST_63332,notAB
TEST_63334,notAB
TEST_63344,notAB
TEST_63352,notAB
TEST_63353,notAB
TEST_63365,notAB
TEST_63378,notAB
TEST_63389,notAB
TEST_63391,notAB
TEST_63393,notAB
TEST_63394,notAB
TEST_63401,notAB
TEST_63413,notAB
TEST_63435,notAB
TEST_63438,notAB
TEST_63448,notAB
TEST_63460,notAB
TEST_63475,notAB
TEST_63479,notAB
TEST_63486,notAB
TEST_63491,notAB
TEST_63500,notAB
TEST_63513,notAB
TEST_63516,notAB
TEST_63524,notAB
TEST_63529,notAB
TEST_63534,notAB
TEST_63540,notAB
TEST_63544,notAB
TEST_63547,notAB
TEST_63549,notAB
TEST_63550,notAB
TEST_63557,notAB
TEST_63560,notAB
TEST_63564,notAB
TEST_63570,notAB
TEST_63574,notAB
TEST_63600,notAB
TEST_63619,notAB
TEST_63632,notAB
TEST_63636,notAB
TEST_63642,notAB
TEST_63643,notAB
TEST_63645,notAB
TEST_63646,notAB
TEST_63649,notAB
TEST_63666,notAB
TEST_63671,notAB
TEST_63678,notAB
TEST_63680,notAB
TEST_63687,notAB
TEST_63705,notAB
TEST_63706,notAB
TEST_63711,notAB
TEST_63712,notAB
TEST_63720,notAB
TEST_63725,notAB
TEST_63735,notAB
TEST_63736,notAB
TEST_63745,notAB
TEST_63750,notAB
TEST_63752,notAB
TEST_63759,notAB
TEST_63784,notAB
TEST_63789,notAB
TEST_63791,notAB
TEST_63792,notAB
TEST_63795,notAB
TEST_63796,notAB
TEST_63804,notAB
TEST_63807,notAB
TEST_63818,notAB
TEST_63832,notAB
TEST_63836,notAB
TEST_63842,notAB
TEST_63850,notAB
TEST_63854,notAB
TEST_63855,notAB
TEST_63857,notAB
TEST_63867,notAB
TEST_63872,notAB
TEST_63878,notAB
TEST_63879,notAB
TEST_63888,notAB
TEST_63893,notAB
TEST_63906,notAB
TEST_63908,notAB
TEST_63910,notAB
TEST_63923,notAB
TEST_63931,notAB
TEST_63939,notAB
TEST_63950,notAB
TEST_63951,notAB
TEST_63973,notAB
TEST_63978,notAB
TEST_63979,notAB
TEST_63982,notAB
TEST_63983,notAB
TEST_63985,notAB
TEST_63993,notAB
TEST_63994,notAB
TEST_64014,notAB
TEST_64018,notAB
TEST_64019,notAB
TEST_64021,notAB
TEST_64024,notAB
TEST_64032,notAB
TEST_64036,notAB
TEST_64038,notAB
TEST_64039,notAB
TEST_64043,notAB
TEST_64049,notAB
TEST_64052,notAB
TEST_64054,notAB
TEST_64061,notAB
TEST_64064,notAB
TEST_64067,notAB
TEST_64068,notAB
TEST_64071,notAB
TEST_64074,notAB
TEST_64075,notAB
TEST_64080,notAB
TEST_64081,notAB
TEST_64088,notAB
TEST_64089,notAB
TEST_64104,notAB
TEST_64128,notAB
TEST_64129,notAB
TEST_64132,notAB
TEST_64137,notAB
TEST_64157,notAB
TEST_64160,notAB
TEST_64178,notAB
TEST_64184,notAB
TEST_64190,notAB
TEST_64192,notAB
TEST_64195,notAB
TEST_64196,notAB
TEST_64197,notAB
TEST_64205,notAB
TEST_64207,notAB
TEST_64213,notAB
TEST_64217,notAB
TEST_64219,notAB
TEST_64222,notAB
TEST_64228,notAB
TEST_64229,notAB
TEST_64231,notAB
TEST_64240,notAB
TEST_64241,notAB
TEST_64249,notAB
TEST_64251,notAB
TEST_64252,notAB
TEST_64255,notAB
TEST_64271,notAB
TEST_64272,notAB
TEST_64277,notAB
TEST_64280,notAB
TEST_64283,notAB
TEST_64285,notAB
TEST_64297,notAB
TEST_64309,notAB
TEST_64320,notAB
TEST_64322,notAB
TEST_64325,notAB
TEST_64333,notAB
TEST_64342,notAB
TEST_64357,notAB
TEST_64358,notAB
TEST_64369,notAB
TEST_64379,notAB
TEST_64381,notAB
TEST_64390,notAB
TEST_64393,notAB
TEST_64401,notAB
TEST_64418,notAB
TEST_64421,notAB
TEST_64428,notAB
TEST_64430,notAB
TEST_64447,notAB
TEST_64481,notAB
TEST_64492,notAB
TEST_64498,notAB
TEST_64514,notAB
TEST_64520,notAB
TEST_64530,notAB
TEST_64540,notAB
TEST_64545,notAB
TEST_64547,notAB
TEST_64554,notAB
TEST_64556,notAB
TEST_64558,notAB
TEST_64570,notAB
TEST_64573,notAB
TEST_64575,notAB
TEST_64577,notAB
TEST_64590,notAB
TEST_64599,notAB
TEST_64602,notAB
TEST_64604,notAB
TEST_64612,notAB
TEST_64626,notAB
TEST_64627,notAB
TEST_64637,notAB
TEST_64661,notAB
TEST_64662,notAB
TEST_64664,notAB
TEST_64668,notAB
TEST_64672,notAB
TEST_64680,notAB
TEST_64698,notAB
TEST_64699,notAB
TEST_64706,notAB
TEST_64715,notAB
TEST_64718,notAB
TEST_64719,notAB
TEST_64721,notAB
TEST_64723,notAB
TEST_64731,notAB
TEST_64738,notAB
TEST_64764,notAB
TEST_64790,notAB
TEST_64806,notAB
TEST_64833,notAB
TEST_64837,notAB
TEST_64839,notAB
TEST_64848,notAB
TEST_64850,notAB
TEST_64856,notAB
TEST_64859,notAB
TEST_64863,notAB
TEST_64870,notAB
TEST_64874,notAB
TEST_64877,notAB
TEST_64881,notAB
TEST_64882,notAB
TEST_64890,notAB
TEST_64892,notAB
TEST_64902,notAB
TEST_64903,notAB
TEST_64916,notAB
TEST_64918,notAB
TEST_64922,notAB
TEST_64928,notAB
TEST_64932,notAB
TEST_64934,notAB
TEST_64947,notAB
TEST_64953,notAB
TEST_64954,notAB
TEST_64961,notAB
TEST_64962,notAB
TEST_64967,notAB
TEST_64970,notAB
TEST_64984,notAB
TEST_64987,notAB
TEST_64998,notAB
TEST_65001,notAB
TEST_65002,notAB
TEST_65005,notAB
TEST_65006,notAB
TEST_65013,notAB
TEST_65015,notAB
TEST_65018,notAB
TEST_65019,notAB
TEST_65022,notAB
TEST_65026,notAB
TEST_65040,notAB
TEST_65045,notAB
TEST_65047,notAB
TEST_65050,notAB
TEST_65052,notAB
TEST_65056,notAB
TEST_65057,notAB
TEST_65059,notAB
TEST_65060,notAB
TEST_65063,notAB
TEST_65077,notAB
TEST_65083,notAB
TEST_65084,notAB
TEST_65097,notAB
TEST_65102,notAB
TEST_65105,notAB
TEST_65109,notAB
TEST_65117,notAB
TEST_65123,notAB
TEST_65150,notAB
TEST_65155,notAB
TEST_65156,notAB
TEST_65164,notAB
TEST_65166,notAB
TEST_65171,notAB
TEST_65176,notAB
TEST_65183,notAB
TEST_65185,notAB
TEST_65186,notAB
TEST_65191,notAB
TEST_65192,notAB
TEST_65193,notAB
TEST_65196,notAB
TEST_65203,notAB
TEST_65204,notAB
TEST_65207,notAB
TEST_65224,notAB
TEST_65227,notAB
TEST_65228,notAB
TEST_65236,notAB
TEST_65242,notAB
TEST_65244,notAB
TEST_65246,notAB
TEST_65251,notAB
TEST_65262,notAB
TEST_65269,notAB
TEST_65270,notAB
TEST_65272,notAB
TEST_65280,notAB
TEST_65284,notAB
TEST_65293,notAB
TEST_65296,notAB
TEST_65298,notAB
TEST_65299,notAB
TEST_65306,notAB
TEST_65307,notAB
TEST_65321,notAB
TEST_65324,notAB
TEST_65329,notAB
TEST_65336,notAB
TEST_65339,notAB
TEST_65340,notAB
TEST_65343,notAB
TEST_65368,notAB
TEST_65371,notAB
TEST_65373,notAB
TEST_65377,notAB
TEST_65384,notAB
TEST_65398,notAB
TEST_65404,notAB
TEST_65415,notAB
TEST_65419,notAB
TEST_65430,notAB
TEST_65431,notAB
TEST_65453,notAB
TEST_65454,notAB
TEST_65462,notAB
TEST_65484,notAB
TEST_65485,notAB
TEST_65487,notAB
TEST_65488,notAB
TEST_65501,notAB
TEST_65510,notAB
TEST_65519,notAB
TEST_65537,notAB
TEST_65542,notAB
TEST_65547,notAB
TEST_65549,notAB
TEST_65593,notAB
TEST_65601,notAB
TEST_65602,notAB
TEST_65606,notAB
TEST_65616,notAB
TEST_65619,notAB
TEST_65620,notAB
TEST_65645,notAB
TEST_65652,notAB
TEST_65661,notAB
TEST_65667,notAB
TEST_65669,notAB
TEST_65675,notAB
TEST_65676,notAB
TEST_65677,notAB
TEST_65681,notAB
TEST_65687,notAB
TEST_65700,notAB
TEST_65701,notAB
TEST_65711,notAB
TEST_65734,notAB
TEST_65737,notAB
TEST_65741,notAB
TEST_65742,notAB
TEST_65748,notAB
TEST_65760,notAB
TEST_65767,notAB
TEST_65773,notAB
TEST_65786,notAB
TEST_65791,notAB
TEST_65804,notAB
TEST_65807,notAB
TEST_65825,notAB
TEST_65827,notAB
TEST_65832,notAB
TEST_65842,notAB
TEST_65843,notAB
TEST_65844,notAB
TEST_65848,notAB
TEST_65852,notAB
TEST_65853,notAB
TEST_65857,notAB
TEST_65868,notAB
TEST_65870,notAB
TEST_65872,notAB
TEST_65875,notAB
TEST_65877,notAB
TEST_65880,notAB
TEST_65890,notAB
TEST_65891,notAB
TEST_65892,notAB
TEST_65902,notAB
TEST_65906,notAB
TEST_65912,notAB
TEST_65920,notAB
TEST_65935,notAB
TEST_65936,notAB
TEST_65940,notAB
TEST_65946,notAB
TEST_65953,notAB
TEST_65963,notAB
TEST_65981,notAB
TEST_65990,notAB
TEST_66013,notAB
TEST_66021,notAB
TEST_66023,notAB
TEST_66031,notAB
TEST_66033,notAB
TEST_66036,notAB
TEST_66039,notAB
TEST_66050,notAB
TEST_66055,notAB
TEST_66061,notAB
TEST_66062,notAB
TEST_66074,notAB
TEST_66077,notAB
TEST_66081,notAB
TEST_66083,notAB
TEST_66090,notAB
TEST_66094,notAB
TEST_66100,notAB
TEST_66109,notAB
TEST_66111,notAB
TEST_66112,notAB
TEST_66114,notAB
TEST_66124,notAB
TEST_66127,notAB
TEST_66128,notAB
TEST_66133,notAB
TEST_66138,notAB
TEST_66146,notAB
TEST_66150,notAB
TEST_66181,notAB
TEST_66184,notAB
TEST_66191,notAB
TEST_66196,notAB
TEST_66199,notAB
TEST_66206,notAB
TEST_66218,notAB
TEST_66223,notAB
TEST_66226,notAB
TEST_66230,notAB
TEST_66253,notAB
TEST_66261,notAB
TEST_66265,notAB
TEST_66268,notAB
TEST_66277,notAB
TEST_66281,notAB
TEST_66288,notAB
TEST_66294,notAB
TEST_66304,notAB
TEST_66311,notAB
TEST_66314,notAB
TEST_66317,notAB
TEST_66318,notAB
TEST_66320,notAB
TEST_66329,notAB
TEST_66335,notAB
TEST_66340,notAB
TEST_66342,notAB
TEST_66345,notAB
TEST_66348,notAB
TEST_66351,notAB
TEST_66357,notAB
TEST_66367,notAB
TEST_66368,notAB
TEST_66380,notAB
TEST_66393,notAB
TEST_66394,notAB
TEST_66410,notAB
TEST_66419,notAB
TEST_66424,notAB
TEST_66426,notAB
TEST_66427,notAB
TEST_66430,notAB
TEST_66454,notAB
TEST_66456,notAB
TEST_66461,notAB
TEST_66472,notAB
TEST_66494,notAB
TEST_66506,notAB
TEST_66512,notAB
TEST_66519,notAB
TEST_66521,notAB
TEST_66543,notAB
TEST_66548,notAB
TEST_66559,notAB
TEST_66560,notAB
TEST_66561,notAB
TEST_66563,notAB
TEST_66570,notAB
TEST_66580,notAB
TEST_66582,notAB
TEST_66584,notAB
TEST_66595,notAB
TEST_66611,notAB
TEST_66612,notAB
TEST_66614,notAB
TEST_66615,notAB
TEST_66627,notAB
TEST_66640,notAB
TEST_66642,notAB
TEST_66647,notAB
TEST_66651,notAB
TEST_66654,notAB
TEST_66660,notAB
TEST_66671,notAB
TEST_66677,notAB
TEST_66678,notAB
TEST_66679,notAB
TEST_66693,notAB
TEST_66697,notAB
TEST_66703,notAB
TEST_66705,notAB
TEST_66715,notAB
TEST_66716,notAB
TEST_66730,notAB
TEST_66734,notAB
TEST_66764,notAB
TEST_66775,notAB
TEST_66782,notAB
TEST_66792,notAB
TEST_66795,notAB
TEST_66797,notAB
TEST_66803,notAB
TEST_66805,notAB
TEST_66808,notAB
TEST_66810,notAB
TEST_66817,notAB
TEST_66820,notAB
TEST_66826,notAB
TEST_66827,notAB
TEST_66828,notAB
TEST_66830,notAB
TEST_66831,notAB
TEST_66838,notAB
TEST_66848,notAB
TEST_66855,notAB
TEST_66857,notAB
TEST_66869,notAB
TEST_66872,notAB
TEST_66882,notAB
TEST_66890,notAB
TEST_66902,notAB
TEST_66907,notAB
TEST_66908,notAB
TEST_66912,notAB
TEST_66917,notAB
TEST_66933,notAB
TEST_66934,notAB
TEST_66942,notAB
TEST_66945,notAB
TEST_66946,notAB
TEST_66947,notAB
TEST_66956,notAB
TEST_66965,notAB
TEST_66966,notAB
TEST_66971,notAB
TEST_66983,notAB
TEST_66986,notAB
TEST_66988,notAB
TEST_66992,notAB
TEST_66994,notAB
TEST_67009,notAB
TEST_67021,notAB
TEST_67041,notAB
TEST_67050,notAB
TEST_67054,notAB
TEST_67059,notAB
TEST_67060,notAB
TEST_67066,notAB
TEST_67070,notAB
TEST_67077,notAB
TEST_67092,notAB
TEST_67095,notAB
TEST_67099,notAB
TEST_67100,notAB
TEST_67103,notAB
TEST_67112,notAB
TEST_67136,notAB
TEST_67137,notAB
TEST_67160,notAB
TEST_67162,notAB
TEST_67185,notAB
TEST_67193,notAB
TEST_67194,notAB
TEST_67196,notAB
TEST_67197,notAB
TEST_67210,notAB
TEST_67213,notAB
TEST_67221,notAB
TEST_67224,notAB
TEST_67229,notAB
TEST_67230,notAB
TEST_67236,notAB
TEST_67239,notAB
TEST_67267,notAB
TEST_67268,notAB
TEST_67276,notAB
TEST_67277,notAB
TEST_67279,notAB
TEST_67281,notAB
TEST_67286,notAB
TEST_67288,notAB
TEST_67290,notAB
TEST_67297,notAB
TEST_67316,notAB
TEST_67320,notAB
TEST_67322,notAB
TEST_67328,notAB
TEST_67329,notAB
TEST_67340,notAB
TEST_67341,notAB
TEST_67343,notAB
TEST_67344,notAB
TEST_67353,notAB
TEST_67357,notAB
TEST_67360,notAB
TEST_67365,notAB
TEST_67370,notAB
TEST_67387,notAB
TEST_67407,notAB
TEST_67415,notAB
TEST_67417,notAB
TEST_67424,notAB
TEST_67430,notAB
TEST_67431,notAB
TEST_67450,notAB
TEST_67457,notAB
TEST_67458,notAB
TEST_67464,notAB
TEST_67473,notAB
TEST_67484,notAB
TEST_67492,notAB
TEST_67509,notAB
TEST_67515,notAB
TEST_67527,notAB
TEST_67528,notAB
TEST_67532,notAB
TEST_67538,notAB
TEST_67539,notAB
TEST_67546,notAB
TEST_67551,notAB
TEST_67555,notAB
TEST_67564,notAB
TEST_67569,notAB
TEST_67584,notAB
TEST_67588,notAB
TEST_67591,notAB
TEST_67598,notAB
TEST_67606,notAB
TEST_67609,notAB
TEST_67614,notAB
TEST_67621,notAB
TEST_67625,notAB
TEST_67637,notAB
TEST_67646,notAB
TEST_67651,notAB
TEST_67653,notAB
TEST_67657,notAB
TEST_67665,notAB
TEST_67669,notAB
TEST_67677,notAB
TEST_67680,notAB
TEST_67699,notAB
TEST_67706,notAB
TEST_67708,notAB
TEST_67711,notAB
TEST_67712,notAB
TEST_67716,notAB
TEST_67717,notAB
TEST_67724,notAB
TEST_67731,notAB
TEST_67735,notAB
TEST_67747,notAB
TEST_67755,notAB
TEST_67769,notAB
TEST_67782,notAB
TEST_67789,notAB
TEST_67799,notAB
TEST_67804,notAB
TEST_67810,notAB
TEST_67814,notAB
TEST_67820,notAB
TEST_67821,notAB
TEST_67831,notAB
TEST_67833,notAB
TEST_67838,notAB
TEST_67863,notAB
TEST_67865,notAB
TEST_67866,notAB
TEST_67872,notAB
TEST_67874,notAB
TEST_67878,notAB
TEST_67883,notAB
TEST_67895,notAB
TEST_67898,notAB
TEST_67906,notAB
TEST_67911,notAB
TEST_67917,notAB
TEST_67938,notAB
TEST_67945,notAB
TEST_67955,notAB
TEST_67957,notAB
TEST_67963,notAB
TEST_67965,notAB
TEST_67966,notAB
TEST_67968,notAB
TEST_67970,notAB
TEST_67977,notAB
TEST_67984,notAB
TEST_67986,notAB
TEST_67999,notAB
TEST_68001,notAB
TEST_68002,notAB
TEST_68014,notAB
TEST_68016,notAB
TEST_68020,notAB
TEST_68022,notAB
TEST_68032,notAB
TEST_68038,notAB
TEST_68047,notAB
TEST_68050,notAB
TEST_68051,notAB
TEST_68059,notAB
TEST_68064,notAB
TEST_68066,notAB
TEST_68068,notAB
TEST_68071,notAB
TEST_68072,notAB
TEST_68077,notAB
TEST_68081,notAB
TEST_68098,notAB
TEST_68101,notAB
TEST_68104,notAB
TEST_68106,notAB
TEST_68121,notAB
TEST_68149,notAB
TEST_68152,notAB
TEST_68154,notAB
TEST_68168,notAB
TEST_68170,notAB
TEST_68174,notAB
TEST_68175,notAB
TEST_68178,notAB
TEST_68196,notAB
TEST_68197,notAB
TEST_68199,notAB
TEST_68214,notAB
TEST_68218,notAB
TEST_68219,notAB
TEST_68222,notAB
TEST_68224,notAB
TEST_68230,notAB
TEST_68244,notAB
TEST_68245,notAB
TEST_68259,notAB
TEST_68268,notAB
TEST_68271,notAB
TEST_68272,notAB
TEST_68282,notAB
TEST_68293,notAB
TEST_68306,notAB
TEST_68309,notAB
TEST_68313,notAB
TEST_68328,notAB
TEST_68335,notAB
TEST_68342,notAB
TEST_68346,notAB
TEST_68349,notAB
TEST_68354,notAB
TEST_68362,notAB
TEST_68367,notAB
TEST_68371,notAB
TEST_68378,notAB
TEST_68379,notAB
TEST_68380,notAB
TEST_68383,notAB
TEST_68385,notAB
TEST_68392,notAB
TEST_68393,notAB
TEST_68409,notAB
TEST_68427,notAB
TEST_68434,notAB
TEST_68466,notAB
TEST_68473,notAB
TEST_68483,notAB
TEST_68491,notAB
TEST_68494,notAB
TEST_68496,notAB
TEST_68497,notAB
TEST_68499,notAB
TEST_68500,notAB
TEST_68503,notAB
TEST_68504,notAB
TEST_68514,notAB
TEST_68515,notAB
TEST_68525,notAB
TEST_68526,notAB
TEST_68530,notAB
TEST_68539,notAB
TEST_68540,notAB
TEST_68542,notAB
TEST_68543,notAB
TEST_68552,notAB
TEST_68558,notAB
TEST_68561,notAB
TEST_68564,notAB
TEST_68579,notAB
TEST_68589,notAB
TEST_68590,notAB
TEST_68598,notAB
TEST_68602,notAB
TEST_68612,notAB
TEST_68614,notAB
TEST_68627,notAB
TEST_68636,notAB
TEST_68637,notAB
TEST_68647,notAB
TEST_68663,notAB
TEST_68670,notAB
TEST_68672,notAB
TEST_68674,notAB
TEST_68676,notAB
TEST_68685,notAB
TEST_68693,notAB
TEST_68697,notAB
TEST_68699,notAB
TEST_68704,notAB
TEST_68713,notAB
TEST_68716,notAB
TEST_68720,notAB
TEST_68730,notAB
TEST_68740,notAB
TEST_68744,notAB
TEST_68762,notAB
TEST_68764,notAB
TEST_68768,notAB
TEST_68771,notAB
TEST_68775,notAB
TEST_68780,notAB
TEST_68784,notAB
TEST_68793,notAB
TEST_68794,notAB
TEST_68797,notAB
TEST_68816,notAB
TEST_68818,notAB
TEST_68823,notAB
TEST_68829,notAB
TEST_68838,notAB
TEST_68848,notAB
TEST_68868,notAB
TEST_68877,notAB
TEST_68880,notAB
TEST_68886,notAB
TEST_68892,notAB
TEST_68894,notAB
TEST_68897,notAB
TEST_68906,notAB
TEST_68913,notAB
TEST_68927,notAB
TEST_68929,notAB
TEST_68953,notAB
TEST_68955,notAB
TEST_68969,notAB
TEST_68973,notAB
TEST_68974,notAB
TEST_68979,notAB
TEST_68986,notAB
TEST_68988,notAB
TEST_68990,notAB
TEST_69008,notAB
TEST_69017,notAB
TEST_69019,notAB
TEST_69029,notAB
TEST_69034,notAB
TEST_69036,notAB
TEST_69041,notAB
TEST_69044,notAB
TEST_69049,notAB
TEST_69058,notAB
TEST_69072,notAB
TEST_69073,notAB
TEST_69078,notAB
TEST_69082,notAB
TEST_69096,notAB
TEST_69100,notAB
TEST_69103,notAB
TEST_69104,notAB
TEST_69106,notAB
TEST_69107,notAB
TEST_69110,notAB
TEST_69120,notAB
TEST_69123,notAB
TEST_69131,notAB
TEST_69140,notAB
TEST_69150,notAB
TEST_69164,notAB
TEST_69167,notAB
TEST_69172,notAB
TEST_69186,notAB
TEST_69193,notAB
TEST_69200,notAB
TEST_69205,notAB
TEST_69210,notAB
TEST_69213,notAB
TEST_69224,notAB
TEST_69231,notAB
TEST_69235,notAB
TEST_69266,notAB
TEST_69267,notAB
TEST_69275,notAB
TEST_69296,notAB
TEST_69300,notAB
TEST_69304,notAB
TEST_69306,notAB
TEST_69310,notAB
TEST_69315,notAB
TEST_69320,notAB
TEST_69329,notAB
TEST_69342,notAB
TEST_69357,notAB
TEST_69363,notAB
TEST_69364,notAB
TEST_69365,notAB
TEST_69375,notAB
TEST_69385,notAB
TEST_69389,notAB
TEST_69392,notAB
TEST_69406,notAB
TEST_69407,notAB
TEST_69412,notAB
TEST_69416,notAB
TEST_69429,notAB
TEST_69435,notAB
TEST_69442,notAB
TEST_69450,notAB
TEST_69453,notAB
TEST_69459,notAB
TEST_69462,notAB
TEST_69470,notAB
TEST_69477,notAB
TEST_69489,notAB
TEST_69491,notAB
TEST_69507,notAB
TEST_69514,notAB
TEST_69539,notAB
TEST_69543,notAB
TEST_69552,notAB
TEST_69557,notAB
TEST_69561,notAB
TEST_69563,notAB
TEST_69565,notAB
TEST_69579,notAB
TEST_69595,notAB
TEST_69596,notAB
TEST_69597,notAB
TEST_69608,notAB
TEST_69614,notAB
TEST_69621,notAB
TEST_69623,notAB
TEST_69628,notAB
TEST_69634,notAB
TEST_69635,notAB
TEST_69649,notAB
TEST_69665,notAB
TEST_69680,notAB
TEST_69691,notAB
TEST_69695,notAB
TEST_69700,notAB
TEST_69702,notAB
TEST_69708,notAB
TEST_69709,notAB
TEST_69711,notAB
TEST_69719,notAB
TEST_69722,notAB
TEST_69741,notAB
TEST_69745,notAB
TEST_69748,notAB
TEST_69750,notAB
TEST_69757,notAB
TEST_69765,notAB
TEST_69767,notAB
TEST_69769,notAB
TEST_69773,notAB
TEST_69786,notAB
TEST_69801,notAB
TEST_69808,notAB
TEST_69824,notAB
TEST_69835,notAB
TEST_69839,notAB
TEST_69848,notAB
TEST_69849,notAB
TEST_69855,notAB
TEST_69870,notAB
TEST_69879,notAB
TEST_69880,notAB
TEST_69881,notAB
TEST_69895,notAB
TEST_69896,notAB
TEST_69897,notAB
TEST_69909,notAB
TEST_69915,notAB
TEST_69921,notAB
TEST_69939,notAB
TEST_69948,notAB
TEST_69951,notAB
TEST_69960,notAB
TEST_69968,notAB
TEST_69970,notAB
TEST_69978,notAB
TEST_69981,notAB
TEST_69991,notAB
TEST_69994,notAB
TEST_70012,notAB
TEST_70031,notAB
TEST_70042,notAB
TEST_70053,notAB
TEST_70064,notAB
TEST_70070,notAB
TEST_70072,notAB
TEST_70086,notAB
TEST_70091,notAB
TEST_70105,notAB
TEST_70109,notAB
TEST_70118,notAB
TEST_70119,notAB
TEST_70121,notAB
TEST_70128,notAB
TEST_70132,notAB
TEST_70141,notAB
TEST_70149,notAB
TEST_70152,notAB
TEST_70156,notAB
TEST_70160,notAB
TEST_70166,notAB
TEST_70168,notAB
TEST_70171,notAB
TEST_70177,notAB
TEST_70192,notAB
TEST_70195,notAB
TEST_70206,notAB
TEST_70213,notAB
TEST_70214,notAB
TEST_70232,notAB
TEST_70233,notAB
TEST_70238,notAB
TEST_70239,notAB
TEST_70243,notAB
TEST_70246,notAB
TEST_70253,notAB
TEST_70255,notAB
TEST_70259,notAB
TEST_70264,notAB
TEST_70266,notAB
TEST_70271,notAB
TEST_70272,notAB
TEST_70279,notAB
TEST_70283,notAB
TEST_70287,notAB
TEST_70299,notAB
TEST_70304,notAB
TEST_70305,notAB
TEST_70331,notAB
TEST_70335,notAB
TEST_70339,notAB
TEST_70342,notAB
TEST_70344,notAB
TEST_70347,notAB
TEST_70348,notAB
TEST_70354,notAB
TEST_70356,notAB
TEST_70358,notAB
TEST_70363,notAB
TEST_70365,notAB
TEST_70371,notAB
TEST_70373,notAB
TEST_70381,notAB
TEST_70382,notAB
TEST_70385,notAB
TEST_70388,notAB
TEST_70389,notAB
TEST_70390,notAB
TEST_70396,notAB
TEST_70399,notAB
TEST_70413,notAB
TEST_70419,notAB
TEST_70439,notAB
TEST_70444,notAB
TEST_70445,notAB
TEST_70456,notAB
TEST_70474,notAB
TEST_70478,notAB
TEST_70483,notAB
TEST_70490,notAB
TEST_70504,notAB
TEST_70509,notAB
TEST_70517,notAB
TEST_70519,notAB
TEST_70527,notAB
TEST_70539,notAB
TEST_70540,notAB
TEST_70548,notAB
TEST_70552,notAB
TEST_70554,notAB
TEST_70560,notAB
TEST_70566,notAB
TEST_70568,notAB
TEST_70571,notAB
TEST_70584,notAB
TEST_70587,notAB
TEST_70593,notAB
TEST_70599,notAB
TEST_70602,notAB
TEST_70608,notAB
TEST_70629,notAB
TEST_70648,notAB
TEST_70649,notAB
TEST_70654,notAB
TEST_70665,notAB
TEST_70675,notAB
TEST_70677,notAB
TEST_70685,notAB
TEST_70694,notAB
TEST_70710,notAB
TEST_70716,notAB
TEST_70723,notAB
TEST_70724,notAB
TEST_70734,notAB
TEST_70738,notAB
TEST_70741,notAB
TEST_70747,notAB
TEST_70748,notAB
TEST_70754,notAB
TEST_70762,notAB
TEST_70766,notAB
TEST_70769,notAB
TEST_70772,notAB
TEST_70782,notAB
TEST_70783,notAB
TEST_70787,notAB
TEST_70788,notAB
TEST_70800,notAB
TEST_70801,notAB
TEST_70810,notAB
TEST_70812,notAB
TEST_70813,notAB
TEST_70818,notAB
TEST_70834,notAB
TEST_70839,notAB
TEST_70844,notAB
TEST_70847,notAB
TEST_70853,notAB
TEST_70864,notAB
TEST_70877,notAB
TEST_70883,notAB
TEST_70884,notAB
TEST_70889,notAB
TEST_70892,notAB
TEST_70906,notAB
TEST_70909,notAB
TEST_70912,notAB
TEST_70914,notAB
TEST_70922,notAB
TEST_70928,notAB
TEST_70930,notAB
TEST_70931,notAB
TEST_70932,notAB
TEST_70944,notAB
TEST_70955,notAB
TEST_70971,notAB
TEST_70973,notAB
TEST_70976,notAB
TEST_70983,notAB
TEST_70984,notAB
TEST_70985,notAB
TEST_70989,notAB
TEST_71003,notAB
TEST_71007,notAB
TEST_71011,notAB
TEST_71016,notAB
TEST_71017,notAB
TEST_71018,notAB
TEST_71020,notAB
TEST_71031,notAB
TEST_71047,notAB
TEST_71048,notAB
TEST_71055,notAB
TEST_71056,notAB
TEST_71058,notAB
TEST_71071,notAB
TEST_71076,notAB
TEST_71081,notAB
TEST_71084,notAB
TEST_71086,notAB
TEST_71087,notAB
TEST_71101,notAB
TEST_71102,notAB
TEST_71107,notAB
TEST_71108,notAB
TEST_71113,notAB
TEST_71116,notAB
TEST_71129,notAB
TEST_71144,notAB
TEST_71151,notAB
TEST_71155,notAB
TEST_71165,notAB
TEST_71171,notAB
TEST_71176,notAB
TEST_71182,notAB
TEST_71186,notAB
TEST_71189,notAB
TEST_71191,notAB
TEST_71197,notAB
TEST_71199,notAB
TEST_71200,notAB
TEST_71203,notAB
TEST_71212,notAB
TEST_71214,notAB
TEST_71225,notAB
TEST_71246,notAB
TEST_71248,notAB
TEST_71251,notAB
TEST_71254,notAB
TEST_71261,notAB
TEST_71265,notAB
TEST_71271,notAB
TEST_71284,notAB
TEST_71290,notAB
TEST_71299,notAB
TEST_71300,notAB
TEST_71306,notAB
TEST_71320,notAB
TEST_71326,notAB
TEST_71327,notAB
TEST_71330,notAB
TEST_71335,notAB
TEST_71344,notAB
TEST_71351,notAB
TEST_71357,notAB
TEST_71358,notAB
TEST_71362,notAB
TEST_71365,notAB
TEST_71371,notAB
TEST_71383,notAB
TEST_71396,notAB
TEST_71410,notAB
TEST_71411,notAB
TEST_71412,notAB
TEST_71414,notAB
TEST_71435,notAB
TEST_71457,notAB
TEST_71461,notAB
TEST_71465,notAB
TEST_71476,notAB
TEST_71477,notAB
TEST_71486,notAB
TEST_71491,notAB
TEST_71492,notAB
TEST_71495,notAB
TEST_71496,notAB
TEST_71499,notAB
TEST_71505,notAB
TEST_71509,notAB
TEST_71518,notAB
TEST_71524,notAB
TEST_71529,notAB
TEST_71537,notAB
TEST_71544,notAB
TEST_71553,notAB
TEST_71564,notAB
TEST_71578,notAB
TEST_71581,notAB
TEST_71583,notAB
TEST_71584,notAB
TEST_71598,notAB
TEST_71601,notAB
TEST_71604,notAB
TEST_71612,notAB
TEST_71615,notAB
TEST_71622,notAB
TEST_71635,notAB
TEST_71649,notAB
TEST_71652,notAB
TEST_71654,notAB
TEST_71659,notAB
TEST_71670,notAB
TEST_71676,notAB
TEST_71678,notAB
TEST_71680,notAB
TEST_71691,notAB
TEST_71702,notAB
TEST_71706,notAB
TEST_71708,notAB
TEST_71713,notAB
TEST_71716,notAB
TEST_71720,notAB
TEST_71724,notAB
TEST_71726,notAB
TEST_71739,notAB
TEST_71741,notAB
TEST_71742,notAB
TEST_71743,notAB
TEST_71747,notAB
TEST_71748,notAB
TEST_71753,notAB
TEST_71759,notAB
TEST_71762,notAB
TEST_71770,notAB
TEST_71773,notAB
TEST_71775,notAB
TEST_71781,notAB
TEST_71791,notAB
TEST_71792,notAB
TEST_71794,notAB
TEST_71799,notAB
TEST_71805,notAB
TEST_71816,notAB
TEST_71830,notAB
TEST_71834,notAB
TEST_71846,notAB
TEST_71864,notAB
TEST_71867,notAB
TEST_71868,notAB
TEST_71871,notAB
TEST_71899,notAB
TEST_71909,notAB
TEST_71911,notAB
TEST_71918,notAB
TEST_71923,notAB
TEST_71930,notAB
TEST_71932,notAB
TEST_71934,notAB
TEST_71935,notAB
TEST_71937,notAB
TEST_71938,notAB
TEST_71942,notAB
TEST_71943,notAB
TEST_71946,notAB
TEST_71948,notAB
TEST_71953,notAB
TEST_71956,notAB
TEST_71966,notAB
TEST_71973,notAB
TEST_71984,notAB
TEST_71990,notAB
TEST_71991,notAB
TEST_71996,notAB
TEST_72000,notAB
TEST_72013,notAB
TEST_72024,notAB
TEST_72035,notAB
TEST_72037,notAB
TEST_72043,notAB
TEST_72046,notAB
TEST_72047,notAB
TEST_72051,notAB
TEST_72052,notAB
TEST_72057,notAB
TEST_72062,notAB
TEST_72065,notAB
TEST_72082,notAB
TEST_72086,notAB
TEST_72095,notAB
TEST_72096,notAB
TEST_72099,notAB
TEST_72108,notAB
TEST_72109,notAB
TEST_72111,notAB
TEST_72112,notAB
TEST_72113,notAB
TEST_72122,notAB
TEST_72127,notAB
TEST_72135,notAB
TEST_72141,notAB
TEST_72144,notAB
TEST_72148,notAB
TEST_72149,notAB
TEST_72152,notAB
TEST_72159,notAB
TEST_72160,notAB
TEST_72164,notAB
TEST_72165,notAB
TEST_72172,notAB
TEST_72177,notAB
TEST_72180,notAB
TEST_72182,notAB
TEST_72184,notAB
TEST_72188,notAB
TEST_72190,notAB
TEST_72191,notAB
TEST_72198,notAB
TEST_72203,notAB
TEST_72206,notAB
TEST_72212,notAB
TEST_72215,notAB
TEST_72216,notAB
TEST_72224,notAB
TEST_72226,notAB
TEST_72232,notAB
TEST_72236,notAB
TEST_72244,notAB
TEST_72247,notAB
TEST_72248,notAB
TEST_72249,notAB
TEST_72252,notAB
TEST_72263,notAB
TEST_72267,notAB
TEST_72269,notAB
TEST_72270,notAB
TEST_72271,notAB
TEST_72272,notAB
TEST_72275,notAB
TEST_72284,notAB
TEST_72303,notAB
TEST_72304,notAB
TEST_72308,notAB
TEST_72311,notAB
TEST_72315,notAB
TEST_72324,notAB
TEST_72329,notAB
TEST_72331,notAB
TEST_72343,notAB
TEST_72347,notAB
TEST_72352,notAB
TEST_72354,notAB
TEST_72356,notAB
TEST_72370,notAB
TEST_72389,notAB
TEST_72390,notAB
TEST_72391,notAB
TEST_72392,notAB
TEST_72393,notAB
TEST_72395,notAB
TEST_72415,notAB
TEST_72421,notAB
TEST_72424,notAB
TEST_72429,notAB
TEST_72430,notAB
TEST_72434,notAB
TEST_72439,notAB
TEST_72473,notAB
TEST_72487,notAB
TEST_72499,notAB
TEST_72501,notAB
TEST_72506,notAB
TEST_72510,notAB
TEST_72513,notAB
TEST_72517,notAB
TEST_72521,notAB
TEST_72528,notAB
TEST_72529,notAB
TEST_72531,notAB
TEST_72532,notAB
TEST_72534,notAB
TEST_72538,notAB
TEST_72540,notAB
TEST_72551,notAB
TEST_72558,notAB
TEST_72560,notAB
TEST_72564,notAB
TEST_72566,notAB
TEST_72568,notAB
TEST_72571,notAB
TEST_72583,notAB
TEST_72584,notAB
TEST_72607,notAB
TEST_72611,notAB
TEST_72614,notAB
TEST_72618,notAB
TEST_72622,notAB
TEST_72623,notAB
TEST_72626,notAB
TEST_72628,notAB
TEST_72636,notAB
TEST_72639,notAB
TEST_72640,notAB
TEST_72649,notAB
TEST_72650,notAB
TEST_72674,notAB
TEST_72682,notAB
TEST_72685,notAB
TEST_72697,notAB
TEST_72703,notAB
TEST_72711,notAB
TEST_72716,notAB
TEST_72717,notAB
TEST_72727,notAB
TEST_72745,notAB
TEST_72751,notAB
TEST_72755,notAB
TEST_72756,notAB
TEST_72759,notAB
TEST_72763,notAB
TEST_72767,notAB
TEST_72771,notAB
TEST_72774,notAB
TEST_72779,notAB
TEST_72781,notAB
TEST_72807,notAB
TEST_72813,notAB
TEST_72816,notAB
TEST_72818,notAB
TEST_72821,notAB
TEST_72836,notAB
TEST_72845,notAB
TEST_72857,notAB
TEST_72858,notAB
TEST_72868,notAB
TEST_72876,notAB
TEST_72877,notAB
TEST_72893,notAB
TEST_72894,notAB
TEST_72900,notAB
TEST_72907,notAB
TEST_72908,notAB
TEST_72909,notAB
TEST_72916,notAB
TEST_72918,notAB
TEST_72923,notAB
TEST_72927,notAB
TEST_72928,notAB
TEST_72930,notAB
TEST_72941,notAB
TEST_72942,notAB
TEST_72953,notAB
TEST_72960,notAB
TEST_72967,notAB
TEST_72986,notAB
TEST_72990,notAB
TEST_72999,notAB
TEST_73004,notAB
TEST_73005,notAB
TEST_73007,notAB
TEST_73015,notAB
TEST_73017,notAB
TEST_73019,notAB
TEST_73020,notAB
TEST_73024,notAB
TEST_73027,notAB
TEST_73038,notAB
TEST_73040,notAB
TEST_73049,notAB
TEST_73053,notAB
TEST_73058,notAB
TEST_73059,notAB
TEST_73062,notAB
TEST_73066,notAB
TEST_73073,notAB
TEST_73079,notAB
TEST_73088,notAB
TEST_73100,notAB
TEST_73103,notAB
TEST_73114,notAB
TEST_73118,notAB
TEST_73130,notAB
TEST_73134,notAB
TEST_73138,notAB
TEST_73140,notAB
TEST_73142,notAB
TEST_73146,notAB
TEST_73158,notAB
TEST_73180,notAB
TEST_73186,notAB
TEST_73197,notAB
TEST_73200,notAB
TEST_73206,notAB
TEST_73209,notAB
TEST_73210,notAB
TEST_73215,notAB
TEST_73219,notAB
TEST_73222,notAB
TEST_73246,notAB
TEST_73251,notAB
TEST_73266,notAB
TEST_73275,notAB
TEST_73279,notAB
TEST_73280,notAB
TEST_73301,notAB
TEST_73312,notAB
TEST_73324,notAB
TEST_73331,notAB
TEST_73332,notAB
TEST_73340,notAB
TEST_73346,notAB
TEST_73348,notAB
TEST_73350,notAB
TEST_73360,notAB
TEST_73365,notAB
TEST_73383,notAB
TEST_73384,notAB
TEST_73388,notAB
TEST_73389,notAB
TEST_73390,notAB
TEST_73398,notAB
TEST_73402,notAB
TEST_73409,notAB
TEST_73410,notAB
TEST_73412,notAB
TEST_73417,notAB
TEST_73420,notAB
TEST_73431,notAB
TEST_73433,notAB
TEST_73444,notAB
TEST_73450,notAB
TEST_73455,notAB
TEST_73456,notAB
TEST_73462,notAB
TEST_73464,notAB
TEST_73466,notAB
TEST_73471,notAB
TEST_73475,notAB
TEST_73485,notAB
TEST_73492,notAB
TEST_73496,notAB
TEST_73498,notAB
TEST_73503,notAB
TEST_73507,notAB
TEST_73510,notAB
TEST_73516,notAB
TEST_73520,notAB
TEST_73523,notAB
TEST_73528,notAB
TEST_73529,notAB
TEST_73582,notAB
TEST_73588,notAB
TEST_73594,notAB
TEST_73603,notAB
TEST_73605,notAB
TEST_73606,notAB
TEST_73610,notAB
TEST_73612,notAB
TEST_73625,notAB
TEST_73627,notAB
TEST_73629,notAB
TEST_73638,notAB
TEST_73640,notAB
TEST_73648,notAB
TEST_73655,notAB
TEST_73659,notAB
TEST_73663,notAB
TEST_73664,notAB
TEST_73665,notAB
TEST_73669,notAB
TEST_73683,notAB
TEST_73688,notAB
TEST_73689,notAB
TEST_73692,notAB
TEST_73696,notAB
TEST_73699,notAB
TEST_73700,notAB
TEST_73701,notAB
TEST_73705,notAB
TEST_73716,notAB
TEST_73720,notAB
TEST_73725,notAB
TEST_73734,notAB
TEST_73748,notAB
TEST_73756,notAB
TEST_73760,notAB
TEST_73772,notAB
TEST_73778,notAB
TEST_73781,notAB
TEST_73786,notAB
TEST_73794,notAB
TEST_73796,notAB
TEST_73800,notAB
TEST_73803,notAB
TEST_73805,notAB
TEST_73807,notAB
TEST_73814,notAB
TEST_73815,notAB
TEST_73828,notAB
TEST_73832,notAB
TEST_73834,notAB
TEST_73835,notAB
TEST_73854,notAB
TEST_73857,notAB
TEST_73863,notAB
TEST_73867,notAB
TEST_73870,notAB
TEST_73875,notAB
TEST_73885,notAB
TEST_73910,notAB
TEST_73919,notAB
TEST_73920,notAB
TEST_73921,notAB
TEST_73924,notAB
TEST_73929,notAB
TEST_73932,notAB
TEST_73948,notAB
TEST_73949,notAB
TEST_73953,notAB
TEST_73959,notAB
TEST_73963,notAB
TEST_73965,notAB
TEST_73969,notAB
TEST_73973,notAB
TEST_73976,notAB
TEST_73977,notAB
TEST_73979,notAB
TEST_73986,notAB
TEST_73991,notAB
TEST_73994,notAB
TEST_73997,notAB
TEST_74000,notAB
TEST_74009,notAB
TEST_74012,notAB
TEST_74015,notAB
TEST_74019,notAB
TEST_74026,notAB
TEST_74027,notAB
TEST_74050,notAB
TEST_74053,notAB
TEST_74055,notAB
TEST_74057,notAB
TEST_74059,notAB
TEST_74060,notAB
TEST_74065,notAB
TEST_74076,notAB
TEST_74077,notAB
TEST_74081,notAB
TEST_74084,notAB
TEST_74097,notAB
TEST_74100,notAB
TEST_74108,notAB
TEST_74111,notAB
TEST_74112,notAB
TEST_74116,notAB
TEST_74121,notAB
TEST_74125,notAB
TEST_74128,notAB
TEST_74134,notAB
TEST_74135,notAB
TEST_74171,notAB
TEST_74188,notAB
TEST_74193,notAB
TEST_74202,notAB
TEST_74203,notAB
TEST_74209,notAB
TEST_74210,notAB
TEST_74228,notAB
TEST_74232,notAB
TEST_74235,notAB
TEST_74247,notAB
TEST_74250,notAB
TEST_74263,notAB
TEST_74267,notAB
TEST_74268,notAB
TEST_74276,notAB
TEST_74302,notAB
TEST_74304,notAB
TEST_74306,notAB
TEST_74310,notAB
TEST_74313,notAB
TEST_74326,notAB
TEST_74327,notAB
TEST_74336,notAB
TEST_74339,notAB
TEST_74344,notAB
TEST_74351,notAB
TEST_74353,notAB
TEST_74354,notAB
TEST_74372,notAB
TEST_74374,notAB
TEST_74392,notAB
TEST_74399,notAB
TEST_74402,notAB
TEST_74403,notAB
TEST_74406,notAB
TEST_74412,notAB
TEST_74427,notAB
TEST_74430,notAB
TEST_74440,notAB
TEST_74442,notAB
TEST_74445,notAB
TEST_74453,notAB
TEST_74456,notAB
TEST_74463,notAB
TEST_74472,notAB
TEST_74473,notAB
TEST_74475,notAB
TEST_74489,notAB
TEST_74491,notAB
TEST_74496,notAB
TEST_74509,notAB
TEST_74510,notAB
TEST_74516,notAB
TEST_74530,notAB
TEST_74537,notAB
TEST_74558,notAB
TEST_74570,notAB
TEST_74575,notAB
TEST_74578,notAB
TEST_74581,notAB
TEST_74593,notAB
TEST_74600,notAB
TEST_74602,notAB
TEST_74609,notAB
TEST_74619,notAB
TEST_74625,notAB
TEST_74626,notAB
TEST_74628,notAB
TEST_74630,notAB
TEST_74633,notAB
TEST_74667,notAB
TEST_74673,notAB
TEST_74682,notAB
TEST_74684,notAB
TEST_74690,notAB
TEST_74692,notAB
TEST_74700,notAB
TEST_74711,notAB
TEST_74719,notAB
TEST_74723,notAB
TEST_74740,notAB
TEST_74754,notAB
TEST_74805,notAB
TEST_74806,notAB
TEST_74809,notAB
TEST_74814,notAB
TEST_74816,notAB
TEST_74825,notAB
TEST_74836,notAB
TEST_74837,notAB
TEST_74841,notAB
TEST_74842,notAB
TEST_74846,notAB
TEST_74853,notAB
TEST_74877,notAB
TEST_74880,notAB
TEST_74882,notAB
TEST_74889,notAB
TEST_74899,notAB
TEST_74906,notAB
TEST_74913,notAB
TEST_74916,notAB
TEST_74921,notAB
TEST_74931,notAB
TEST_74934,notAB
TEST_74939,notAB
TEST_74946,notAB
TEST_74949,notAB
TEST_74953,notAB
TEST_74956,notAB
TEST_74965,notAB
TEST_74973,notAB
TEST_74979,notAB
TEST_74980,notAB
TEST_74986,notAB
TEST_74988,notAB
TEST_74992,notAB
TEST_74998,notAB
TEST_75006,notAB
TEST_75010,notAB
TEST_75011,notAB
TEST_75017,notAB
TEST_75019,notAB
TEST_75020,notAB
TEST_75039,notAB
TEST_75055,notAB
TEST_75059,notAB
TEST_75060,notAB
TEST_75078,notAB
TEST_75081,notAB
TEST_75082,notAB
TEST_75090,notAB
TEST_75096,notAB
TEST_75097,notAB
TEST_75100,notAB
TEST_75105,notAB
TEST_75113,notAB
TEST_75115,notAB
TEST_75119,notAB
TEST_75120,notAB
TEST_75123,notAB
TEST_75124,notAB
TEST_75127,notAB
TEST_75136,notAB
TEST_75142,notAB
TEST_75145,notAB
TEST_75153,notAB
TEST_75164,notAB
TEST_75182,notAB
TEST_75195,notAB
TEST_75196,notAB
TEST_75202,notAB
TEST_75207,notAB
TEST_75220,notAB
TEST_75224,notAB
TEST_75229,notAB
TEST_75232,notAB
TEST_75248,notAB
TEST_75250,notAB
TEST_75252,notAB
TEST_75262,notAB
TEST_75266,notAB
TEST_75277,notAB
TEST_75283,notAB
TEST_75287,notAB
TEST_75288,notAB
TEST_75317,notAB
TEST_75319,notAB
TEST_75320,notAB
TEST_75332,notAB
TEST_75337,notAB
TEST_75349,notAB
TEST_75350,notAB
TEST_75357,notAB
TEST_75359,notAB
TEST_75364,notAB
TEST_75366,notAB
TEST_75372,notAB
TEST_75376,notAB
TEST_75384,notAB
TEST_75390,notAB
TEST_75391,notAB
TEST_75393,notAB
TEST_75402,notAB
TEST_75410,notAB
TEST_75417,notAB
TEST_75418,notAB
TEST_75419,notAB
TEST_75428,notAB
TEST_75429,notAB
TEST_75433,notAB
TEST_75436,notAB
TEST_75445,notAB
TEST_75446,notAB
TEST_75449,notAB
TEST_75451,notAB
TEST_75461,notAB
TEST_75462,notAB
TEST_75464,notAB
TEST_75470,notAB
TEST_75476,notAB
TEST_75484,notAB
TEST_75492,notAB
TEST_75501,notAB
TEST_75509,notAB
TEST_75511,notAB
TEST_75520,notAB
TEST_75524,notAB
TEST_75525,notAB
TEST_75527,notAB
TEST_75528,notAB
TEST_75537,notAB
TEST_75548,notAB
TEST_75556,notAB
TEST_75561,notAB
TEST_75563,notAB
TEST_75566,notAB
TEST_75567,notAB
TEST_75575,notAB
TEST_75584,notAB
TEST_75585,notAB
TEST_75587,notAB
TEST_75592,notAB
TEST_75593,notAB
TEST_75605,notAB
TEST_75609,notAB
TEST_75613,notAB
TEST_75614,notAB
TEST_75623,notAB
TEST_75625,notAB
TEST_75627,notAB
TEST_75631,notAB
TEST_75638,notAB
TEST_75640,notAB
TEST_75648,notAB
TEST_75655,notAB
TEST_75656,notAB
TEST_75673,notAB
TEST_75677,notAB
TEST_75682,notAB
TEST_75690,notAB
TEST_75701,notAB
TEST_75706,notAB
TEST_75708,notAB
TEST_75715,notAB
TEST_75722,notAB
TEST_75724,notAB
TEST_75725,notAB
TEST_75728,notAB
TEST_75729,notAB
TEST_75735,notAB
TEST_75740,notAB
TEST_75745,notAB
TEST_75747,notAB
TEST_75750,notAB
TEST_75753,notAB
TEST_75763,notAB
TEST_75765,notAB
TEST_75767,notAB
TEST_75770,notAB
TEST_75779,notAB
TEST_75783,notAB
TEST_75788,notAB
TEST_75793,notAB
TEST_75796,notAB
TEST_75806,notAB
TEST_75812,notAB
TEST_75815,notAB
TEST_75819,notAB
TEST_75828,notAB
TEST_75833,notAB
TEST_75835,notAB
TEST_75836,notAB
TEST_75837,notAB
TEST_75842,notAB
TEST_75850,notAB
TEST_75855,notAB
TEST_75860,notAB
TEST_75862,notAB
TEST_75863,notAB
TEST_75865,notAB
TEST_75877,notAB
TEST_75882,notAB
TEST_75884,notAB
TEST_75885,notAB
TEST_75887,notAB
TEST_75902,notAB
TEST_75913,notAB
TEST_75918,notAB
TEST_75924,notAB
TEST_75935,notAB
TEST_75940,notAB
TEST_75945,notAB
TEST_75947,notAB
TEST_75948,notAB
TEST_75961,notAB
TEST_75971,notAB
TEST_75978,notAB
TEST_75982,notAB
TEST_75984,notAB
TEST_75990,notAB
TEST_75994,notAB
TEST_75997,notAB
TEST_76000,notAB
TEST_76001,notAB
TEST_76008,notAB
TEST_76016,notAB
TEST_76019,notAB
TEST_76028,notAB
TEST_76030,notAB
TEST_76045,notAB
TEST_76054,notAB
TEST_76072,notAB
TEST_76084,notAB
TEST_76087,notAB
TEST_76091,notAB
TEST_76096,notAB
TEST_76100,notAB
TEST_76101,notAB
TEST_76107,notAB
TEST_76109,notAB
TEST_76125,notAB
TEST_76126,notAB
TEST_76130,notAB
TEST_76137,notAB
TEST_76144,notAB
TEST_76145,notAB
TEST_76153,notAB
TEST_76156,notAB
TEST_76157,notAB
TEST_76162,notAB
TEST_76164,notAB
TEST_76168,notAB
TEST_76174,notAB
TEST_76178,notAB
TEST_76181,notAB
TEST_76185,notAB
TEST_76194,notAB
TEST_76218,notAB
TEST_76223,notAB
TEST_76224,notAB
TEST_76226,notAB
TEST_76227,notAB
TEST_76234,notAB
TEST_76240,notAB
TEST_76241,notAB
TEST_76251,notAB
TEST_76252,notAB
TEST_76254,notAB
TEST_76256,notAB
TEST_76262,notAB
TEST_76273,notAB
TEST_76274,notAB
TEST_76285,notAB
TEST_76290,notAB
TEST_76294,notAB
TEST_76303,notAB
TEST_76311,notAB
TEST_76317,notAB
TEST_76319,notAB
TEST_76326,notAB
TEST_76329,notAB
TEST_76330,notAB
TEST_76332,notAB
TEST_76338,notAB
TEST_76339,notAB
TEST_76353,notAB
TEST_76370,notAB
TEST_76376,notAB
TEST_76379,notAB
TEST_76386,notAB
TEST_76387,notAB
TEST_76390,notAB
TEST_76393,notAB
TEST_76394,notAB
TEST_76401,notAB
TEST_76402,notAB
TEST_76415,notAB
TEST_76417,notAB
TEST_76421,notAB
TEST_76430,notAB
TEST_76432,notAB
TEST_76435,notAB
TEST_76450,notAB
TEST_76455,notAB
TEST_76457,notAB
TEST_76462,notAB
TEST_76482,notAB
TEST_76484,notAB
TEST_76490,notAB
TEST_76495,notAB
TEST_76508,notAB
TEST_76509,notAB
TEST_76513,notAB
TEST_76514,notAB
TEST_76519,notAB
TEST_76532,notAB
TEST_76533,notAB
TEST_76536,notAB
TEST_76547,notAB
TEST_76549,notAB
TEST_76552,notAB
TEST_76554,notAB
TEST_76560,notAB
TEST_76562,notAB
TEST_76563,notAB
TEST_76566,notAB
TEST_76580,notAB
TEST_76582,notAB
TEST_76600,notAB
TEST_76615,notAB
TEST_76616,notAB
TEST_76623,notAB
TEST_76628,notAB
TEST_76629,notAB
TEST_76631,notAB
TEST_76637,notAB
TEST_76645,notAB
TEST_76646,notAB
TEST_76649,notAB
TEST_76650,notAB
TEST_76671,notAB
TEST_76683,notAB
TEST_76689,notAB
TEST_76709,notAB
TEST_76713,notAB
TEST_76720,notAB
TEST_76722,notAB
TEST_76728,notAB
TEST_76729,notAB
TEST_76732,notAB
TEST_76734,notAB
TEST_76735,notAB
TEST_76741,notAB
TEST_76746,notAB
TEST_76749,notAB
TEST_76750,notAB
TEST_76752,notAB
TEST_76754,notAB
TEST_76755,notAB
TEST_76760,notAB
TEST_76771,notAB
TEST_76774,notAB
TEST_76776,notAB
TEST_76778,notAB
TEST_76785,notAB
TEST_76810,notAB
TEST_76820,notAB
TEST_76827,notAB
TEST_76828,notAB
TEST_76832,notAB
TEST_76834,notAB
TEST_76841,notAB
TEST_76852,notAB
TEST_76860,notAB
TEST_76870,notAB
TEST_76891,notAB
TEST_76894,notAB
TEST_76899,notAB
TEST_76924,notAB
TEST_76928,notAB
TEST_76935,notAB
TEST_76940,notAB
TEST_76955,notAB
TEST_76957,notAB
TEST_76961,notAB
TEST_76963,notAB
TEST_76968,notAB
TEST_76972,notAB
TEST_76974,notAB
TEST_76979,notAB
TEST_76980,notAB
TEST_76983,notAB
TEST_76989,notAB
TEST_76998,notAB
TEST_77009,notAB
TEST_77023,notAB
TEST_77040,notAB
TEST_77044,notAB
TEST_77045,notAB
TEST_77055,notAB
TEST_77077,notAB
TEST_77079,notAB
TEST_77083,notAB
TEST_77087,notAB
TEST_77091,notAB
TEST_77092,notAB
TEST_77096,notAB
TEST_77100,notAB
TEST_77102,notAB
TEST_77107,notAB
TEST_77110,notAB
TEST_77114,notAB
TEST_77120,notAB
TEST_77121,notAB
TEST_77126,notAB
TEST_77136,notAB
TEST_77167,notAB
TEST_77187,notAB
TEST_77188,notAB
TEST_77190,notAB
TEST_77200,notAB
TEST_77210,notAB
TEST_77216,notAB
TEST_77222,notAB
TEST_77226,notAB
TEST_77230,notAB
TEST_77233,notAB
TEST_77243,notAB
TEST_77247,notAB
TEST_77252,notAB
TEST_77253,notAB
TEST_77257,notAB
TEST_77263,notAB
TEST_77268,notAB
TEST_77272,notAB
TEST_77273,notAB
TEST_77277,notAB
TEST_77278,notAB
TEST_77280,notAB
TEST_77312,notAB
TEST_77314,notAB
TEST_77343,notAB
TEST_77361,notAB
TEST_77362,notAB
TEST_77363,notAB
TEST_77370,notAB
TEST_77372,notAB
TEST_77376,notAB
TEST_77383,notAB
TEST_77385,notAB
TEST_77389,notAB
TEST_77390,notAB
TEST_77393,notAB
TEST_77397,notAB
TEST_77400,notAB
TEST_77415,notAB
TEST_77416,notAB
TEST_77418,notAB
TEST_77426,notAB
TEST_77446,notAB
TEST_77458,notAB
TEST_77460,notAB
TEST_77462,notAB
TEST_77463,notAB
TEST_77465,notAB
TEST_77475,notAB
TEST_77485,notAB
TEST_77486,notAB
TEST_77487,notAB
TEST_77492,notAB
TEST_77503,notAB
TEST_77505,notAB
TEST_77506,notAB
TEST_77518,notAB
TEST_77526,notAB
TEST_77529,notAB
TEST_77536,notAB
TEST_77538,notAB
TEST_77540,notAB
TEST_77544,notAB
TEST_77560,notAB
TEST_77583,notAB
TEST_77584,notAB
TEST_77590,notAB
TEST_77593,notAB
TEST_77596,notAB
TEST_77601,notAB
TEST_77602,notAB
TEST_77608,notAB
TEST_77614,notAB
TEST_77616,notAB
TEST_77623,notAB
TEST_77627,notAB
TEST_77639,notAB
TEST_77642,notAB
TEST_77660,notAB
TEST_77663,notAB
TEST_77683,notAB
TEST_77690,notAB
TEST_77699,notAB
TEST_77715,notAB
TEST_77719,notAB
TEST_77720,notAB
TEST_77727,notAB
TEST_77729,notAB
TEST_77732,notAB
TEST_77734,notAB
TEST_77739,notAB
TEST_77741,notAB
TEST_77750,notAB
TEST_77760,notAB
TEST_77763,notAB
TEST_77768,notAB
TEST_77774,notAB
TEST_77784,notAB
TEST_77792,notAB
TEST_77800,notAB
TEST_77816,notAB
TEST_77820,notAB
TEST_77835,notAB
TEST_77836,notAB
TEST_77839,notAB
TEST_77845,notAB
TEST_77858,notAB
TEST_77866,notAB
TEST_77868,notAB
TEST_77869,notAB
TEST_77890,notAB
TEST_77897,notAB
TEST_77898,notAB
TEST_77902,notAB
TEST_77907,notAB
TEST_77908,notAB
TEST_77923,notAB
TEST_77925,notAB
TEST_77936,notAB
TEST_77937,notAB
TEST_77943,notAB
TEST_77947,notAB
TEST_77952,notAB
TEST_77974,notAB
TEST_77978,notAB
TEST_77996,notAB
TEST_77998,notAB
TEST_78011,notAB
TEST_78013,notAB
TEST_78015,notAB
TEST_78020,notAB
TEST_78033,notAB
TEST_78036,notAB
TEST_78041,notAB
TEST_78045,notAB
TEST_78046,notAB
TEST_78054,notAB
TEST_78058,notAB
TEST_78076,notAB
TEST_78077,notAB
TEST_78080,notAB
TEST_78082,notAB
TEST_78085,notAB
TEST_78092,notAB
TEST_78112,notAB
TEST_78116,notAB
TEST_78117,notAB
TEST_78118,notAB
TEST_78120,notAB
TEST_78122,notAB
TEST_78123,notAB
TEST_78130,notAB
TEST_78132,notAB
TEST_78143,notAB
TEST_78144,notAB
TEST_78149,notAB
TEST_78157,notAB
TEST_78165,notAB
TEST_78166,notAB
TEST_78167,notAB
TEST_78182,notAB
TEST_78183,notAB
TEST_78188,notAB
TEST_78190,notAB
TEST_78196,notAB
TEST_78200,notAB
TEST_78202,notAB
TEST_78217,notAB
TEST_78220,notAB
TEST_78234,notAB
TEST_78238,notAB
TEST_78246,notAB
TEST_78249,notAB
TEST_78255,notAB
TEST_78256,notAB
TEST_78257,notAB
TEST_78259,notAB
TEST_78264,notAB
TEST_78267,notAB
TEST_78271,notAB
TEST_78288,notAB
TEST_78289,notAB
TEST_78291,notAB
TEST_78296,notAB
TEST_78307,notAB
TEST_78308,notAB
TEST_78313,notAB
TEST_78322,notAB
TEST_78329,notAB
TEST_78337,notAB
TEST_78338,notAB
TEST_78346,notAB
TEST_78354,notAB
TEST_78368,notAB
TEST_78369,notAB
TEST_78370,notAB
TEST_78371,notAB
TEST_78378,notAB
TEST_78382,notAB
TEST_78389,notAB
TEST_78392,notAB
TEST_78395,notAB
TEST_78396,notAB
TEST_78403,notAB
TEST_78406,notAB
TEST_78415,notAB
TEST_78417,notAB
TEST_78430,notAB
TEST_78440,notAB
TEST_78446,notAB
TEST_78470,notAB
TEST_78476,notAB
TEST_78491,notAB
TEST_78492,notAB
TEST_78515,notAB
TEST_78519,notAB
TEST_78527,notAB
TEST_78528,notAB
TEST_78537,notAB
TEST_78548,notAB
TEST_78572,notAB
TEST_78577,notAB
TEST_78584,notAB
TEST_78588,notAB
TEST_78592,notAB
TEST_78598,notAB
TEST_78606,notAB
TEST_78609,notAB
TEST_78623,notAB
TEST_78631,notAB
TEST_78632,notAB
TEST_78643,notAB
TEST_78661,notAB
TEST_78665,notAB
TEST_78668,notAB
TEST_78672,notAB
TEST_78677,notAB
TEST_78682,notAB
TEST_78685,notAB
TEST_78691,notAB
TEST_78704,notAB
TEST_78710,notAB
TEST_78723,notAB
TEST_78727,notAB
TEST_78734,notAB
TEST_78735,notAB
TEST_78739,notAB
TEST_78740,notAB
TEST_78742,notAB
TEST_78743,notAB
TEST_78750,notAB
TEST_78752,notAB
TEST_78754,notAB
TEST_78756,notAB
TEST_78759,notAB
TEST_78769,notAB
TEST_78772,notAB
TEST_78782,notAB
TEST_78784,notAB
TEST_78788,notAB
TEST_78796,notAB
TEST_78799,notAB
TEST_78806,notAB
TEST_78808,notAB
TEST_78816,notAB
TEST_78817,notAB
TEST_78819,notAB
TEST_78824,notAB
TEST_78830,notAB
TEST_78836,notAB
TEST_78840,notAB
TEST_78875,notAB
TEST_78902,notAB
TEST_78927,notAB
TEST_78935,notAB
TEST_78937,notAB
TEST_78942,notAB
TEST_78948,notAB
TEST_78950,notAB
TEST_78954,notAB
TEST_78956,notAB
TEST_78999,notAB
TEST_79009,notAB
TEST_79012,notAB
TEST_79013,notAB
TEST_79016,notAB
TEST_79028,notAB
TEST_79034,notAB
TEST_79064,notAB
TEST_79065,notAB
TEST_79067,notAB
TEST_79069,notAB
TEST_79071,notAB
TEST_79072,notAB
TEST_79093,notAB
TEST_79099,notAB
TEST_79105,notAB
TEST_79114,notAB
TEST_79124,notAB
TEST_79134,notAB
TEST_79141,notAB
TEST_79153,notAB
TEST_79156,notAB
TEST_79168,notAB
TEST_79174,notAB
TEST_79176,notAB
TEST_79184,notAB
TEST_79189,notAB
TEST_79191,notAB
TEST_79198,notAB
TEST_79206,notAB
TEST_79213,notAB
TEST_79239,notAB
TEST_79251,notAB
TEST_79256,notAB
TEST_79282,notAB
TEST_79283,notAB
TEST_79284,notAB
TEST_79293,notAB
TEST_79295,notAB
TEST_79301,notAB
TEST_79304,notAB
TEST_79305,notAB
TEST_79312,notAB
TEST_79315,notAB
TEST_79337,notAB
TEST_79352,notAB
TEST_79365,notAB
TEST_79377,notAB
TEST_79382,notAB
TEST_79385,notAB
TEST_79391,notAB
TEST_79393,notAB
TEST_79398,notAB
TEST_79401,notAB
TEST_79402,notAB
TEST_79407,notAB
TEST_79415,notAB
TEST_79418,notAB
TEST_79421,notAB
TEST_79427,notAB
TEST_79449,notAB
TEST_79456,notAB
TEST_79461,notAB
TEST_79463,notAB
TEST_79467,notAB
TEST_79475,notAB
TEST_79481,notAB
TEST_79482,notAB
TEST_79485,notAB
TEST_79486,notAB
TEST_79487,notAB
TEST_79488,notAB
TEST_79496,notAB
TEST_79503,notAB
TEST_79506,notAB
TEST_79512,notAB
TEST_79514,notAB
TEST_79515,notAB
TEST_79519,notAB
TEST_79531,notAB
TEST_79532,notAB
TEST_79540,notAB
TEST_79544,notAB
TEST_79548,notAB
TEST_79552,notAB
TEST_79558,notAB
TEST_79563,notAB
TEST_79578,notAB
TEST_79585,notAB
TEST_79592,notAB
TEST_79601,notAB
TEST_79604,notAB
TEST_79611,notAB
TEST_79613,notAB
TEST_79617,notAB
TEST_79627,notAB
TEST_79628,notAB
TEST_79644,notAB
TEST_79645,notAB
TEST_79648,notAB
TEST_79662,notAB
TEST_79668,notAB
TEST_79685,notAB
TEST_79691,notAB
TEST_79692,notAB
TEST_79693,notAB
TEST_79707,notAB
TEST_79711,notAB
TEST_79713,notAB
TEST_79730,notAB
TEST_79742,notAB
TEST_79743,notAB
TEST_79746,notAB
TEST_79749,notAB
TEST_79750,notAB
TEST_79752,notAB
TEST_79754,notAB
TEST_79766,notAB
TEST_79775,notAB
TEST_79776,notAB
TEST_79789,notAB
TEST_79795,notAB
TEST_79806,notAB
TEST_79808,notAB
TEST_79816,notAB
TEST_79824,notAB
TEST_79836,notAB
TEST_79838,notAB
TEST_79839,notAB
TEST_79847,notAB
TEST_79851,notAB
TEST_79864,notAB
TEST_79877,notAB
TEST_79878,notAB
TEST_79890,notAB
TEST_79911,notAB
TEST_79930,notAB
TEST_79932,notAB
TEST_79947,notAB
TEST_79951,notAB
TEST_79956,notAB
TEST_79958,notAB
TEST_79961,notAB
TEST_79975,notAB
TEST_79983,notAB
TEST_79988,notAB
TEST_79992,notAB
TEST_79993,notAB
TEST_79996,notAB
TEST_79997,notAB
TEST_80000,notAB
TEST_80006,notAB
TEST_80024,notAB
TEST_80026,notAB
TEST_80032,notAB
TEST_80051,notAB
TEST_80061,notAB
TEST_80065,notAB
TEST_80067,notAB
TEST_80068,notAB
TEST_80075,notAB
TEST_80078,notAB
TEST_80082,notAB
TEST_80083,notAB
TEST_80094,notAB
TEST_80102,notAB
TEST_80109,notAB
TEST_80114,notAB
TEST_80120,notAB
TEST_80121,notAB
TEST_80132,notAB
TEST_80139,notAB
TEST_80146,notAB
TEST_80150,notAB
TEST_80154,notAB
TEST_80163,notAB
TEST_80169,notAB
TEST_80178,notAB
TEST_80179,notAB
TEST_80185,notAB
TEST_80206,notAB
TEST_80212,notAB
TEST_80217,notAB
TEST_80221,notAB
TEST_80225,notAB
TEST_80231,notAB
TEST_80236,notAB
TEST_80242,notAB
TEST_80245,notAB
TEST_80257,notAB
TEST_80260,notAB
TEST_80263,notAB
TEST_80266,notAB
TEST_80270,notAB
TEST_80274,notAB
TEST_80275,notAB
TEST_80276,notAB
TEST_80277,notAB
TEST_80278,notAB
TEST_80279,notAB
TEST_80281,notAB
TEST_80288,notAB
TEST_80292,notAB
TEST_80296,notAB
TEST_80297,notAB
TEST_80312,notAB
TEST_80319,notAB
TEST_80326,notAB
TEST_80328,notAB
TEST_80341,notAB
TEST_80347,notAB
TEST_80356,notAB
TEST_80369,notAB
TEST_80377,notAB
TEST_80390,notAB
TEST_80392,notAB
TEST_80395,notAB
TEST_80400,notAB
TEST_80406,notAB
TEST_80409,notAB
TEST_80414,notAB
TEST_80415,notAB
TEST_80421,notAB
TEST_80428,notAB
TEST_80430,notAB
TEST_80438,notAB
TEST_80444,notAB
TEST_80447,notAB
TEST_80450,notAB
TEST_80451,notAB
TEST_80463,notAB
TEST_80475,notAB
TEST_80477,notAB
TEST_80485,notAB
TEST_80487,notAB
TEST_80488,notAB
TEST_80490,notAB
TEST_80498,notAB
TEST_80509,notAB
TEST_80512,notAB
TEST_80514,notAB
TEST_80518,notAB
TEST_80527,notAB
TEST_80528,notAB
TEST_80529,notAB
TEST_80539,notAB
TEST_80542,notAB
TEST_80553,notAB
TEST_80572,notAB
TEST_80578,notAB
TEST_80595,notAB
TEST_80601,notAB
TEST_80606,notAB
TEST_80615,notAB
TEST_80624,notAB
TEST_80642,notAB
TEST_80648,notAB
TEST_80651,notAB
TEST_80652,notAB
TEST_80653,notAB
TEST_80662,notAB
TEST_80670,notAB
TEST_80673,notAB
TEST_80676,notAB
TEST_80690,notAB
TEST_80709,notAB
TEST_80713,notAB
TEST_80714,notAB
TEST_80717,notAB
TEST_80725,notAB
TEST_80733,notAB
TEST_80740,notAB
TEST_80742,notAB
TEST_80743,notAB
TEST_80749,notAB
TEST_80757,notAB
TEST_80758,notAB
TEST_80769,notAB
TEST_80772,notAB
TEST_80782,notAB
TEST_80798,notAB
TEST_80800,notAB
TEST_80816,notAB
TEST_80817,notAB
TEST_80820,notAB
TEST_80824,notAB
TEST_80825,notAB
TEST_80832,notAB
TEST_80844,notAB
TEST_80846,notAB
TEST_80848,notAB
TEST_80849,notAB
TEST_80850,notAB
TEST_80854,notAB
TEST_80856,notAB
TEST_80868,notAB
TEST_80873,notAB
TEST_80883,notAB
TEST_80891,notAB
TEST_80897,notAB
TEST_80899,notAB
TEST_80903,notAB
TEST_80904,notAB
TEST_80915,notAB
TEST_80919,notAB
TEST_80926,notAB
TEST_80931,notAB
TEST_80936,notAB
TEST_80939,notAB
TEST_80942,notAB
TEST_80947,notAB
TEST_80951,notAB
TEST_80953,notAB
TEST_80955,notAB
TEST_80957,notAB
TEST_80958,notAB
TEST_80963,notAB
TEST_80970,notAB
TEST_80982,notAB
TEST_80983,notAB
TEST_80985,notAB
TEST_80998,notAB
TEST_81008,notAB
TEST_81013,notAB
TEST_81014,notAB
TEST_81018,notAB
TEST_81019,notAB
TEST_81024,notAB
TEST_81028,notAB
TEST_81029,notAB
TEST_81033,notAB
TEST_81037,notAB
TEST_81038,notAB
TEST_81042,notAB
TEST_81050,notAB
TEST_81055,notAB
TEST_81056,notAB
TEST_81058,notAB
TEST_81060,notAB
TEST_81066,notAB
TEST_81068,notAB
TEST_81081,notAB
TEST_81083,notAB
TEST_81092,notAB
TEST_81097,notAB
TEST_81098,notAB
TEST_81101,notAB
TEST_81109,notAB
TEST_81114,notAB
TEST_81116,notAB
TEST_81123,notAB
TEST_81124,notAB
TEST_81132,notAB
TEST_81134,notAB
TEST_81143,notAB
TEST_81151,notAB
TEST_81159,notAB
TEST_81164,notAB
TEST_81173,notAB
TEST_81191,notAB
TEST_81195,notAB
TEST_81196,notAB
TEST_81203,notAB
TEST_81206,notAB
TEST_81208,notAB
TEST_81210,notAB
TEST_81213,notAB
TEST_81216,notAB
TEST_81258,notAB
TEST_81262,notAB
TEST_81265,notAB
TEST_81270,notAB
TEST_81273,notAB
TEST_81282,notAB
TEST_81284,notAB
TEST_81285,notAB
TEST_81298,notAB
TEST_81304,notAB
TEST_81305,notAB
TEST_81315,notAB
TEST_81321,notAB
TEST_81322,notAB
TEST_81339,notAB
TEST_81342,notAB
TEST_81357,notAB
TEST_81367,notAB
TEST_81374,notAB
TEST_81388,notAB
TEST_81398,notAB
TEST_81412,notAB
TEST_81415,notAB
TEST_81420,notAB
TEST_81422,notAB
TEST_81424,notAB
TEST_81436,notAB
TEST_81452,notAB
TEST_81464,notAB
TEST_81482,notAB
TEST_81493,notAB
TEST_81509,notAB
TEST_81512,notAB
TEST_81520,notAB
TEST_81524,notAB
TEST_81529,notAB
TEST_81532,notAB
TEST_81536,notAB
TEST_81537,notAB
TEST_81548,notAB
TEST_81549,notAB
TEST_81556,notAB
TEST_81561,notAB
TEST_81574,notAB
TEST_81576,notAB
TEST_81585,notAB
TEST_81589,notAB
TEST_81598,notAB
TEST_81610,notAB
TEST_81611,notAB
TEST_81617,notAB
TEST_81631,notAB
TEST_81636,notAB
TEST_81638,notAB
TEST_81640,notAB
TEST_81644,notAB
TEST_81647,notAB
TEST_81649,notAB
TEST_81658,notAB
TEST_81659,notAB
TEST_81662,notAB
TEST_81663,notAB
TEST_81672,notAB
TEST_81677,notAB
TEST_81679,notAB
TEST_81692,notAB
TEST_81696,notAB
TEST_81705,notAB
TEST_81710,notAB
TEST_81711,notAB
TEST_81712,notAB
TEST_81715,notAB
TEST_81717,notAB
TEST_81721,notAB
TEST_81723,notAB
TEST_81726,notAB
TEST_81743,notAB
TEST_81763,notAB
TEST_81764,notAB
TEST_81766,notAB
TEST_81772,notAB
TEST_81774,notAB
TEST_81778,notAB
TEST_81779,notAB
TEST_81784,notAB
TEST_81785,notAB
TEST_81791,notAB
TEST_81793,notAB
TEST_81796,notAB
TEST_81797,notAB
TEST_81799,notAB
TEST_81800,notAB
TEST_81801,notAB
TEST_81805,notAB
TEST_81806,notAB
TEST_81807,notAB
TEST_81810,notAB
TEST_81811,notAB
TEST_81812,notAB
TEST_81813,notAB
TEST_81817,notAB
TEST_81820,notAB
TEST_81829,notAB
TEST_81831,notAB
TEST_81833,notAB
TEST_81834,notAB
TEST_81843,notAB
TEST_81849,notAB
TEST_81856,notAB
TEST_81858,notAB
TEST_81864,notAB
TEST_81867,notAB
TEST_81868,notAB
TEST_81871,notAB
TEST_81876,notAB
TEST_81879,notAB
TEST_81884,notAB
TEST_81899,notAB
TEST_81900,notAB
TEST_81904,notAB
TEST_81916,notAB
TEST_81921,notAB
TEST_81923,notAB
TEST_81927,notAB
TEST_81933,notAB
TEST_81937,notAB
TEST_81940,notAB
TEST_81946,notAB
TEST_81958,notAB
TEST_81964,notAB
TEST_81966,notAB
TEST_81971,notAB
TEST_81988,notAB
TEST_81991,notAB
TEST_81993,notAB
TEST_81994,notAB
TEST_82001,notAB
TEST_82015,notAB
TEST_82019,notAB
TEST_82020,notAB
TEST_82025,notAB
TEST_82037,notAB
TEST_82047,notAB
TEST_82048,notAB
TEST_82050,notAB
TEST_82055,notAB
TEST_82069,notAB
TEST_82076,notAB
TEST_82080,notAB
TEST_82083,notAB
TEST_82090,notAB
TEST_82091,notAB
TEST_82104,notAB
TEST_82107,notAB
TEST_82114,notAB
TEST_82119,notAB
TEST_82121,notAB
TEST_82136,notAB
TEST_82142,notAB
TEST_82147,notAB
TEST_82150,notAB
TEST_82152,notAB
TEST_82153,notAB
TEST_82156,notAB
TEST_82158,notAB
TEST_82161,notAB
TEST_82162,notAB
TEST_82172,notAB
TEST_82173,notAB
TEST_82178,notAB
TEST_82187,notAB
TEST_82190,notAB
TEST_82201,notAB
TEST_82202,notAB
TEST_82203,notAB
TEST_82211,notAB
TEST_82220,notAB
TEST_82235,notAB
TEST_82237,notAB
TEST_82246,notAB
TEST_82248,notAB
TEST_82260,notAB
TEST_82265,notAB
TEST_82273,notAB
TEST_82275,notAB
TEST_82277,notAB
TEST_82290,notAB
TEST_82312,notAB
TEST_82313,notAB
TEST_82317,notAB
TEST_82321,notAB
TEST_82323,notAB
TEST_82328,notAB
TEST_82333,notAB
TEST_82335,notAB
TEST_82337,notAB
TEST_82340,notAB
TEST_82342,notAB
TEST_82351,notAB
TEST_82357,notAB
TEST_82359,notAB
TEST_82362,notAB
TEST_82375,notAB
TEST_82376,notAB
TEST_82393,notAB
TEST_82402,notAB
TEST_82403,notAB
TEST_82420,notAB
TEST_82421,notAB
TEST_82422,notAB
TEST_82431,notAB
TEST_82439,notAB
TEST_82442,notAB
TEST_82444,notAB
TEST_82451,notAB
TEST_82455,notAB
TEST_82460,notAB
TEST_82465,notAB
TEST_82466,notAB
TEST_82469,notAB
TEST_82470,notAB
TEST_82475,notAB
TEST_82483,notAB
TEST_82486,notAB
TEST_82487,notAB
TEST_82497,notAB
TEST_82498,notAB
TEST_82506,notAB
TEST_82518,notAB
TEST_82521,notAB
TEST_82522,notAB
TEST_82524,notAB
TEST_82528,notAB
TEST_82534,notAB
TEST_82538,notAB
TEST_82542,notAB
TEST_82548,notAB
TEST_82560,notAB
TEST_82561,notAB
TEST_82563,notAB
TEST_82571,notAB
TEST_82575,notAB
TEST_82576,notAB
TEST_82577,notAB
TEST_82578,notAB
TEST_82584,notAB
TEST_82591,notAB
TEST_82610,notAB
TEST_82615,notAB
TEST_82617,notAB
TEST_82625,notAB
TEST_82644,notAB
TEST_82645,notAB
TEST_82661,notAB
TEST_82668,notAB
TEST_82673,notAB
TEST_82674,notAB
TEST_82675,notAB
TEST_82677,notAB
TEST_82686,notAB
TEST_82695,notAB
TEST_82698,notAB
TEST_82704,notAB
TEST_82713,notAB
TEST_82721,notAB
TEST_82725,notAB
TEST_82734,notAB
TEST_82744,notAB
TEST_82765,notAB
TEST_82767,notAB
TEST_82770,notAB
TEST_82776,notAB
TEST_82778,notAB
TEST_82791,notAB
TEST_82793,notAB
TEST_82798,notAB
TEST_82803,notAB
TEST_82806,notAB
TEST_82814,notAB
TEST_82817,notAB
TEST_82819,notAB
TEST_82836,notAB
TEST_82837,notAB
TEST_82838,notAB
TEST_82850,notAB
TEST_82851,notAB
TEST_82855,notAB
TEST_82858,notAB
TEST_82866,notAB
TEST_82867,notAB
TEST_82877,notAB
TEST_82880,notAB
TEST_82883,notAB
TEST_82903,notAB
TEST_82925,notAB
TEST_82942,notAB
TEST_82943,notAB
TEST_82957,notAB
TEST_82968,notAB
TEST_82973,notAB
TEST_82990,notAB
TEST_82993,notAB
TEST_82994,notAB
TEST_82999,notAB
TEST_83001,notAB
TEST_83004,notAB
TEST_83010,notAB
TEST_83014,notAB
TEST_83019,notAB
TEST_83034,notAB
TEST_83043,notAB
TEST_83045,notAB
TEST_83059,notAB
TEST_83061,notAB
TEST_83066,notAB
TEST_83067,notAB
TEST_83082,notAB
TEST_83085,notAB
TEST_83086,notAB
TEST_83097,notAB
TEST_83111,notAB
TEST_83116,notAB
TEST_83117,notAB
TEST_83119,notAB
TEST_83123,notAB
TEST_83128,notAB
TEST_83131,notAB
TEST_83132,notAB
TEST_83149,notAB
TEST_83151,notAB
TEST_83154,notAB
TEST_83155,notAB
TEST_83156,notAB
TEST_83160,notAB
TEST_83161,notAB
TEST_83167,notAB
TEST_83174,notAB
TEST_83176,notAB
TEST_83177,notAB
TEST_83185,notAB
TEST_83190,notAB
TEST_83192,notAB
TEST_83202,notAB
TEST_83207,notAB
TEST_83213,notAB
TEST_83219,notAB
TEST_83220,notAB
TEST_83226,notAB
TEST_83227,notAB
TEST_83235,notAB
TEST_83236,notAB
TEST_83238,notAB
TEST_83239,notAB
TEST_83242,notAB
TEST_83243,notAB
TEST_83254,notAB
TEST_83256,notAB
TEST_83260,notAB
TEST_83261,notAB
TEST_83264,notAB
TEST_83267,notAB
TEST_83271,notAB
TEST_83272,notAB
TEST_83277,notAB
TEST_83284,notAB
TEST_83300,notAB
TEST_83308,notAB
TEST_83309,notAB
TEST_83313,notAB
TEST_83319,notAB
TEST_83324,notAB
TEST_83327,notAB
TEST_83328,notAB
TEST_83332,notAB
TEST_83340,notAB
TEST_83342,notAB
TEST_83343,notAB
TEST_83346,notAB
TEST_83356,notAB
TEST_83359,notAB
TEST_83362,notAB
TEST_83363,notAB
TEST_83371,notAB
TEST_83372,notAB
TEST_83373,notAB
TEST_83376,notAB
TEST_83378,notAB
TEST_83379,notAB
TEST_83381,notAB
TEST_83387,notAB
TEST_83391,notAB
TEST_83398,notAB
TEST_83402,notAB
TEST_83405,notAB
TEST_83428,notAB
TEST_83430,notAB
TEST_83435,notAB
TEST_83440,notAB
TEST_83443,notAB
TEST_83470,notAB
TEST_83484,notAB
TEST_83486,notAB
TEST_83489,notAB
TEST_83490,notAB
TEST_83497,notAB
TEST_83505,notAB
TEST_83506,notAB
TEST_83513,notAB
TEST_83514,notAB
TEST_83524,notAB
TEST_83538,notAB
TEST_83543,notAB
TEST_83546,notAB
TEST_83548,notAB
TEST_83549,notAB
TEST_83552,notAB
TEST_83555,notAB
TEST_83563,notAB
TEST_83566,notAB
TEST_83567,notAB
TEST_83568,notAB
TEST_83569,notAB
TEST_83572,notAB
TEST_83587,notAB
TEST_83603,notAB
TEST_83605,notAB
TEST_83607,notAB
TEST_83608,notAB
TEST_83614,notAB
TEST_83618,notAB
TEST_83629,notAB
TEST_83641,notAB
TEST_83644,notAB
TEST_83655,notAB
TEST_83657,notAB
TEST_83672,notAB
TEST_83673,notAB
TEST_83674,notAB
TEST_83676,notAB
TEST_83678,notAB
TEST_83688,notAB
TEST_83690,notAB
TEST_83693,notAB
TEST_83706,notAB
TEST_83717,notAB
TEST_83718,notAB
TEST_83727,notAB
TEST_83730,notAB
TEST_83735,notAB
TEST_83740,notAB
TEST_83744,notAB
TEST_83755,notAB
TEST_83757,notAB
TEST_83761,notAB
TEST_83763,notAB
TEST_83771,notAB
TEST_83778,notAB
TEST_83792,notAB
TEST_83805,notAB
TEST_83807,notAB
TEST_83808,notAB
TEST_83812,notAB
TEST_83813,notAB
TEST_83815,notAB
TEST_83819,notAB
TEST_83821,notAB
TEST_83826,notAB
TEST_83830,notAB
TEST_83835,notAB
TEST_83842,notAB
TEST_83847,notAB
TEST_83850,notAB
TEST_83852,notAB
TEST_83857,notAB
TEST_83865,notAB
TEST_83868,notAB
TEST_83869,notAB
TEST_83872,notAB
TEST_83873,notAB
TEST_83888,notAB
TEST_83890,notAB
TEST_83897,notAB
TEST_83901,notAB
TEST_83906,notAB
TEST_83912,notAB
TEST_83917,notAB
TEST_83920,notAB
TEST_83929,notAB
TEST_83933,notAB
TEST_83934,notAB
TEST_83935,notAB
TEST_83949,notAB
TEST_83952,notAB
TEST_83958,notAB
TEST_83959,notAB
TEST_83972,notAB
TEST_83974,notAB
TEST_83977,notAB
TEST_84001,notAB
TEST_84009,notAB
TEST_84012,notAB
TEST_84030,notAB
TEST_84038,notAB
TEST_84041,notAB
TEST_84046,notAB
TEST_84049,notAB
TEST_84050,notAB
TEST_84058,notAB
TEST_84069,notAB
TEST_84072,notAB
TEST_84073,notAB
TEST_84074,notAB
TEST_84076,notAB
TEST_84082,notAB
TEST_84099,notAB
TEST_84100,notAB
TEST_84102,notAB
TEST_84110,notAB
TEST_84120,notAB
TEST_84129,notAB
TEST_84145,notAB
TEST_84159,notAB
TEST_84165,notAB
TEST_84172,notAB
TEST_84173,notAB
TEST_84175,notAB
TEST_84182,notAB
TEST_84185,notAB
TEST_84220,notAB
TEST_84222,notAB
TEST_84225,notAB
TEST_84241,notAB
TEST_84244,notAB
TEST_84250,notAB
TEST_84252,notAB
TEST_84253,notAB
TEST_84256,notAB
TEST_84261,notAB
TEST_84265,notAB
TEST_84266,notAB
TEST_84268,notAB
TEST_84271,notAB
TEST_84272,notAB
TEST_84280,notAB
TEST_84288,notAB
TEST_84292,notAB
TEST_84294,notAB
TEST_84317,notAB
TEST_84319,notAB
TEST_84330,notAB
TEST_84333,notAB
TEST_84334,notAB
TEST_84344,notAB
TEST_84374,notAB
TEST_84375,notAB
TEST_84384,notAB
TEST_84392,notAB
TEST_84395,notAB
TEST_84401,notAB
TEST_84427,notAB
TEST_84432,notAB
TEST_84438,notAB
TEST_84440,notAB
TEST_84442,notAB
TEST_84453,notAB
TEST_84458,notAB
TEST_84459,notAB
TEST_84462,notAB
TEST_84477,notAB
TEST_84478,notAB
TEST_84479,notAB
TEST_84482,notAB
TEST_84495,notAB
TEST_84501,notAB
TEST_84505,notAB
TEST_84506,notAB
TEST_84513,notAB
TEST_84514,notAB
TEST_84515,notAB
TEST_84516,notAB
TEST_84517,notAB
TEST_84530,notAB
TEST_84531,notAB
TEST_84532,notAB
TEST_84543,notAB
TEST_84547,notAB
TEST_84549,notAB
TEST_84557,notAB
TEST_84563,notAB
TEST_84570,notAB
TEST_84582,notAB
TEST_84598,notAB
TEST_84601,notAB
TEST_84609,notAB
TEST_84617,notAB
TEST_84622,notAB
TEST_84624,notAB
TEST_84648,notAB
TEST_84652,notAB
TEST_84657,notAB
TEST_84664,notAB
TEST_84680,notAB
TEST_84684,notAB
TEST_84689,notAB
TEST_84692,notAB
TEST_84694,notAB
TEST_84700,notAB
TEST_84709,notAB
TEST_84712,notAB
TEST_84722,notAB
TEST_84748,notAB
TEST_84752,notAB
TEST_84755,notAB
TEST_84761,notAB
TEST_84785,notAB
TEST_84790,notAB
TEST_84792,notAB
TEST_84797,notAB
TEST_84799,notAB
TEST_84804,notAB
TEST_84807,notAB
TEST_84808,notAB
TEST_84810,notAB
TEST_84812,notAB
TEST_84841,notAB
TEST_84849,notAB
TEST_84860,notAB
TEST_84861,notAB
TEST_84865,notAB
TEST_84866,notAB
TEST_84867,notAB
TEST_84879,notAB
TEST_84894,notAB
TEST_84899,notAB
TEST_84901,notAB
TEST_84904,notAB
TEST_84908,notAB
TEST_84913,notAB
TEST_84935,notAB
TEST_84962,notAB
TEST_84971,notAB
TEST_84974,notAB
TEST_84978,notAB
TEST_84979,notAB
TEST_84984,notAB
TEST_84993,notAB
TEST_85001,notAB
TEST_85003,notAB
TEST_85008,notAB
TEST_85017,notAB
TEST_85019,notAB
TEST_85020,notAB
TEST_85022,notAB
TEST_85027,notAB
TEST_85028,notAB
TEST_85052,notAB
TEST_85054,notAB
TEST_85055,notAB
TEST_85056,notAB
TEST_85057,notAB
TEST_85060,notAB
TEST_85071,notAB
TEST_85078,notAB
TEST_85084,notAB
TEST_85089,notAB
TEST_85092,notAB
TEST_85096,notAB
TEST_85098,notAB
TEST_85102,notAB
TEST_85107,notAB
TEST_85113,notAB
TEST_85119,notAB
TEST_85121,notAB
TEST_85124,notAB
TEST_85126,notAB
TEST_85132,notAB
TEST_85145,notAB
TEST_85149,notAB
TEST_85150,notAB
TEST_85153,notAB
TEST_85157,notAB
TEST_85162,notAB
TEST_85170,notAB
TEST_85171,notAB
TEST_85176,notAB
TEST_85180,notAB
TEST_85193,notAB
TEST_85194,notAB
TEST_85203,notAB
TEST_85224,notAB
TEST_85235,notAB
TEST_85241,notAB
TEST_85244,notAB
TEST_85253,notAB
TEST_85258,notAB
TEST_85272,notAB
TEST_85278,notAB
TEST_85283,notAB
TEST_85298,notAB
TEST_85302,notAB
TEST_85305,notAB
TEST_85307,notAB
TEST_85312,notAB
TEST_85313,notAB
TEST_85322,notAB
TEST_85324,notAB
TEST_85325,notAB
TEST_85332,notAB
TEST_85335,notAB
TEST_85337,notAB
TEST_85339,notAB
TEST_85349,notAB
TEST_85368,notAB
TEST_85380,notAB
TEST_85385,notAB
TEST_85386,notAB
TEST_85396,notAB
TEST_85397,notAB
TEST_85402,notAB
TEST_85407,notAB
TEST_85415,notAB
TEST_85417,notAB
TEST_85419,notAB
TEST_85431,notAB
TEST_85437,notAB
TEST_85440,notAB
TEST_85449,notAB
TEST_85470,notAB
TEST_85490,notAB
TEST_85491,notAB
TEST_85492,notAB
TEST_85497,notAB
TEST_85498,notAB
TEST_85500,notAB
TEST_85503,notAB
TEST_85530,notAB
TEST_85533,notAB
TEST_85537,notAB
TEST_85546,notAB
TEST_85549,notAB
TEST_85556,notAB
TEST_85560,notAB
TEST_85567,notAB
TEST_85569,notAB
TEST_85571,notAB
TEST_85577,notAB
TEST_85581,notAB
TEST_85594,notAB
TEST_85597,notAB
TEST_85603,notAB
TEST_85615,notAB
TEST_85616,notAB
TEST_85618,notAB
TEST_85626,notAB
TEST_85628,notAB
TEST_85632,notAB
TEST_85636,notAB
TEST_85638,notAB
TEST_85644,notAB
TEST_85647,notAB
TEST_85650,notAB
TEST_85681,notAB
TEST_85686,notAB
TEST_85697,notAB
TEST_85714,notAB
TEST_85718,notAB
TEST_85729,notAB
TEST_85741,notAB
TEST_85745,notAB
TEST_85746,notAB
TEST_85751,notAB
TEST_85772,notAB
TEST_85777,notAB
TEST_85779,notAB
TEST_85781,notAB
TEST_85783,notAB
TEST_85787,notAB
TEST_85798,notAB
TEST_85800,notAB
TEST_85806,notAB
TEST_85809,notAB
TEST_85813,notAB
TEST_85814,notAB
TEST_85820,notAB
TEST_85825,notAB
TEST_85831,notAB
TEST_85842,notAB
TEST_85843,notAB
TEST_85856,notAB
TEST_85869,notAB
TEST_85875,notAB
TEST_85878,notAB
TEST_85883,notAB
TEST_85886,notAB
TEST_85889,notAB
TEST_85901,notAB
TEST_85902,notAB
TEST_85907,notAB
TEST_85928,notAB
TEST_85932,notAB
TEST_85935,notAB
TEST_85937,notAB
TEST_85939,notAB
TEST_85941,notAB
TEST_85942,notAB
TEST_85966,notAB
TEST_85974,notAB
TEST_85977,notAB
TEST_85978,notAB
TEST_85990,notAB
TEST_86006,notAB
TEST_86008,notAB
TEST_86009,notAB
TEST_86015,notAB
TEST_86018,notAB
TEST_86022,notAB
TEST_86024,notAB
TEST_86044,notAB
TEST_86046,notAB
TEST_86047,notAB
TEST_86051,notAB
TEST_86064,notAB
TEST_86066,notAB
TEST_86068,notAB
TEST_86074,notAB
TEST_86081,notAB
TEST_86089,notAB
TEST_86091,notAB
TEST_86100,notAB
TEST_86101,notAB
TEST_86103,notAB
TEST_86106,notAB
TEST_86122,notAB
TEST_86128,notAB
TEST_86147,notAB
TEST_86151,notAB
TEST_86154,notAB
TEST_86167,notAB
TEST_86174,notAB
TEST_86175,notAB
TEST_86178,notAB
TEST_86188,notAB
TEST_86198,notAB
TEST_86199,notAB
TEST_86218,notAB
TEST_86244,notAB
TEST_86246,notAB
TEST_86251,notAB
TEST_86259,notAB
TEST_86264,notAB
TEST_86269,notAB
TEST_86270,notAB
TEST_86286,notAB
TEST_86293,notAB
TEST_86304,notAB
TEST_86305,notAB
TEST_86306,notAB
TEST_86310,notAB
TEST_86313,notAB
TEST_86315,notAB
TEST_86319,notAB
TEST_86328,notAB
TEST_86331,notAB
TEST_86335,notAB
TEST_86344,notAB
TEST_86350,notAB
TEST_86355,notAB
TEST_86357,notAB
TEST_86363,notAB
TEST_86365,notAB
TEST_86372,notAB
TEST_86373,notAB
TEST_86380,notAB
TEST_86382,notAB
TEST_86394,notAB
TEST_86395,notAB
TEST_86397,notAB
TEST_86402,notAB
TEST_86407,notAB
TEST_86421,notAB
TEST_86431,notAB
TEST_86435,notAB
TEST_86437,notAB
TEST_86445,notAB
TEST_86476,notAB
TEST_86489,notAB
TEST_86497,notAB
TEST_86508,notAB
TEST_86532,notAB
TEST_86534,notAB
TEST_86541,notAB
TEST_86557,notAB
TEST_86566,notAB
TEST_86575,notAB
TEST_86576,notAB
TEST_86577,notAB
TEST_86579,notAB
TEST_86580,notAB
TEST_86586,notAB
TEST_86590,notAB
TEST_86600,notAB
TEST_86605,notAB
TEST_86620,notAB
TEST_86624,notAB
TEST_86625,notAB
TEST_86644,notAB
TEST_86650,notAB
TEST_86662,notAB
TEST_86664,notAB
TEST_86666,notAB
TEST_86670,notAB
TEST_86673,notAB
TEST_86687,notAB
TEST_86688,notAB
TEST_86693,notAB
TEST_86705,notAB
TEST_86707,notAB
TEST_86709,notAB
TEST_86715,notAB
TEST_86716,notAB
TEST_86721,notAB
TEST_86724,notAB
TEST_86735,notAB
TEST_86736,notAB
TEST_86749,notAB
TEST_86752,notAB
TEST_86756,notAB
TEST_86763,notAB
TEST_86765,notAB
TEST_86786,notAB
TEST_86798,notAB
TEST_86817,notAB
TEST_86826,notAB
TEST_86838,notAB
TEST_86841,notAB
TEST_86855,notAB
TEST_86856,notAB
TEST_86860,notAB
TEST_86863,notAB
TEST_86881,notAB
TEST_86885,notAB
TEST_86890,notAB
TEST_86906,notAB
TEST_86913,notAB
TEST_86914,notAB
TEST_86915,notAB
TEST_86924,notAB
TEST_86932,notAB
TEST_86933,notAB
TEST_86944,notAB
TEST_86952,notAB
TEST_86953,notAB
TEST_86955,notAB
TEST_86956,notAB
TEST_86967,notAB
TEST_86975,notAB
TEST_86982,notAB
TEST_86991,notAB
TEST_86993,notAB
TEST_86998,notAB
TEST_86999,notAB
TEST_87006,notAB
TEST_87010,notAB
TEST_87012,notAB
TEST_87020,notAB
TEST_87029,notAB
TEST_87030,notAB
TEST_87037,notAB
TEST_87049,notAB
TEST_87057,notAB
TEST_87060,notAB
TEST_87067,notAB
TEST_87087,notAB
TEST_87089,notAB
TEST_87096,notAB
TEST_87105,notAB
TEST_87106,notAB
TEST_87107,notAB
TEST_87113,notAB
TEST_87116,notAB
TEST_87124,notAB
TEST_87141,notAB
TEST_87142,notAB
TEST_87155,notAB
TEST_87165,notAB
TEST_87171,notAB
TEST_87200,notAB
TEST_87201,notAB
TEST_87212,notAB
TEST_87213,notAB
TEST_87230,notAB
TEST_87235,notAB
TEST_87237,notAB
TEST_87241,notAB
TEST_87249,notAB
TEST_87250,notAB
TEST_87257,notAB
TEST_87266,notAB
TEST_87282,notAB
TEST_87283,notAB
TEST_87292,notAB
TEST_87296,notAB
TEST_87301,notAB
TEST_87307,notAB
TEST_87313,notAB
TEST_87317,notAB
TEST_87318,notAB
TEST_87328,notAB
TEST_87338,notAB
TEST_87345,notAB
TEST_87353,notAB
TEST_87358,notAB
TEST_87369,notAB
TEST_87384,notAB
TEST_87391,notAB
TEST_87393,notAB
TEST_87398,notAB
TEST_87404,notAB
TEST_87412,notAB
TEST_87416,notAB
TEST_87423,notAB
TEST_87443,notAB
TEST_87457,notAB
TEST_87464,notAB
TEST_87471,notAB
TEST_87472,notAB
TEST_87481,notAB
TEST_87495,notAB
TEST_87496,notAB
TEST_87500,notAB
TEST_87504,notAB
TEST_87508,notAB
TEST_87517,notAB
TEST_87521,notAB
TEST_87526,notAB
TEST_87529,notAB
TEST_87531,notAB
TEST_87536,notAB
TEST_87546,notAB
TEST_87549,notAB
TEST_87550,notAB
TEST_87553,notAB
TEST_87555,notAB
TEST_87557,notAB
TEST_87558,notAB
TEST_87563,notAB
TEST_87572,notAB
TEST_87577,notAB
TEST_87580,notAB
TEST_87591,notAB
TEST_87593,notAB
TEST_87602,notAB
TEST_87610,notAB
TEST_87613,notAB
TEST_87615,notAB
TEST_87618,notAB
TEST_87620,notAB
TEST_87622,notAB
TEST_87634,notAB
TEST_87637,notAB
TEST_87648,notAB
TEST_87654,notAB
TEST_87660,notAB
TEST_87662,notAB
TEST_87664,notAB
TEST_87667,notAB
TEST_87679,notAB
TEST_87680,notAB
TEST_87691,notAB
TEST_87695,notAB
TEST_87714,notAB
TEST_87718,notAB
TEST_87723,notAB
TEST_87729,notAB
TEST_87741,notAB
TEST_87747,notAB
TEST_87751,notAB
TEST_87752,notAB
TEST_87757,notAB
TEST_87763,notAB
TEST_87774,notAB
TEST_87780,notAB
TEST_87781,notAB
TEST_87783,notAB
TEST_87784,notAB
TEST_87793,notAB
TEST_87797,notAB
TEST_87799,notAB
TEST_87802,notAB
TEST_87806,notAB
TEST_87815,notAB
TEST_87822,notAB
TEST_87828,notAB
TEST_87833,notAB
TEST_87844,notAB
TEST_87861,notAB
TEST_87865,notAB
TEST_87872,notAB
TEST_87873,notAB
TEST_87885,notAB
TEST_87886,notAB
TEST_87897,notAB
TEST_87905,notAB
TEST_87908,notAB
TEST_87909,notAB
TEST_87917,notAB
TEST_87919,notAB
TEST_87920,notAB
TEST_87933,notAB
TEST_87938,notAB
TEST_87939,notAB
TEST_87944,notAB
TEST_87952,notAB
TEST_87958,notAB
TEST_87961,notAB
TEST_87962,notAB
TEST_87965,notAB
TEST_87966,notAB
TEST_87969,notAB
TEST_87970,notAB
TEST_87974,notAB
TEST_87977,notAB
TEST_87986,notAB
TEST_87994,notAB
TEST_88008,notAB
TEST_88012,notAB
TEST_88022,notAB
TEST_88024,notAB
TEST_88025,notAB
TEST_88038,notAB
TEST_88056,notAB
TEST_88065,notAB
TEST_88071,notAB
TEST_88077,notAB
TEST_88088,notAB
TEST_88110,notAB
TEST_88113,notAB
TEST_88117,notAB
TEST_88120,notAB
TEST_88124,notAB
TEST_88125,notAB
TEST_88126,notAB
TEST_88139,notAB
TEST_88140,notAB
TEST_88145,notAB
TEST_88153,notAB
TEST_88157,notAB
TEST_88159,notAB
TEST_88161,notAB
TEST_88176,notAB
TEST_88179,notAB
TEST_88185,notAB
TEST_88209,notAB
TEST_88214,notAB
TEST_88215,notAB
TEST_88239,notAB
TEST_88247,notAB
TEST_88249,notAB
TEST_88251,notAB
TEST_88252,notAB
TEST_88254,notAB
TEST_88256,notAB
TEST_88257,notAB
TEST_88260,notAB
TEST_88261,notAB
TEST_88269,notAB
TEST_88270,notAB
TEST_88273,notAB
TEST_88276,notAB
TEST_88278,notAB
TEST_88280,notAB
TEST_88284,notAB
TEST_88287,notAB
TEST_88290,notAB
TEST_88302,notAB
TEST_88307,notAB
TEST_88308,notAB
TEST_88313,notAB
TEST_88327,notAB
TEST_88337,notAB
TEST_88342,notAB
TEST_88354,notAB
TEST_88359,notAB
TEST_88367,notAB
TEST_88375,notAB
TEST_88382,notAB
TEST_88388,notAB
TEST_88390,notAB
TEST_88394,notAB
TEST_88398,notAB
TEST_88404,notAB
TEST_88405,notAB
TEST_88406,notAB
TEST_88412,notAB
TEST_88418,notAB
TEST_88419,notAB
TEST_88421,notAB
TEST_88422,notAB
TEST_88429,notAB
TEST_88431,notAB
TEST_88445,notAB
TEST_88446,notAB
TEST_88451,notAB
TEST_88455,notAB
TEST_88460,notAB
TEST_88469,notAB
TEST_88474,notAB
TEST_88480,notAB
TEST_88506,notAB
TEST_88520,notAB
TEST_88536,notAB
TEST_88540,notAB
TEST_88541,notAB
TEST_88558,notAB
TEST_88559,notAB
TEST_88561,notAB
TEST_88589,notAB
TEST_88590,notAB
TEST_88592,notAB
TEST_88619,notAB
TEST_88620,notAB
TEST_88622,notAB
TEST_88633,notAB
TEST_88642,notAB
TEST_88643,notAB
TEST_88646,notAB
TEST_88647,notAB
TEST_88665,notAB
TEST_88676,notAB
TEST_88683,notAB
TEST_88689,notAB
TEST_88691,notAB
TEST_88693,notAB
TEST_88699,notAB
TEST_88711,notAB
TEST_88724,notAB
TEST_88743,notAB
TEST_88746,notAB
TEST_88749,notAB
TEST_88750,notAB
TEST_88765,notAB
TEST_88767,notAB
TEST_88780,notAB
TEST_88791,notAB
TEST_88793,notAB
TEST_88794,notAB
TEST_88795,notAB
TEST_88805,notAB
TEST_88809,notAB
TEST_88811,notAB
TEST_88823,notAB
TEST_88832,notAB
TEST_88834,notAB
TEST_88838,notAB
TEST_88840,notAB
TEST_88852,notAB
TEST_88857,notAB
TEST_88864,notAB
TEST_88865,notAB
TEST_88869,notAB
TEST_88871,notAB
TEST_88872,notAB
TEST_88873,notAB
TEST_88884,notAB
TEST_88890,notAB
TEST_88892,notAB
TEST_88899,notAB
TEST_88906,notAB
TEST_88907,notAB
TEST_88918,notAB
TEST_88920,notAB
TEST_88922,notAB
TEST_88927,notAB
TEST_88930,notAB
TEST_88933,notAB
TEST_88939,notAB
TEST_88952,notAB
TEST_88953,notAB
TEST_88960,notAB
TEST_88975,notAB
TEST_88988,notAB
TEST_88991,notAB
TEST_89004,notAB
TEST_89005,notAB
TEST_89006,notAB
TEST_89010,notAB
TEST_89011,notAB
TEST_89022,notAB
TEST_89029,notAB
TEST_89044,notAB
TEST_89049,notAB
TEST_89051,notAB
TEST_89055,notAB
TEST_89060,notAB
TEST_89071,notAB
TEST_89083,notAB
TEST_89088,notAB
TEST_89089,notAB
TEST_89091,notAB
TEST_89097,notAB
TEST_89099,notAB
TEST_89120,notAB
TEST_89121,notAB
TEST_89132,notAB
TEST_89139,notAB
TEST_89143,notAB
TEST_89144,notAB
TEST_89146,notAB
TEST_89147,notAB
TEST_89148,notAB
TEST_89154,notAB
TEST_89159,notAB
TEST_89164,notAB
TEST_89168,notAB
TEST_89169,notAB
TEST_89170,notAB
TEST_89174,notAB
TEST_89175,notAB
TEST_89184,notAB
TEST_89186,notAB
TEST_89204,notAB
TEST_89208,notAB
TEST_89217,notAB
TEST_89225,notAB
TEST_89229,notAB
TEST_89231,notAB
TEST_89232,notAB
TEST_89234,notAB
TEST_89250,notAB
TEST_89256,notAB
TEST_89257,notAB
TEST_89263,notAB
TEST_89267,notAB
TEST_89268,notAB
TEST_89269,notAB
TEST_89276,notAB
TEST_89279,notAB
TEST_89281,notAB
TEST_89283,notAB
TEST_89288,notAB
TEST_89302,notAB
TEST_89308,notAB
TEST_89323,notAB
TEST_89335,notAB
TEST_89336,notAB
TEST_89339,notAB
TEST_89341,notAB
TEST_89359,notAB
TEST_89360,notAB
TEST_89365,notAB
TEST_89367,notAB
TEST_89377,notAB
TEST_89378,notAB
TEST_89384,notAB
TEST_89391,notAB
TEST_89393,notAB
TEST_89400,notAB
TEST_89407,notAB
TEST_89416,notAB
TEST_89420,notAB
TEST_89434,notAB
TEST_89443,notAB
TEST_89450,notAB
TEST_89453,notAB
TEST_89464,notAB
TEST_89469,notAB
TEST_89476,notAB
TEST_89480,notAB
TEST_89483,notAB
TEST_89486,notAB
TEST_89487,notAB
TEST_89496,notAB
TEST_89503,notAB
TEST_89506,notAB
TEST_89509,notAB
TEST_89520,notAB
TEST_89533,notAB
TEST_89535,notAB
TEST_89539,notAB
TEST_89548,notAB
TEST_89555,notAB
TEST_89558,notAB
TEST_89565,notAB
TEST_89577,notAB
TEST_89587,notAB
TEST_89594,notAB
TEST_89597,notAB
TEST_89600,notAB
TEST_89611,notAB
TEST_89619,notAB
TEST_89624,notAB
TEST_89627,notAB
TEST_89633,notAB
TEST_89636,notAB
TEST_89639,notAB
TEST_89646,notAB
TEST_89649,notAB
TEST_89653,notAB
TEST_89654,notAB
TEST_89658,notAB
TEST_89659,notAB
TEST_89675,notAB
TEST_89690,notAB
TEST_89692,notAB
TEST_89699,notAB
TEST_89701,notAB
TEST_89708,notAB
TEST_89717,notAB
TEST_89731,notAB
TEST_89737,notAB
TEST_89742,notAB
TEST_89749,notAB
TEST_89754,notAB
TEST_89755,notAB
TEST_89761,notAB
TEST_89773,notAB
TEST_89774,notAB
TEST_89780,notAB
TEST_89790,notAB
TEST_89807,notAB
TEST_89815,notAB
TEST_89834,notAB
TEST_89838,notAB
TEST_89842,notAB
TEST_89874,notAB
TEST_89880,notAB
TEST_89887,notAB
TEST_89895,notAB
TEST_89911,notAB
TEST_89914,notAB
TEST_89920,notAB
TEST_89930,notAB
TEST_89933,notAB
TEST_89938,notAB
TEST_89939,notAB
TEST_89941,notAB
TEST_89942,notAB
TEST_89946,notAB
TEST_89950,notAB
TEST_89956,notAB
TEST_89957,notAB
TEST_89958,notAB
TEST_89960,notAB
TEST_89965,notAB
TEST_89967,notAB
TEST_89978,notAB
TEST_89979,notAB
TEST_89981,notAB
TEST_89989,notAB
TEST_89997,notAB
TEST_89999,notAB
TEST_90005,notAB
TEST_90006,notAB
TEST_90017,notAB
TEST_90021,notAB
TEST_90027,notAB
TEST_90030,notAB
TEST_90036,notAB
TEST_90037,notAB
TEST_90039,notAB
TEST_90041,notAB
TEST_90042,notAB
TEST_90047,notAB
TEST_90053,notAB
TEST_90067,notAB
TEST_90090,notAB
TEST_90093,notAB
TEST_90110,notAB
TEST_90112,notAB
TEST_90128,notAB
TEST_90134,notAB
TEST_90137,notAB
TEST_90141,notAB
TEST_90154,notAB
TEST_90162,notAB
TEST_90165,notAB
TEST_90174,notAB
TEST_90175,notAB
TEST_90177,notAB
TEST_90186,notAB
TEST_90187,notAB
TEST_90209,notAB
TEST_90210,notAB
TEST_90216,notAB
TEST_90219,notAB
TEST_90222,notAB
TEST_90225,notAB
TEST_90229,notAB
TEST_90233,notAB
TEST_90244,notAB
TEST_90266,notAB
TEST_90267,notAB
TEST_90273,notAB
TEST_90274,notAB
TEST_90278,notAB
TEST_90279,notAB
TEST_90283,notAB
TEST_90284,notAB
TEST_90288,notAB
TEST_90289,notAB
TEST_90296,notAB
TEST_90302,notAB
TEST_90305,notAB
TEST_90311,notAB
TEST_90322,notAB
TEST_90333,notAB
TEST_90343,notAB
TEST_90344,notAB
TEST_90347,notAB
TEST_90364,notAB
TEST_90383,notAB
TEST_90394,notAB
TEST_90403,notAB
TEST_90406,notAB
TEST_90411,notAB
TEST_90412,notAB
TEST_90419,notAB
TEST_90424,notAB
TEST_90439,notAB
TEST_90441,notAB
TEST_90443,notAB
TEST_90472,notAB
TEST_90475,notAB
TEST_90478,notAB
TEST_90479,notAB
TEST_90483,notAB
TEST_90484,notAB
TEST_90485,notAB
TEST_90488,notAB
TEST_90491,notAB
TEST_90497,notAB
TEST_90499,notAB
TEST_90502,notAB
TEST_90512,notAB
TEST_90514,notAB
TEST_90522,notAB
TEST_90527,notAB
TEST_90533,notAB
TEST_90537,notAB
TEST_90541,notAB
TEST_90543,notAB
TEST_90546,notAB
TEST_90551,notAB
TEST_90561,notAB
TEST_90579,notAB
TEST_90597,notAB
TEST_90605,notAB
TEST_90606,notAB
TEST_90609,notAB
TEST_90614,notAB
TEST_90619,notAB
TEST_90624,notAB
TEST_90638,notAB
TEST_90646,notAB
TEST_90649,notAB
TEST_90660,notAB
TEST_90663,notAB
TEST_90668,notAB
TEST_90673,notAB
TEST_90678,notAB
TEST_90683,notAB
TEST_90685,notAB
TEST_90689,notAB
TEST_90695,notAB
TEST_90698,notAB
TEST_90708,notAB
TEST_90721,notAB
TEST_90740,notAB
TEST_90742,notAB
TEST_90743,notAB
TEST_90751,notAB
TEST_90767,notAB
TEST_90769,notAB
TEST_90776,notAB
TEST_90779,notAB
TEST_90783,notAB
TEST_90792,notAB
TEST_90813,notAB
TEST_90818,notAB
TEST_90824,notAB
TEST_90831,notAB
TEST_90833,notAB
TEST_90839,notAB
TEST_90842,notAB
TEST_90844,notAB
TEST_90849,notAB
TEST_90853,notAB
TEST_90860,notAB
TEST_90871,notAB
TEST_90889,notAB
TEST_90890,notAB
TEST_90892,notAB
TEST_90896,notAB
TEST_90903,notAB
TEST_90914,notAB
TEST_90927,notAB
TEST_90929,notAB
TEST_90931,notAB
TEST_90938,notAB
TEST_90944,notAB
TEST_90947,notAB
TEST_90950,notAB
TEST_90954,notAB
TEST_90960,notAB
TEST_90990,notAB
TEST_91007,notAB
TEST_91010,notAB
TEST_91016,notAB
TEST_91022,notAB
TEST_91029,notAB
TEST_91040,notAB
TEST_91043,notAB
TEST_91046,notAB
TEST_91052,notAB
TEST_91056,notAB
TEST_91060,notAB
TEST_91067,notAB
TEST_91071,notAB
TEST_91072,notAB
TEST_91081,notAB
TEST_91084,notAB
TEST_91097,notAB
TEST_91098,notAB
TEST_91099,notAB
TEST_91113,notAB
TEST_91117,notAB
TEST_91125,notAB
TEST_91132,notAB
TEST_91135,notAB
TEST_91136,notAB
TEST_91144,notAB
TEST_91149,notAB
TEST_91151,notAB
TEST_91155,notAB
TEST_91158,notAB
TEST_91163,notAB
TEST_91169,notAB
TEST_91190,notAB
TEST_91192,notAB
TEST_91193,notAB
TEST_91195,notAB
TEST_91199,notAB
TEST_91210,notAB
TEST_91221,notAB
TEST_91224,notAB
TEST_91227,notAB
TEST_91229,notAB
TEST_91236,notAB
TEST_91238,notAB
TEST_91244,notAB
TEST_91248,notAB
TEST_91252,notAB
TEST_91253,notAB
TEST_91255,notAB
TEST_91262,notAB
TEST_91273,notAB
TEST_91287,notAB
TEST_91297,notAB
TEST_91299,notAB
TEST_91303,notAB
TEST_91307,notAB
TEST_91308,notAB
TEST_91318,notAB
TEST_91321,notAB
TEST_91328,notAB
TEST_91330,notAB
TEST_91332,notAB
TEST_91337,notAB
TEST_91338,notAB
TEST_91346,notAB
TEST_91358,notAB
TEST_91368,notAB
TEST_91377,notAB
TEST_91390,notAB
TEST_91401,notAB
TEST_91406,notAB
TEST_91408,notAB
TEST_91416,notAB
TEST_91418,notAB
TEST_91419,notAB
TEST_91422,notAB
TEST_91424,notAB
TEST_91425,notAB
TEST_91429,notAB
TEST_91439,notAB
TEST_91440,notAB
TEST_91448,notAB
TEST_91449,notAB
TEST_91455,notAB
TEST_91464,notAB
TEST_91469,notAB
TEST_91470,notAB
TEST_91471,notAB
TEST_91473,notAB
TEST_91482,notAB
TEST_91483,notAB
TEST_91490,notAB
TEST_91493,notAB
TEST_91500,notAB
TEST_91511,notAB
TEST_91520,notAB
TEST_91533,notAB
TEST_91539,notAB
TEST_91547,notAB
TEST_91560,notAB
TEST_91570,notAB
TEST_91581,notAB
TEST_91592,notAB
TEST_91601,notAB
TEST_91609,notAB
TEST_91610,notAB
TEST_91612,notAB
TEST_91620,notAB
TEST_91626,notAB
TEST_91629,notAB
TEST_91630,notAB
TEST_91632,notAB
TEST_91641,notAB
TEST_91659,notAB
TEST_91662,notAB
TEST_91669,notAB
TEST_91672,notAB
TEST_91678,notAB
TEST_91681,notAB
TEST_91690,notAB
TEST_91691,notAB
TEST_91692,notAB
TEST_91699,notAB
TEST_91700,notAB
TEST_91707,notAB
TEST_91711,notAB
TEST_91713,notAB
TEST_91740,notAB
TEST_91746,notAB
TEST_91752,notAB
TEST_91755,notAB
TEST_91763,notAB
TEST_91764,notAB
TEST_91785,notAB
TEST_91794,notAB
TEST_91795,notAB
TEST_91806,notAB
TEST_91810,notAB
TEST_91816,notAB
TEST_91821,notAB
TEST_91822,notAB
TEST_91825,notAB
TEST_91834,notAB
TEST_91839,notAB
TEST_91846,notAB
TEST_91856,notAB
TEST_91858,notAB
TEST_91873,notAB
TEST_91887,notAB
TEST_91894,notAB
TEST_91896,notAB
TEST_91898,notAB
TEST_91900,notAB
TEST_91912,notAB
TEST_91914,notAB
TEST_91916,notAB
TEST_91918,notAB
TEST_91927,notAB
TEST_91928,notAB
TEST_91930,notAB
TEST_91931,notAB
TEST_91933,notAB
TEST_91938,notAB
TEST_91939,notAB
TEST_91943,notAB
TEST_91944,notAB
TEST_91948,notAB
TEST_91957,notAB
TEST_91959,notAB
TEST_91964,notAB
TEST_91966,notAB
TEST_91967,notAB
TEST_91985,notAB
TEST_91990,notAB
TEST_91998,notAB
TEST_92003,notAB
TEST_92004,notAB
TEST_92026,notAB
TEST_92029,notAB
TEST_92030,notAB
TEST_92031,notAB
TEST_92040,notAB
TEST_92051,notAB
TEST_92054,notAB
TEST_92057,notAB
TEST_92060,notAB
TEST_92063,notAB
TEST_92067,notAB
TEST_92085,notAB
TEST_92090,notAB
TEST_92093,notAB
TEST_92100,notAB
TEST_92102,notAB
TEST_92103,notAB
TEST_92115,notAB
TEST_92125,notAB
TEST_92128,notAB
TEST_92129,notAB
TEST_92131,notAB
TEST_92133,notAB
TEST_92137,notAB
TEST_92142,notAB
TEST_92143,notAB
TEST_92146,notAB
TEST_92154,notAB
TEST_92159,notAB
TEST_92168,notAB
TEST_92169,notAB
TEST_92174,notAB
TEST_92187,notAB
TEST_92194,notAB
TEST_92201,notAB
TEST_92209,notAB
TEST_92210,notAB
TEST_92217,notAB
TEST_92223,notAB
TEST_92226,notAB
TEST_92228,notAB
TEST_92236,notAB
TEST_92239,notAB
TEST_92242,notAB
TEST_92251,notAB
TEST_92253,notAB
TEST_92258,notAB
TEST_92261,notAB
TEST_92276,notAB
TEST_92277,notAB
TEST_92283,notAB
TEST_92285,notAB
TEST_92286,notAB
TEST_92290,notAB
TEST_92292,notAB
TEST_92304,notAB
TEST_92306,notAB
TEST_92326,notAB
TEST_92336,notAB
TEST_92342,notAB
TEST_92349,notAB
TEST_92362,notAB
TEST_92364,notAB
TEST_92371,notAB
TEST_92372,notAB
TEST_92378,notAB
TEST_92381,notAB
TEST_92386,notAB
TEST_92395,notAB
TEST_92398,notAB
TEST_92405,notAB
TEST_92409,notAB
TEST_92419,notAB
TEST_92420,notAB
TEST_92425,notAB
TEST_92427,notAB
TEST_92435,notAB
TEST_92438,notAB
TEST_92440,notAB
TEST_92445,notAB
TEST_92456,notAB
TEST_92462,notAB
TEST_92463,notAB
TEST_92467,notAB
TEST_92473,notAB
TEST_92483,notAB
TEST_92485,notAB
TEST_92486,notAB
TEST_92496,notAB
TEST_92499,notAB
TEST_92500,notAB
TEST_92505,notAB
TEST_92507,notAB
TEST_92509,notAB
TEST_92514,notAB
TEST_92516,notAB
TEST_92519,notAB
TEST_92535,notAB
TEST_92537,notAB
TEST_92543,notAB
TEST_92545,notAB
TEST_92550,notAB
TEST_92552,notAB
TEST_92557,notAB
TEST_92570,notAB
TEST_92582,notAB
TEST_92587,notAB
TEST_92588,notAB
TEST_92592,notAB
TEST_92598,notAB
TEST_92601,notAB
TEST_92603,notAB
TEST_92607,notAB
TEST_92613,notAB
TEST_92620,notAB
TEST_92630,notAB
TEST_92633,notAB
TEST_92634,notAB
TEST_92637,notAB
TEST_92638,notAB
TEST_92641,notAB
TEST_92648,notAB
TEST_92654,notAB
TEST_92656,notAB
TEST_92660,notAB
TEST_92662,notAB
TEST_92664,notAB
TEST_92670,notAB
TEST_92676,notAB
TEST_92689,notAB
TEST_92701,notAB
TEST_92704,notAB
TEST_92716,notAB
TEST_92723,notAB
TEST_92728,notAB
TEST_92730,notAB
TEST_92741,notAB
TEST_92745,notAB
TEST_92748,notAB
TEST_92750,notAB
TEST_92757,notAB
TEST_92774,notAB
TEST_92779,notAB
TEST_92811,notAB
TEST_92823,notAB
TEST_92874,notAB
TEST_92890,notAB
TEST_92900,notAB
TEST_92907,notAB
TEST_92915,notAB
TEST_92929,notAB
TEST_92936,notAB
TEST_92942,notAB
TEST_92947,notAB
TEST_92948,notAB
TEST_92952,notAB
TEST_92963,notAB
TEST_92965,notAB
TEST_92978,notAB
TEST_92981,notAB
TEST_92982,notAB
TEST_92996,notAB
TEST_93029,notAB
TEST_93032,notAB
TEST_93041,notAB
TEST_93046,notAB
TEST_93050,notAB
TEST_93053,notAB
TEST_93059,notAB
TEST_93077,notAB
TEST_93086,notAB
TEST_93088,notAB
TEST_93096,notAB
TEST_93099,notAB
TEST_93100,notAB
TEST_93101,notAB
TEST_93103,notAB
TEST_93107,notAB
TEST_93110,notAB
TEST_93112,notAB
TEST_93122,notAB
TEST_93126,notAB
TEST_93132,notAB
TEST_93134,notAB
TEST_93140,notAB
TEST_93141,notAB
TEST_93143,notAB
TEST_93164,notAB
TEST_93173,notAB
TEST_93187,notAB
TEST_93198,notAB
TEST_93201,notAB
TEST_93204,notAB
TEST_93218,notAB
TEST_93223,notAB
TEST_93241,notAB
TEST_93245,notAB
TEST_93246,notAB
TEST_93251,notAB
TEST_93264,notAB
TEST_93271,notAB
TEST_93275,notAB
TEST_93282,notAB
TEST_93287,notAB
TEST_93290,notAB
TEST_93295,notAB
TEST_93296,notAB
TEST_93297,notAB
TEST_93312,notAB
TEST_93317,notAB
TEST_93320,notAB
TEST_93331,notAB
TEST_93334,notAB
TEST_93335,notAB
TEST_93342,notAB
TEST_93345,notAB
TEST_93348,notAB
TEST_93362,notAB
TEST_93364,notAB
TEST_93369,notAB
TEST_93370,notAB
TEST_93380,notAB
TEST_93381,notAB
TEST_93382,notAB
TEST_93390,notAB
TEST_93393,notAB
TEST_93396,notAB
TEST_93404,notAB
TEST_93405,notAB
TEST_93407,notAB
TEST_93418,notAB
TEST_93430,notAB
TEST_93431,notAB
TEST_93432,notAB
TEST_93433,notAB
TEST_93434,notAB
TEST_93436,notAB
TEST_93443,notAB
TEST_93444,notAB
TEST_93453,notAB
TEST_93454,notAB
TEST_93466,notAB
TEST_93467,notAB
TEST_93469,notAB
TEST_93490,notAB
TEST_93501,notAB
TEST_93503,notAB
TEST_93522,notAB
TEST_93537,notAB
TEST_93538,notAB
TEST_93547,notAB
TEST_93555,notAB
TEST_93569,notAB
TEST_93581,notAB
TEST_93584,notAB
TEST_93585,notAB
TEST_93589,notAB
TEST_93591,notAB
TEST_93594,notAB
TEST_93600,notAB
TEST_93601,notAB
TEST_93603,notAB
TEST_93617,notAB
TEST_93620,notAB
TEST_93624,notAB
TEST_93632,notAB
TEST_93639,notAB
TEST_93641,notAB
TEST_93661,notAB
TEST_93668,notAB
TEST_93670,notAB
TEST_93679,notAB
TEST_93685,notAB
TEST_93687,notAB
TEST_93694,notAB
TEST_93698,notAB
TEST_93704,notAB
TEST_93705,notAB
TEST_93708,notAB
TEST_93719,notAB
TEST_93742,notAB
TEST_93743,notAB
TEST_93758,notAB
TEST_93765,notAB
TEST_93769,notAB
TEST_93770,notAB
TEST_93772,notAB
TEST_93776,notAB
TEST_93792,notAB
TEST_93795,notAB
TEST_93803,notAB
TEST_93804,notAB
TEST_93809,notAB
TEST_93837,notAB
TEST_93844,notAB
TEST_93850,notAB
TEST_93853,notAB
TEST_93860,notAB
TEST_93868,notAB
TEST_93871,notAB
TEST_93875,notAB
TEST_93882,notAB
TEST_93884,notAB
TEST_93888,notAB
TEST_93893,notAB
TEST_93895,notAB
TEST_93902,notAB
TEST_93904,notAB
TEST_93921,notAB
TEST_93926,notAB
TEST_93929,notAB
TEST_93939,notAB
TEST_93956,notAB
TEST_93961,notAB
TEST_93970,notAB
TEST_93971,notAB
TEST_93972,notAB
TEST_93975,notAB
TEST_93999,notAB
TEST_94000,notAB
TEST_94004,notAB
TEST_94014,notAB
TEST_94019,notAB
TEST_94028,notAB
TEST_94031,notAB
TEST_94040,notAB
TEST_94043,notAB
TEST_94047,notAB
TEST_94062,notAB
TEST_94065,notAB
TEST_94066,notAB
TEST_94072,notAB
TEST_94082,notAB
TEST_94085,notAB
TEST_94086,notAB
TEST_94087,notAB
TEST_94099,notAB
TEST_94109,notAB
TEST_94116,notAB
TEST_94117,notAB
TEST_94119,notAB
TEST_94126,notAB
TEST_94133,notAB
TEST_94136,notAB
TEST_94138,notAB
TEST_94140,notAB
TEST_94141,notAB
TEST_94151,notAB
TEST_94165,notAB
TEST_94170,notAB
TEST_94173,notAB
TEST_94174,notAB
TEST_94180,notAB
TEST_94184,notAB
TEST_94189,notAB
TEST_94200,notAB
TEST_94220,notAB
TEST_94231,notAB
TEST_94233,notAB
TEST_94241,notAB
TEST_94267,notAB
TEST_94272,notAB
TEST_94282,notAB
TEST_94285,notAB
TEST_94288,notAB
TEST_94289,notAB
TEST_94298,notAB
TEST_94302,notAB
TEST_94305,notAB
TEST_94307,notAB
TEST_94331,notAB
TEST_94332,notAB
TEST_94333,notAB
TEST_94334,notAB
TEST_94340,notAB
TEST_94341,notAB
TEST_94342,notAB
TEST_94344,notAB
TEST_94349,notAB
TEST_94351,notAB
TEST_94353,notAB
TEST_94361,notAB
TEST_94366,notAB
TEST_94368,notAB
TEST_94372,notAB
TEST_94373,notAB
TEST_94380,notAB
TEST_94386,notAB
TEST_94395,notAB
TEST_94397,notAB
TEST_94399,notAB
TEST_94422,notAB
TEST_94423,notAB
TEST_94427,notAB
TEST_94429,notAB
TEST_94431,notAB
TEST_94436,notAB
TEST_94437,notAB
TEST_94458,notAB
TEST_94462,notAB
TEST_94483,notAB
TEST_94485,notAB
TEST_94486,notAB
TEST_94506,notAB
TEST_94514,notAB
TEST_94515,notAB
TEST_94516,notAB
TEST_94522,notAB
TEST_94527,notAB
TEST_94528,notAB
TEST_94535,notAB
TEST_94542,notAB
TEST_94554,notAB
TEST_94555,notAB
TEST_94557,notAB
TEST_94564,notAB
TEST_94576,notAB
TEST_94579,notAB
TEST_94580,notAB
TEST_94587,notAB
TEST_94589,notAB
TEST_94593,notAB
TEST_94603,notAB
TEST_94605,notAB
TEST_94615,notAB
TEST_94623,notAB
TEST_94627,notAB
TEST_94628,notAB
TEST_94634,notAB
TEST_94668,notAB
TEST_94670,notAB
TEST_94672,notAB
TEST_94673,notAB
TEST_94678,notAB
TEST_94683,notAB
TEST_94693,notAB
TEST_94707,notAB
TEST_94719,notAB
TEST_94720,notAB
TEST_94722,notAB
TEST_94740,notAB
TEST_94741,notAB
TEST_94744,notAB
TEST_94746,notAB
TEST_94751,notAB
TEST_94752,notAB
TEST_94756,notAB
TEST_94765,notAB
TEST_94767,notAB
TEST_94777,notAB
TEST_94781,notAB
TEST_94785,notAB
TEST_94798,notAB
TEST_94801,notAB
TEST_94809,notAB
TEST_94822,notAB
TEST_94828,notAB
TEST_94830,notAB
TEST_94838,notAB
TEST_94850,notAB
TEST_94851,notAB
TEST_94866,notAB
TEST_94867,notAB
TEST_94868,notAB
TEST_94870,notAB
TEST_94872,notAB
TEST_94879,notAB
TEST_94898,notAB
TEST_94903,notAB
TEST_94911,notAB
TEST_94928,notAB
TEST_94929,notAB
TEST_94938,notAB
TEST_94944,notAB
TEST_94945,notAB
TEST_94954,notAB
TEST_94970,notAB
TEST_94975,notAB
TEST_94984,notAB
TEST_94987,notAB
TEST_94991,notAB
TEST_94997,notAB
TEST_95005,notAB
TEST_95008,notAB
TEST_95010,notAB
TEST_95012,notAB
TEST_95026,notAB
TEST_95027,notAB
TEST_95028,notAB
TEST_95040,notAB
TEST_95041,notAB
TEST_95042,notAB
TEST_95046,notAB
TEST_95069,notAB
TEST_95072,notAB
TEST_95087,notAB
TEST_95094,notAB
TEST_95113,notAB
TEST_95114,notAB
TEST_95115,notAB
TEST_95121,notAB
TEST_95124,notAB
TEST_95129,notAB
TEST_95150,notAB
TEST_95152,notAB
TEST_95159,notAB
TEST_95162,notAB
TEST_95168,notAB
TEST_95169,notAB
TEST_95175,notAB
TEST_95180,notAB
TEST_95182,notAB
TEST_95184,notAB
TEST_95194,notAB
TEST_95195,notAB
TEST_95205,notAB
TEST_95216,notAB
TEST_95219,notAB
TEST_95222,notAB
TEST_95229,notAB
TEST_95232,notAB
TEST_95235,notAB
TEST_95239,notAB
TEST_95242,notAB
TEST_95253,notAB
TEST_95256,notAB
TEST_95258,notAB
TEST_95260,notAB
TEST_95270,notAB
TEST_95272,notAB
TEST_95274,notAB
TEST_95277,notAB
TEST_95280,notAB
TEST_95281,notAB
TEST_95282,notAB
TEST_95283,notAB
TEST_95284,notAB
TEST_95306,notAB
TEST_95310,notAB
TEST_95311,notAB
TEST_95312,notAB
TEST_95314,notAB
TEST_95333,notAB
TEST_95334,notAB
TEST_95348,notAB
TEST_95349,notAB
TEST_95351,notAB
TEST_95355,notAB
TEST_95367,notAB
TEST_95369,notAB
TEST_95378,notAB
TEST_95381,notAB
TEST_95384,notAB
TEST_95385,notAB
TEST_95386,notAB
TEST_95393,notAB
TEST_95404,notAB
TEST_95407,notAB
TEST_95409,notAB
TEST_95412,notAB
TEST_95424,notAB
TEST_95426,notAB
TEST_95427,notAB
TEST_95428,notAB
TEST_95438,notAB
TEST_95451,notAB
TEST_95453,notAB
TEST_95472,notAB
TEST_95477,notAB
TEST_95480,notAB
TEST_95481,notAB
TEST_95485,notAB
TEST_95490,notAB
TEST_95494,notAB
TEST_95495,notAB
TEST_95498,notAB
TEST_95500,notAB
TEST_95501,notAB
TEST_95502,notAB
TEST_95508,notAB
TEST_95511,notAB
TEST_95516,notAB
TEST_95525,notAB
TEST_95531,notAB
TEST_95535,notAB
TEST_95542,notAB
TEST_95573,notAB
TEST_95578,notAB
TEST_95579,notAB
TEST_95586,notAB
TEST_95600,notAB
TEST_95605,notAB
TEST_95613,notAB
TEST_95624,notAB
TEST_95630,notAB
TEST_95648,notAB
TEST_95665,notAB
TEST_95674,notAB
TEST_95677,notAB
TEST_95678,notAB
TEST_95681,notAB
TEST_95685,notAB
TEST_95695,notAB
TEST_95700,notAB
TEST_95701,notAB
TEST_95711,notAB
TEST_95718,notAB
TEST_95720,notAB
TEST_95731,notAB
TEST_95735,notAB
TEST_95740,notAB
TEST_95746,notAB
TEST_95760,notAB
TEST_95763,notAB
TEST_95767,notAB
TEST_95769,notAB
TEST_95770,notAB
TEST_95771,notAB
TEST_95776,notAB
TEST_95780,notAB
TEST_95786,notAB
TEST_95793,notAB
TEST_95794,notAB
TEST_95796,notAB
TEST_95797,notAB
TEST_95800,notAB
TEST_95802,notAB
TEST_95803,notAB
TEST_95806,notAB
TEST_95811,notAB
TEST_95813,notAB
TEST_95815,notAB
TEST_95819,notAB
TEST_95824,notAB
TEST_95826,notAB
TEST_95831,notAB
TEST_95837,notAB
TEST_95847,notAB
TEST_95859,notAB
TEST_95865,notAB
TEST_95881,notAB
TEST_95899,notAB
TEST_95901,notAB
TEST_95910,notAB
TEST_95911,notAB
TEST_95913,notAB
TEST_95919,notAB
TEST_95926,notAB
TEST_95927,notAB
TEST_95938,notAB
TEST_95941,notAB
TEST_95953,notAB
TEST_95957,notAB
TEST_95960,notAB
TEST_95961,notAB
TEST_95964,notAB
TEST_95972,notAB
TEST_95978,notAB
TEST_95979,notAB
TEST_95984,notAB
TEST_96001,notAB
TEST_96026,notAB
TEST_96035,notAB
TEST_96039,notAB
TEST_96044,notAB
TEST_96046,notAB
TEST_96053,notAB
TEST_96062,notAB
TEST_96077,notAB
TEST_96084,notAB
TEST_96087,notAB
TEST_96088,notAB
TEST_96095,notAB
TEST_96106,notAB
TEST_96122,notAB
TEST_96124,notAB
TEST_96127,notAB
TEST_96143,notAB
TEST_96151,notAB
TEST_96167,notAB
TEST_96171,notAB
TEST_96176,notAB
TEST_96181,notAB
TEST_96197,notAB
TEST_96216,notAB
TEST_96217,notAB
TEST_96230,notAB
TEST_96238,notAB
TEST_96241,notAB
TEST_96260,notAB
TEST_96264,notAB
TEST_96266,notAB
TEST_96267,notAB
TEST_96274,notAB
TEST_96277,notAB
TEST_96300,notAB
TEST_96306,notAB
TEST_96323,notAB
TEST_96333,notAB
TEST_96344,notAB
TEST_96351,notAB
TEST_96354,notAB
TEST_96358,notAB
TEST_96370,notAB
TEST_96380,notAB
TEST_96384,notAB
TEST_96389,notAB
TEST_96393,notAB
TEST_96394,notAB
TEST_96395,notAB
TEST_96396,notAB
TEST_96398,notAB
TEST_96400,notAB
TEST_96418,notAB
TEST_96420,notAB
TEST_96425,notAB
TEST_96435,notAB
TEST_96439,notAB
TEST_96441,notAB
TEST_96445,notAB
TEST_96456,notAB
TEST_96462,notAB
TEST_96473,notAB
TEST_96474,notAB
TEST_96480,notAB
TEST_96482,notAB
TEST_96487,notAB
TEST_96494,notAB
TEST_96498,notAB
TEST_96501,notAB
TEST_96506,notAB
TEST_96525,notAB
TEST_96529,notAB
TEST_96530,notAB
TEST_96531,notAB
TEST_96535,notAB
TEST_96538,notAB
TEST_96539,notAB
TEST_96554,notAB
TEST_96556,notAB
TEST_96571,notAB
TEST_96588,notAB
TEST_96595,notAB
TEST_96601,notAB
TEST_96614,notAB
TEST_96616,notAB
TEST_96640,notAB
TEST_96653,notAB
TEST_96658,notAB
TEST_96659,notAB
TEST_96661,notAB
TEST_96673,notAB
TEST_96685,notAB
TEST_96686,notAB
TEST_96699,notAB
TEST_96706,notAB
TEST_96709,notAB
TEST_96720,notAB
TEST_96722,notAB
TEST_96724,notAB
TEST_96726,notAB
TEST_96731,notAB
TEST_96734,notAB
TEST_96737,notAB
TEST_96739,notAB
TEST_96743,notAB
TEST_96756,notAB
TEST_96757,notAB
TEST_96775,notAB
TEST_96776,notAB
TEST_96778,notAB
TEST_96789,notAB
TEST_96794,notAB
TEST_96795,notAB
TEST_96797,notAB
TEST_96806,notAB
TEST_96807,notAB
TEST_96811,notAB
TEST_96818,notAB
TEST_96821,notAB
TEST_96823,notAB
TEST_96824,notAB
TEST_96836,notAB
TEST_96839,notAB
TEST_96841,notAB
TEST_96844,notAB
TEST_96845,notAB
TEST_96848,notAB
TEST_96850,notAB
TEST_96874,notAB
TEST_96885,notAB
TEST_96886,notAB
TEST_96890,notAB
TEST_96894,notAB
TEST_96902,notAB
TEST_96909,notAB
TEST_96914,notAB
TEST_96924,notAB
TEST_96925,notAB
TEST_96927,notAB
TEST_96935,notAB
TEST_96946,notAB
TEST_96951,notAB
TEST_96958,notAB
TEST_96960,notAB
TEST_96965,notAB
TEST_96971,notAB
TEST_96974,notAB
TEST_96977,notAB
TEST_96978,notAB
TEST_96979,notAB
TEST_96981,notAB
TEST_96982,notAB
TEST_96984,notAB
TEST_96985,notAB
TEST_96992,notAB
TEST_97003,notAB
TEST_97016,notAB
TEST_97043,notAB
TEST_97051,notAB
TEST_97052,notAB
TEST_97055,notAB
TEST_97064,notAB
TEST_97070,notAB
TEST_97076,notAB
TEST_97094,notAB
TEST_97102,notAB
TEST_97114,notAB
TEST_97119,notAB
TEST_97123,notAB
TEST_97124,notAB
TEST_97138,notAB
TEST_97141,notAB
TEST_97145,notAB
TEST_97152,notAB
TEST_97161,notAB
TEST_97170,notAB
TEST_97171,notAB
TEST_97178,notAB
TEST_97179,notAB
TEST_97181,notAB
TEST_97192,notAB
TEST_97199,notAB
TEST_97201,notAB
TEST_97208,notAB
TEST_97209,notAB
TEST_97214,notAB
TEST_97218,notAB
TEST_97219,notAB
TEST_97220,notAB
TEST_97224,notAB
TEST_97242,notAB
TEST_97243,notAB
TEST_97245,notAB
TEST_97255,notAB
TEST_97260,notAB
TEST_97269,notAB
TEST_97284,notAB
TEST_97290,notAB
TEST_97300,notAB
TEST_97319,notAB
TEST_97323,notAB
TEST_97324,notAB
TEST_97344,notAB
TEST_97354,notAB
TEST_97357,notAB
TEST_97359,notAB
TEST_97360,notAB
TEST_97365,notAB
TEST_97369,notAB
TEST_97380,notAB
TEST_97385,notAB
TEST_97400,notAB
TEST_97409,notAB
TEST_97411,notAB
TEST_97420,notAB
TEST_97423,notAB
TEST_97430,notAB
TEST_97433,notAB
TEST_97435,notAB
TEST_97440,notAB
TEST_97442,notAB
TEST_97455,notAB
TEST_97456,notAB
TEST_97463,notAB
TEST_97472,notAB
TEST_97483,notAB
TEST_97486,notAB
TEST_97492,notAB
TEST_97494,notAB
TEST_97496,notAB
TEST_97524,notAB
TEST_97529,notAB
TEST_97535,notAB
TEST_97536,notAB
TEST_97539,notAB
TEST_97554,notAB
TEST_97561,notAB
TEST_97566,notAB
TEST_97573,notAB
TEST_97576,notAB
TEST_97592,notAB
TEST_97605,notAB
TEST_97606,notAB
TEST_97615,notAB
TEST_97623,notAB
TEST_97639,notAB
TEST_97663,notAB
TEST_97666,notAB
TEST_97668,notAB
TEST_97669,notAB
TEST_97687,notAB
TEST_97690,notAB
TEST_97692,notAB
TEST_97701,notAB
TEST_97703,notAB
TEST_97705,notAB
TEST_97708,notAB
TEST_97714,notAB
TEST_97719,notAB
TEST_97736,notAB
TEST_97750,notAB
TEST_97762,notAB
TEST_97772,notAB
TEST_97777,notAB
TEST_97785,notAB
TEST_97786,notAB
TEST_97792,notAB
TEST_97801,notAB
TEST_97803,notAB
TEST_97835,notAB
TEST_97837,notAB
TEST_97847,notAB
TEST_97851,notAB
TEST_97853,notAB
TEST_97874,notAB
TEST_97876,notAB
TEST_97880,notAB
TEST_97883,notAB
TEST_97886,notAB
TEST_97897,notAB
TEST_97907,notAB
TEST_97909,notAB
TEST_97922,notAB
TEST_97923,notAB
TEST_97931,notAB
TEST_97951,notAB
TEST_97956,notAB
TEST_97960,notAB
TEST_97965,notAB
TEST_97975,notAB
TEST_97976,notAB
TEST_97978,notAB
TEST_97979,notAB
TEST_97992,notAB
TEST_97993,notAB
TEST_98002,notAB
TEST_98011,notAB
TEST_98015,notAB
TEST_98017,notAB
TEST_98018,notAB
TEST_98020,notAB
TEST_98021,notAB
TEST_98022,notAB
TEST_98033,notAB
TEST_98036,notAB
TEST_98037,notAB
TEST_98047,notAB
TEST_98052,notAB
TEST_98057,notAB
TEST_98059,notAB
TEST_98062,notAB
TEST_98072,notAB
TEST_98073,notAB
TEST_98076,notAB
TEST_98083,notAB
TEST_98088,notAB
TEST_98091,notAB
TEST_98092,notAB
TEST_98093,notAB
TEST_98095,notAB
TEST_98104,notAB
TEST_98124,notAB
TEST_98129,notAB
TEST_98141,notAB
TEST_98143,notAB
TEST_98146,notAB
TEST_98153,notAB
TEST_98171,notAB
TEST_98177,notAB
TEST_98181,notAB
TEST_98184,notAB
TEST_98190,notAB
TEST_98204,notAB
TEST_98205,notAB
TEST_98209,notAB
TEST_98217,notAB
TEST_98229,notAB
TEST_98231,notAB
TEST_98234,notAB
TEST_98240,notAB
TEST_98245,notAB
TEST_98251,notAB
TEST_98256,notAB
TEST_98259,notAB
TEST_98265,notAB
TEST_98276,notAB
TEST_98279,notAB
TEST_98287,notAB
TEST_98288,notAB
TEST_98290,notAB
TEST_98300,notAB
TEST_98311,notAB
TEST_98314,notAB
TEST_98315,notAB
TEST_98319,notAB
TEST_98322,notAB
TEST_98339,notAB
TEST_98343,notAB
TEST_98344,notAB
TEST_98356,notAB
TEST_98362,notAB
TEST_98374,notAB
TEST_98377,notAB
TEST_98380,notAB
TEST_98387,notAB
TEST_98397,notAB
TEST_98408,notAB
TEST_98411,notAB
TEST_98412,notAB
TEST_98416,notAB
TEST_98427,notAB
TEST_98440,notAB
TEST_98447,notAB
TEST_98450,notAB
TEST_98451,notAB
TEST_98463,notAB
TEST_98464,notAB
TEST_98467,notAB
TEST_98468,notAB
TEST_98470,notAB
TEST_98472,notAB
TEST_98473,notAB
TEST_98483,notAB
TEST_98488,notAB
TEST_98492,notAB
TEST_98493,notAB
TEST_98494,notAB
TEST_98497,notAB
TEST_98502,notAB
TEST_98504,notAB
TEST_98506,notAB
TEST_98509,notAB
TEST_98514,notAB
TEST_98515,notAB
TEST_98523,notAB
TEST_98536,notAB
TEST_98538,notAB
TEST_98544,notAB
TEST_98548,notAB
TEST_98555,notAB
TEST_98557,notAB
TEST_98561,notAB
TEST_98563,notAB
TEST_98571,notAB
TEST_98574,notAB
TEST_98576,notAB
TEST_98578,notAB
TEST_98587,notAB
TEST_98596,notAB
TEST_98612,notAB
TEST_98613,notAB
TEST_98618,notAB
TEST_98619,notAB
TEST_98620,notAB
TEST_98629,notAB
TEST_98631,notAB
TEST_98635,notAB
TEST_98638,notAB
TEST_98641,notAB
TEST_98652,notAB
TEST_98656,notAB
TEST_98663,notAB
TEST_98673,notAB
TEST_98684,notAB
TEST_98690,notAB
TEST_98700,notAB
TEST_98703,notAB
TEST_98722,notAB
TEST_98730,notAB
TEST_98735,notAB
TEST_98738,notAB
TEST_98739,notAB
TEST_98752,notAB
TEST_98762,notAB
TEST_98767,notAB
TEST_98775,notAB
TEST_98785,notAB
TEST_98791,notAB
TEST_98792,notAB
TEST_98797,notAB
TEST_98802,notAB
TEST_98803,notAB
TEST_98813,notAB
TEST_98814,notAB
TEST_98823,notAB
TEST_98832,notAB
TEST_98833,notAB
TEST_98835,notAB
TEST_98836,notAB
TEST_98841,notAB
TEST_98842,notAB
TEST_98843,notAB
TEST_98844,notAB
TEST_98855,notAB
TEST_98859,notAB
TEST_98864,notAB
TEST_98866,notAB
TEST_98868,notAB
TEST_98873,notAB
TEST_98875,notAB
TEST_98876,notAB
TEST_98884,notAB
TEST_98895,notAB
TEST_98898,notAB
TEST_98917,notAB
TEST_98922,notAB
TEST_98933,notAB
TEST_98940,notAB
TEST_98952,notAB
TEST_98955,notAB
TEST_98957,notAB
TEST_98958,notAB
TEST_98980,notAB
TEST_98983,notAB
TEST_99000,notAB
TEST_99010,notAB
TEST_99011,notAB
TEST_99019,notAB
TEST_99022,notAB
TEST_99023,notAB
TEST_99033,notAB
TEST_99036,notAB
TEST_99050,notAB
TEST_99057,notAB
TEST_99062,notAB
TEST_99081,notAB
TEST_99084,notAB
TEST_99093,notAB
TEST_99096,notAB
TEST_99116,notAB
TEST_99117,notAB
TEST_99122,notAB
TEST_99126,notAB
TEST_99127,notAB
TEST_99128,notAB
TEST_99142,notAB
TEST_99144,notAB
TEST_99145,notAB
TEST_99149,notAB
TEST_99156,notAB
TEST_99163,notAB
TEST_99166,notAB
TEST_99167,notAB
TEST_99168,notAB
TEST_99171,notAB
TEST_99173,notAB
TEST_99177,notAB
TEST_99183,notAB
TEST_99185,notAB
TEST_99189,notAB
TEST_99193,notAB
TEST_99202,notAB
TEST_99226,notAB
TEST_99227,notAB
TEST_99228,notAB
TEST_99230,notAB
TEST_99233,notAB
TEST_99258,notAB
TEST_99280,notAB
TEST_99284,notAB
TEST_99297,notAB
TEST_99300,notAB
TEST_99322,notAB
TEST_99328,notAB
TEST_99329,notAB
TEST_99330,notAB
TEST_99336,notAB
TEST_99344,notAB
TEST_99345,notAB
TEST_99350,notAB
TEST_99383,notAB
TEST_99390,notAB
TEST_99394,notAB
TEST_99408,notAB
TEST_99411,notAB
TEST_99413,notAB
TEST_99420,notAB
TEST_99421,notAB
TEST_99423,notAB
TEST_99425,notAB
TEST_99449,notAB
TEST_99460,notAB
TEST_99462,notAB
TEST_99465,notAB
TEST_99466,notAB
TEST_99492,notAB
TEST_99495,notAB
TEST_99498,notAB
TEST_99500,notAB
TEST_99511,notAB
TEST_99512,notAB
TEST_99521,notAB
TEST_99535,notAB
TEST_99537,notAB
TEST_99546,notAB
TEST_99553,notAB
TEST_99569,notAB
TEST_99575,notAB
TEST_99581,notAB
TEST_99591,notAB
TEST_99597,notAB
TEST_99603,notAB
TEST_99611,notAB
TEST_99625,notAB
TEST_99633,notAB
TEST_99634,notAB
TEST_99639,notAB
TEST_99643,notAB
TEST_99647,notAB
TEST_99652,notAB
TEST_99663,notAB
TEST_99664,notAB
TEST_99674,notAB
TEST_99683,notAB
TEST_99684,notAB
TEST_99688,notAB
TEST_99695,notAB
TEST_99699,notAB
TEST_99739,notAB
TEST_99748,notAB
TEST_99750,notAB
TEST_99753,notAB
TEST_99758,notAB
TEST_99769,notAB
TEST_99783,notAB
TEST_99793,notAB
TEST_99796,notAB
TEST_99797,notAB
TEST_99818,notAB
TEST_99837,notAB
TEST_99838,notAB
TEST_99840,notAB
TEST_99849,notAB
TEST_99853,notAB
TEST_99854,notAB
TEST_99857,notAB
TEST_99884,notAB
TEST_99899,notAB
TEST_99902,notAB
TEST_99906,notAB
TEST_99910,notAB
TEST_99915,notAB
TEST_99936,notAB
TEST_99942,notAB
TEST_99947,notAB
TEST_99957,notAB
TEST_99961,notAB
TEST_99982,notAB
TEST_99994,notAB
TEST_99998,notAB
