ID,Segment
TEST_00002,Not_E
TEST_00010,Not_E
TEST_00012,Not_E
TEST_00016,Not_E
TEST_00032,Not_E
TEST_00034,Not_E
TEST_00037,Not_E
TEST_00039,Not_E
TEST_00053,Not_E
TEST_00055,Not_E
TEST_00057,Not_E
TEST_00058,Not_E
TEST_00088,Not_E
TEST_00099,Not_E
TEST_00104,Not_E
TEST_00118,Not_E
TEST_00119,Not_E
TEST_00123,Not_E
TEST_00124,Not_E
TEST_00128,Not_E
TEST_00133,Not_E
TEST_00136,Not_E
TEST_00137,Not_E
TEST_00141,Not_E
TEST_00154,Not_E
TEST_00161,Not_E
TEST_00166,Not_E
TEST_00169,Not_E
TEST_00189,Not_E
TEST_00194,Not_E
TEST_00195,Not_E
TEST_00196,Not_E
TEST_00198,Not_E
TEST_00203,Not_E
TEST_00205,Not_E
TEST_00209,Not_E
TEST_00210,Not_E
TEST_00218,Not_E
TEST_00221,Not_E
TEST_00229,Not_E
TEST_00238,Not_E
TEST_00239,Not_E
TEST_00242,Not_E
TEST_00243,Not_E
TEST_00249,Not_E
TEST_00250,Not_E
TEST_00267,Not_E
TEST_00271,Not_E
TEST_00275,Not_E
TEST_00276,Not_E
TEST_00280,Not_E
TEST_00282,Not_E
TEST_00283,Not_E
TEST_00293,Not_E
TEST_00302,Not_E
TEST_00304,Not_E
TEST_00309,Not_E
TEST_00310,Not_E
TEST_00316,Not_E
TEST_00328,Not_E
TEST_00342,Not_E
TEST_00343,Not_E
TEST_00357,Not_E
TEST_00380,Not_E
TEST_00385,Not_E
TEST_00393,Not_E
TEST_00395,Not_E
TEST_00398,Not_E
TEST_00404,Not_E
TEST_00405,Not_E
TEST_00411,Not_E
TEST_00416,Not_E
TEST_00420,Not_E
TEST_00424,Not_E
TEST_00427,Not_E
TEST_00431,Not_E
TEST_00439,Not_E
TEST_00441,Not_E
TEST_00443,Not_E
TEST_00448,Not_E
TEST_00456,Not_E
TEST_00457,Not_E
TEST_00460,Not_E
TEST_00463,Not_E
TEST_00467,Not_E
TEST_00470,Not_E
TEST_00471,Not_E
TEST_00474,Not_E
TEST_00481,Not_E
TEST_00488,Not_E
TEST_00492,Not_E
TEST_00496,Not_E
TEST_00500,Not_E
TEST_00506,Not_E
TEST_00510,Not_E
TEST_00512,Not_E
TEST_00517,Not_E
TEST_00522,Not_E
TEST_00541,Not_E
TEST_00546,Not_E
TEST_00547,Not_E
TEST_00550,Not_E
TEST_00553,Not_E
TEST_00558,Not_E
TEST_00562,Not_E
TEST_00578,Not_E
TEST_00579,Not_E
TEST_00594,Not_E
TEST_00626,Not_E
TEST_00627,Not_E
TEST_00630,Not_E
TEST_00631,Not_E
TEST_00656,Not_E
TEST_00659,Not_E
TEST_00661,Not_E
TEST_00662,Not_E
TEST_00663,Not_E
TEST_00664,Not_E
TEST_00667,Not_E
TEST_00676,Not_E
TEST_00692,Not_E
TEST_00700,Not_E
TEST_00701,Not_E
TEST_00702,Not_E
TEST_00703,Not_E
TEST_00709,Not_E
TEST_00713,Not_E
TEST_00715,Not_E
TEST_00737,Not_E
TEST_00738,Not_E
TEST_00746,Not_E
TEST_00751,Not_E
TEST_00777,Not_E
TEST_00795,Not_E
TEST_00809,Not_E
TEST_00814,Not_E
TEST_00828,Not_E
TEST_00833,Not_E
TEST_00836,Not_E
TEST_00838,Not_E
TEST_00847,Not_E
TEST_00849,Not_E
TEST_00850,Not_E
TEST_00859,Not_E
TEST_00864,Not_E
TEST_00905,Not_E
TEST_00906,Not_E
TEST_00920,Not_E
TEST_00929,Not_E
TEST_00931,Not_E
TEST_00951,Not_E
TEST_00954,Not_E
TEST_00964,Not_E
TEST_00966,Not_E
TEST_00976,Not_E
TEST_00979,Not_E
TEST_00980,Not_E
TEST_00988,Not_E
TEST_00989,Not_E
TEST_00990,Not_E
TEST_00992,Not_E
TEST_00993,Not_E
TEST_00995,Not_E
TEST_00996,Not_E
TEST_00999,Not_E
TEST_01021,Not_E
TEST_01022,Not_E
TEST_01029,Not_E
TEST_01038,Not_E
TEST_01040,Not_E
TEST_01043,Not_E
TEST_01050,Not_E
TEST_01053,Not_E
TEST_01056,Not_E
TEST_01064,Not_E
TEST_01066,Not_E
TEST_01067,Not_E
TEST_01082,Not_E
TEST_01091,Not_E
TEST_01096,Not_E
TEST_01099,Not_E
TEST_01114,Not_E
TEST_01122,Not_E
TEST_01152,Not_E
TEST_01167,Not_E
TEST_01172,Not_E
TEST_01173,Not_E
TEST_01180,Not_E
TEST_01183,Not_E
TEST_01194,Not_E
TEST_01196,Not_E
TEST_01197,Not_E
TEST_01201,Not_E
TEST_01203,Not_E
TEST_01207,Not_E
TEST_01212,Not_E
TEST_01220,Not_E
TEST_01223,Not_E
TEST_01228,Not_E
TEST_01231,Not_E
TEST_01238,Not_E
TEST_01242,Not_E
TEST_01254,Not_E
TEST_01258,Not_E
TEST_01264,Not_E
TEST_01268,Not_E
TEST_01269,Not_E
TEST_01272,Not_E
TEST_01273,Not_E
TEST_01277,Not_E
TEST_01281,Not_E
TEST_01282,Not_E
TEST_01287,Not_E
TEST_01295,Not_E
TEST_01317,Not_E
TEST_01318,Not_E
TEST_01319,Not_E
TEST_01332,Not_E
TEST_01339,Not_E
TEST_01341,Not_E
TEST_01346,Not_E
TEST_01350,Not_E
TEST_01364,Not_E
TEST_01369,Not_E
TEST_01375,Not_E
TEST_01388,Not_E
TEST_01395,Not_E
TEST_01396,Not_E
TEST_01405,Not_E
TEST_01414,Not_E
TEST_01421,Not_E
TEST_01422,Not_E
TEST_01428,Not_E
TEST_01430,Not_E
TEST_01433,Not_E
TEST_01435,Not_E
TEST_01445,Not_E
TEST_01456,Not_E
TEST_01459,Not_E
TEST_01462,Not_E
TEST_01464,Not_E
TEST_01485,Not_E
TEST_01486,Not_E
TEST_01492,Not_E
TEST_01501,Not_E
TEST_01504,Not_E
TEST_01519,Not_E
TEST_01523,Not_E
TEST_01527,Not_E
TEST_01535,Not_E
TEST_01545,Not_E
TEST_01550,Not_E
TEST_01554,Not_E
TEST_01570,Not_E
TEST_01575,Not_E
TEST_01584,Not_E
TEST_01591,Not_E
TEST_01600,Not_E
TEST_01602,Not_E
TEST_01616,Not_E
TEST_01618,Not_E
TEST_01620,Not_E
TEST_01625,Not_E
TEST_01635,Not_E
TEST_01642,Not_E
TEST_01646,Not_E
TEST_01649,Not_E
TEST_01659,Not_E
TEST_01662,Not_E
TEST_01680,Not_E
TEST_01683,Not_E
TEST_01686,Not_E
TEST_01693,Not_E
TEST_01705,Not_E
TEST_01711,Not_E
TEST_01717,Not_E
TEST_01718,Not_E
TEST_01734,Not_E
TEST_01741,Not_E
TEST_01748,Not_E
TEST_01758,Not_E
TEST_01772,Not_E
TEST_01785,Not_E
TEST_01786,Not_E
TEST_01788,Not_E
TEST_01790,Not_E
TEST_01792,Not_E
TEST_01794,Not_E
TEST_01804,Not_E
TEST_01811,Not_E
TEST_01815,Not_E
TEST_01818,Not_E
TEST_01820,Not_E
TEST_01837,Not_E
TEST_01840,Not_E
TEST_01843,Not_E
TEST_01849,Not_E
TEST_01853,Not_E
TEST_01859,Not_E
TEST_01860,Not_E
TEST_01861,Not_E
TEST_01862,Not_E
TEST_01870,Not_E
TEST_01879,Not_E
TEST_01883,Not_E
TEST_01884,Not_E
TEST_01886,Not_E
TEST_01902,Not_E
TEST_01908,Not_E
TEST_01909,Not_E
TEST_01913,Not_E
TEST_01915,Not_E
TEST_01924,Not_E
TEST_01928,Not_E
TEST_01934,Not_E
TEST_01938,Not_E
TEST_01960,Not_E
TEST_01961,Not_E
TEST_01990,Not_E
TEST_01991,Not_E
TEST_01993,Not_E
TEST_02000,Not_E
TEST_02002,Not_E
TEST_02011,Not_E
TEST_02013,Not_E
TEST_02018,Not_E
TEST_02019,Not_E
TEST_02030,Not_E
TEST_02032,Not_E
TEST_02035,Not_E
TEST_02039,Not_E
TEST_02054,Not_E
TEST_02055,Not_E
TEST_02060,Not_E
TEST_02062,Not_E
TEST_02069,Not_E
TEST_02083,Not_E
TEST_02086,Not_E
TEST_02090,Not_E
TEST_02092,Not_E
TEST_02093,Not_E
TEST_02096,Not_E
TEST_02102,Not_E
TEST_02111,Not_E
TEST_02141,Not_E
TEST_02146,Not_E
TEST_02148,Not_E
TEST_02151,Not_E
TEST_02158,Not_E
TEST_02161,Not_E
TEST_02171,Not_E
TEST_02183,Not_E
TEST_02190,Not_E
TEST_02192,Not_E
TEST_02199,Not_E
TEST_02202,Not_E
TEST_02204,Not_E
TEST_02212,Not_E
TEST_02218,Not_E
TEST_02219,Not_E
TEST_02226,Not_E
TEST_02228,Not_E
TEST_02229,Not_E
TEST_02230,Not_E
TEST_02232,Not_E
TEST_02233,Not_E
TEST_02235,Not_E
TEST_02240,Not_E
TEST_02241,Not_E
TEST_02253,Not_E
TEST_02266,Not_E
TEST_02269,Not_E
TEST_02270,Not_E
TEST_02275,Not_E
TEST_02279,Not_E
TEST_02284,Not_E
TEST_02287,Not_E
TEST_02290,Not_E
TEST_02296,Not_E
TEST_02300,Not_E
TEST_02307,Not_E
TEST_02314,Not_E
TEST_02323,Not_E
TEST_02353,Not_E
TEST_02359,Not_E
TEST_02363,Not_E
TEST_02367,Not_E
TEST_02370,Not_E
TEST_02371,Not_E
TEST_02382,Not_E
TEST_02395,Not_E
TEST_02399,Not_E
TEST_02408,Not_E
TEST_02411,Not_E
TEST_02415,Not_E
TEST_02416,Not_E
TEST_02421,Not_E
TEST_02422,Not_E
TEST_02426,Not_E
TEST_02428,Not_E
TEST_02429,Not_E
TEST_02430,Not_E
TEST_02433,Not_E
TEST_02435,Not_E
TEST_02443,Not_E
TEST_02467,Not_E
TEST_02476,Not_E
TEST_02480,Not_E
TEST_02481,Not_E
TEST_02485,Not_E
TEST_02489,Not_E
TEST_02490,Not_E
TEST_02496,Not_E
TEST_02497,Not_E
TEST_02503,Not_E
TEST_02504,Not_E
TEST_02527,Not_E
TEST_02533,Not_E
TEST_02538,Not_E
TEST_02539,Not_E
TEST_02554,Not_E
TEST_02556,Not_E
TEST_02558,Not_E
TEST_02563,Not_E
TEST_02564,Not_E
TEST_02569,Not_E
TEST_02571,Not_E
TEST_02574,Not_E
TEST_02583,Not_E
TEST_02584,Not_E
TEST_02595,Not_E
TEST_02605,Not_E
TEST_02624,Not_E
TEST_02630,Not_E
TEST_02631,Not_E
TEST_02641,Not_E
TEST_02657,Not_E
TEST_02668,Not_E
TEST_02677,Not_E
TEST_02682,Not_E
TEST_02688,Not_E
TEST_02692,Not_E
TEST_02694,Not_E
TEST_02697,Not_E
TEST_02699,Not_E
TEST_02702,Not_E
TEST_02717,Not_E
TEST_02718,Not_E
TEST_02720,Not_E
TEST_02725,Not_E
TEST_02731,Not_E
TEST_02732,Not_E
TEST_02736,Not_E
TEST_02741,Not_E
TEST_02753,Not_E
TEST_02764,Not_E
TEST_02768,Not_E
TEST_02778,Not_E
TEST_02792,Not_E
TEST_02793,Not_E
TEST_02801,Not_E
TEST_02807,Not_E
TEST_02809,Not_E
TEST_02832,Not_E
TEST_02848,Not_E
TEST_02855,Not_E
TEST_02856,Not_E
TEST_02866,Not_E
TEST_02868,Not_E
TEST_02872,Not_E
TEST_02883,Not_E
TEST_02891,Not_E
TEST_02892,Not_E
TEST_02901,Not_E
TEST_02911,Not_E
TEST_02912,Not_E
TEST_02919,Not_E
TEST_02930,Not_E
TEST_02936,Not_E
TEST_02949,Not_E
TEST_02957,Not_E
TEST_02959,Not_E
TEST_02964,Not_E
TEST_02966,Not_E
TEST_02973,Not_E
TEST_02976,Not_E
TEST_02978,Not_E
TEST_02985,Not_E
TEST_02999,Not_E
TEST_03002,Not_E
TEST_03012,Not_E
TEST_03034,Not_E
TEST_03039,Not_E
TEST_03040,Not_E
TEST_03043,Not_E
TEST_03048,Not_E
TEST_03051,Not_E
TEST_03063,Not_E
TEST_03065,Not_E
TEST_03071,Not_E
TEST_03073,Not_E
TEST_03083,Not_E
TEST_03085,Not_E
TEST_03087,Not_E
TEST_03088,Not_E
TEST_03094,Not_E
TEST_03095,Not_E
TEST_03099,Not_E
TEST_03110,Not_E
TEST_03115,Not_E
TEST_03135,Not_E
TEST_03142,Not_E
TEST_03147,Not_E
TEST_03148,Not_E
TEST_03149,Not_E
TEST_03154,Not_E
TEST_03156,Not_E
TEST_03162,Not_E
TEST_03176,Not_E
TEST_03179,Not_E
TEST_03182,Not_E
TEST_03187,Not_E
TEST_03191,Not_E
TEST_03194,Not_E
TEST_03197,Not_E
TEST_03198,Not_E
TEST_03199,Not_E
TEST_03206,Not_E
TEST_03207,Not_E
TEST_03218,Not_E
TEST_03219,Not_E
TEST_03223,Not_E
TEST_03232,Not_E
TEST_03238,Not_E
TEST_03253,Not_E
TEST_03265,Not_E
TEST_03268,Not_E
TEST_03270,Not_E
TEST_03273,Not_E
TEST_03276,Not_E
TEST_03282,Not_E
TEST_03287,Not_E
TEST_03298,Not_E
TEST_03301,Not_E
TEST_03311,Not_E
TEST_03313,Not_E
TEST_03322,Not_E
TEST_03328,Not_E
TEST_03330,Not_E
TEST_03334,Not_E
TEST_03339,Not_E
TEST_03342,Not_E
TEST_03345,Not_E
TEST_03347,Not_E
TEST_03350,Not_E
TEST_03351,Not_E
TEST_03354,Not_E
TEST_03361,Not_E
TEST_03365,Not_E
TEST_03372,Not_E
TEST_03376,Not_E
TEST_03381,Not_E
TEST_03387,Not_E
TEST_03390,Not_E
TEST_03403,Not_E
TEST_03406,Not_E
TEST_03411,Not_E
TEST_03414,Not_E
TEST_03423,Not_E
TEST_03424,Not_E
TEST_03426,Not_E
TEST_03429,Not_E
TEST_03435,Not_E
TEST_03436,Not_E
TEST_03440,Not_E
TEST_03442,Not_E
TEST_03453,Not_E
TEST_03457,Not_E
TEST_03465,Not_E
TEST_03466,Not_E
TEST_03469,Not_E
TEST_03473,Not_E
TEST_03483,Not_E
TEST_03491,Not_E
TEST_03504,Not_E
TEST_03517,Not_E
TEST_03547,Not_E
TEST_03558,Not_E
TEST_03564,Not_E
TEST_03566,Not_E
TEST_03578,Not_E
TEST_03580,Not_E
TEST_03585,Not_E
TEST_03589,Not_E
TEST_03594,Not_E
TEST_03597,Not_E
TEST_03603,Not_E
TEST_03606,Not_E
TEST_03611,Not_E
TEST_03615,Not_E
TEST_03616,Not_E
TEST_03622,Not_E
TEST_03623,Not_E
TEST_03634,Not_E
TEST_03637,Not_E
TEST_03639,Not_E
TEST_03646,Not_E
TEST_03648,Not_E
TEST_03666,Not_E
TEST_03670,Not_E
TEST_03673,Not_E
TEST_03674,Not_E
TEST_03691,Not_E
TEST_03694,Not_E
TEST_03711,Not_E
TEST_03719,Not_E
TEST_03731,Not_E
TEST_03739,Not_E
TEST_03753,Not_E
TEST_03759,Not_E
TEST_03766,Not_E
TEST_03772,Not_E
TEST_03785,Not_E
TEST_03797,Not_E
TEST_03800,Not_E
TEST_03810,Not_E
TEST_03811,Not_E
TEST_03813,Not_E
TEST_03824,Not_E
TEST_03825,Not_E
TEST_03837,Not_E
TEST_03843,Not_E
TEST_03858,Not_E
TEST_03859,Not_E
TEST_03866,Not_E
TEST_03877,Not_E
TEST_03881,Not_E
TEST_03884,Not_E
TEST_03898,Not_E
TEST_03899,Not_E
TEST_03903,Not_E
TEST_03913,Not_E
TEST_03914,Not_E
TEST_03932,Not_E
TEST_03940,Not_E
TEST_03947,Not_E
TEST_03948,Not_E
TEST_03951,Not_E
TEST_03955,Not_E
TEST_03964,Not_E
TEST_03965,Not_E
TEST_03971,Not_E
TEST_03975,Not_E
TEST_03984,Not_E
TEST_03990,Not_E
TEST_03998,Not_E
TEST_04013,Not_E
TEST_04022,Not_E
TEST_04026,Not_E
TEST_04031,Not_E
TEST_04037,Not_E
TEST_04068,Not_E
TEST_04084,Not_E
TEST_04089,Not_E
TEST_04090,Not_E
TEST_04096,Not_E
TEST_04098,Not_E
TEST_04102,Not_E
TEST_04128,Not_E
TEST_04134,Not_E
TEST_04140,Not_E
TEST_04148,Not_E
TEST_04149,Not_E
TEST_04152,Not_E
TEST_04153,Not_E
TEST_04160,Not_E
TEST_04161,Not_E
TEST_04162,Not_E
TEST_04166,Not_E
TEST_04167,Not_E
TEST_04172,Not_E
TEST_04175,Not_E
TEST_04187,Not_E
TEST_04200,Not_E
TEST_04202,Not_E
TEST_04206,Not_E
TEST_04215,Not_E
TEST_04217,Not_E
TEST_04220,Not_E
TEST_04223,Not_E
TEST_04225,Not_E
TEST_04226,Not_E
TEST_04229,Not_E
TEST_04247,Not_E
TEST_04262,Not_E
TEST_04264,Not_E
TEST_04269,Not_E
TEST_04272,Not_E
TEST_04281,Not_E
TEST_04287,Not_E
TEST_04292,Not_E
TEST_04303,Not_E
TEST_04304,Not_E
TEST_04309,Not_E
TEST_04310,Not_E
TEST_04314,Not_E
TEST_04326,Not_E
TEST_04332,Not_E
TEST_04335,Not_E
TEST_04337,Not_E
TEST_04343,Not_E
TEST_04364,Not_E
TEST_04370,Not_E
TEST_04371,Not_E
TEST_04387,Not_E
TEST_04397,Not_E
TEST_04400,Not_E
TEST_04402,Not_E
TEST_04426,Not_E
TEST_04431,Not_E
TEST_04434,Not_E
TEST_04449,Not_E
TEST_04455,Not_E
TEST_04466,Not_E
TEST_04470,Not_E
TEST_04471,Not_E
TEST_04477,Not_E
TEST_04485,Not_E
TEST_04501,Not_E
TEST_04503,Not_E
TEST_04505,Not_E
TEST_04507,Not_E
TEST_04508,Not_E
TEST_04510,Not_E
TEST_04511,Not_E
TEST_04512,Not_E
TEST_04513,Not_E
TEST_04515,Not_E
TEST_04531,Not_E
TEST_04536,Not_E
TEST_04540,Not_E
TEST_04543,Not_E
TEST_04548,Not_E
TEST_04558,Not_E
TEST_04559,Not_E
TEST_04560,Not_E
TEST_04566,Not_E
TEST_04568,Not_E
TEST_04572,Not_E
TEST_04574,Not_E
TEST_04579,Not_E
TEST_04593,Not_E
TEST_04597,Not_E
TEST_04601,Not_E
TEST_04604,Not_E
TEST_04611,Not_E
TEST_04624,Not_E
TEST_04640,Not_E
TEST_04643,Not_E
TEST_04648,Not_E
TEST_04651,Not_E
TEST_04653,Not_E
TEST_04659,Not_E
TEST_04667,Not_E
TEST_04669,Not_E
TEST_04670,Not_E
TEST_04677,Not_E
TEST_04678,Not_E
TEST_04687,Not_E
TEST_04688,Not_E
TEST_04690,Not_E
TEST_04696,Not_E
TEST_04699,Not_E
TEST_04703,Not_E
TEST_04714,Not_E
TEST_04720,Not_E
TEST_04729,Not_E
TEST_04734,Not_E
TEST_04736,Not_E
TEST_04737,Not_E
TEST_04744,Not_E
TEST_04754,Not_E
TEST_04758,Not_E
TEST_04768,Not_E
TEST_04769,Not_E
TEST_04780,Not_E
TEST_04781,Not_E
TEST_04785,Not_E
TEST_04788,Not_E
TEST_04793,Not_E
TEST_04801,Not_E
TEST_04805,Not_E
TEST_04823,Not_E
TEST_04825,Not_E
TEST_04838,Not_E
TEST_04839,Not_E
TEST_04845,Not_E
TEST_04857,Not_E
TEST_04900,Not_E
TEST_04901,Not_E
TEST_04909,Not_E
TEST_04910,Not_E
TEST_04913,Not_E
TEST_04929,Not_E
TEST_04930,Not_E
TEST_04933,Not_E
TEST_04940,Not_E
TEST_04941,Not_E
TEST_04970,Not_E
TEST_04972,Not_E
TEST_04974,Not_E
TEST_05000,Not_E
TEST_05015,Not_E
TEST_05020,Not_E
TEST_05022,Not_E
TEST_05025,Not_E
TEST_05034,Not_E
TEST_05039,Not_E
TEST_05041,Not_E
TEST_05045,Not_E
TEST_05046,Not_E
TEST_05049,Not_E
TEST_05051,Not_E
TEST_05053,Not_E
TEST_05054,Not_E
TEST_05057,Not_E
TEST_05059,Not_E
TEST_05060,Not_E
TEST_05085,Not_E
TEST_05098,Not_E
TEST_05103,Not_E
TEST_05108,Not_E
TEST_05118,Not_E
TEST_05119,Not_E
TEST_05123,Not_E
TEST_05131,Not_E
TEST_05134,Not_E
TEST_05137,Not_E
TEST_05142,Not_E
TEST_05143,Not_E
TEST_05146,Not_E
TEST_05149,Not_E
TEST_05150,Not_E
TEST_05152,Not_E
TEST_05155,Not_E
TEST_05159,Not_E
TEST_05161,Not_E
TEST_05195,Not_E
TEST_05196,Not_E
TEST_05201,Not_E
TEST_05210,Not_E
TEST_05213,Not_E
TEST_05215,Not_E
TEST_05224,Not_E
TEST_05225,Not_E
TEST_05229,Not_E
TEST_05249,Not_E
TEST_05265,Not_E
TEST_05266,Not_E
TEST_05267,Not_E
TEST_05268,Not_E
TEST_05272,Not_E
TEST_05274,Not_E
TEST_05289,Not_E
TEST_05306,Not_E
TEST_05313,Not_E
TEST_05319,Not_E
TEST_05324,Not_E
TEST_05343,Not_E
TEST_05344,Not_E
TEST_05347,Not_E
TEST_05378,Not_E
TEST_05387,Not_E
TEST_05400,Not_E
TEST_05405,Not_E
TEST_05415,Not_E
TEST_05437,Not_E
TEST_05440,Not_E
TEST_05458,Not_E
TEST_05479,Not_E
TEST_05494,Not_E
TEST_05529,Not_E
TEST_05534,Not_E
TEST_05539,Not_E
TEST_05540,Not_E
TEST_05542,Not_E
TEST_05544,Not_E
TEST_05561,Not_E
TEST_05570,Not_E
TEST_05577,Not_E
TEST_05579,Not_E
TEST_05582,Not_E
TEST_05597,Not_E
TEST_05609,Not_E
TEST_05622,Not_E
TEST_05625,Not_E
TEST_05627,Not_E
TEST_05640,Not_E
TEST_05643,Not_E
TEST_05646,Not_E
TEST_05651,Not_E
TEST_05660,Not_E
TEST_05666,Not_E
TEST_05674,Not_E
TEST_05676,Not_E
TEST_05678,Not_E
TEST_05683,Not_E
TEST_05700,Not_E
TEST_05708,Not_E
TEST_05709,Not_E
TEST_05724,Not_E
TEST_05726,Not_E
TEST_05729,Not_E
TEST_05744,Not_E
TEST_05747,Not_E
TEST_05751,Not_E
TEST_05752,Not_E
TEST_05767,Not_E
TEST_05781,Not_E
TEST_05783,Not_E
TEST_05786,Not_E
TEST_05787,Not_E
TEST_05791,Not_E
TEST_05802,Not_E
TEST_05807,Not_E
TEST_05812,Not_E
TEST_05814,Not_E
TEST_05816,Not_E
TEST_05818,Not_E
TEST_05826,Not_E
TEST_05831,Not_E
TEST_05843,Not_E
TEST_05854,Not_E
TEST_05861,Not_E
TEST_05864,Not_E
TEST_05866,Not_E
TEST_05868,Not_E
TEST_05879,Not_E
TEST_05890,Not_E
TEST_05891,Not_E
TEST_05901,Not_E
TEST_05908,Not_E
TEST_05916,Not_E
TEST_05922,Not_E
TEST_05925,Not_E
TEST_05930,Not_E
TEST_05932,Not_E
TEST_05937,Not_E
TEST_05944,Not_E
TEST_05950,Not_E
TEST_05953,Not_E
TEST_05963,Not_E
TEST_05964,Not_E
TEST_05965,Not_E
TEST_05972,Not_E
TEST_05974,Not_E
TEST_05975,Not_E
TEST_05977,Not_E
TEST_05984,Not_E
TEST_05990,Not_E
TEST_05991,Not_E
TEST_05992,Not_E
TEST_05994,Not_E
TEST_06002,Not_E
TEST_06006,Not_E
TEST_06007,Not_E
TEST_06010,Not_E
TEST_06021,Not_E
TEST_06028,Not_E
TEST_06033,Not_E
TEST_06042,Not_E
TEST_06047,Not_E
TEST_06048,Not_E
TEST_06053,Not_E
TEST_06054,Not_E
TEST_06056,Not_E
TEST_06060,Not_E
TEST_06062,Not_E
TEST_06065,Not_E
TEST_06076,Not_E
TEST_06089,Not_E
TEST_06096,Not_E
TEST_06105,Not_E
TEST_06116,Not_E
TEST_06127,Not_E
TEST_06129,Not_E
TEST_06134,Not_E
TEST_06135,Not_E
TEST_06141,Not_E
TEST_06147,Not_E
TEST_06167,Not_E
TEST_06170,Not_E
TEST_06175,Not_E
TEST_06178,Not_E
TEST_06190,Not_E
TEST_06197,Not_E
TEST_06199,Not_E
TEST_06201,Not_E
TEST_06217,Not_E
TEST_06218,Not_E
TEST_06225,Not_E
TEST_06234,Not_E
TEST_06246,Not_E
TEST_06252,Not_E
TEST_06259,Not_E
TEST_06267,Not_E
TEST_06275,Not_E
TEST_06278,Not_E
TEST_06282,Not_E
TEST_06294,Not_E
TEST_06295,Not_E
TEST_06296,Not_E
TEST_06301,Not_E
TEST_06304,Not_E
TEST_06311,Not_E
TEST_06313,Not_E
TEST_06317,Not_E
TEST_06326,Not_E
TEST_06329,Not_E
TEST_06339,Not_E
TEST_06365,Not_E
TEST_06367,Not_E
TEST_06370,Not_E
TEST_06384,Not_E
TEST_06396,Not_E
TEST_06399,Not_E
TEST_06404,Not_E
TEST_06406,Not_E
TEST_06407,Not_E
TEST_06417,Not_E
TEST_06425,Not_E
TEST_06430,Not_E
TEST_06433,Not_E
TEST_06435,Not_E
TEST_06456,Not_E
TEST_06483,Not_E
TEST_06488,Not_E
TEST_06493,Not_E
TEST_06496,Not_E
TEST_06501,Not_E
TEST_06502,Not_E
TEST_06507,Not_E
TEST_06508,Not_E
TEST_06519,Not_E
TEST_06520,Not_E
TEST_06525,Not_E
TEST_06535,Not_E
TEST_06536,Not_E
TEST_06537,Not_E
TEST_06540,Not_E
TEST_06542,Not_E
TEST_06544,Not_E
TEST_06546,Not_E
TEST_06560,Not_E
TEST_06568,Not_E
TEST_06574,Not_E
TEST_06585,Not_E
TEST_06590,Not_E
TEST_06592,Not_E
TEST_06598,Not_E
TEST_06607,Not_E
TEST_06609,Not_E
TEST_06627,Not_E
TEST_06635,Not_E
TEST_06642,Not_E
TEST_06655,Not_E
TEST_06656,Not_E
TEST_06660,Not_E
TEST_06661,Not_E
TEST_06672,Not_E
TEST_06685,Not_E
TEST_06689,Not_E
TEST_06699,Not_E
TEST_06701,Not_E
TEST_06713,Not_E
TEST_06727,Not_E
TEST_06732,Not_E
TEST_06734,Not_E
TEST_06735,Not_E
TEST_06746,Not_E
TEST_06750,Not_E
TEST_06752,Not_E
TEST_06755,Not_E
TEST_06758,Not_E
TEST_06769,Not_E
TEST_06773,Not_E
TEST_06786,Not_E
TEST_06788,Not_E
TEST_06796,Not_E
TEST_06811,Not_E
TEST_06812,Not_E
TEST_06814,Not_E
TEST_06827,Not_E
TEST_06837,Not_E
TEST_06838,Not_E
TEST_06839,Not_E
TEST_06848,Not_E
TEST_06856,Not_E
TEST_06886,Not_E
TEST_06897,Not_E
TEST_06900,Not_E
TEST_06918,Not_E
TEST_06931,Not_E
TEST_06934,Not_E
TEST_06936,Not_E
TEST_06937,Not_E
TEST_06957,Not_E
TEST_06962,Not_E
TEST_06965,Not_E
TEST_06967,Not_E
TEST_06978,Not_E
TEST_06980,Not_E
TEST_06981,Not_E
TEST_06985,Not_E
TEST_06992,Not_E
TEST_07000,Not_E
TEST_07003,Not_E
TEST_07008,Not_E
TEST_07014,Not_E
TEST_07019,Not_E
TEST_07024,Not_E
TEST_07025,Not_E
TEST_07029,Not_E
TEST_07036,Not_E
TEST_07037,Not_E
TEST_07041,Not_E
TEST_07045,Not_E
TEST_07046,Not_E
TEST_07049,Not_E
TEST_07050,Not_E
TEST_07061,Not_E
TEST_07063,Not_E
TEST_07066,Not_E
TEST_07067,Not_E
TEST_07068,Not_E
TEST_07070,Not_E
TEST_07073,Not_E
TEST_07075,Not_E
TEST_07079,Not_E
TEST_07092,Not_E
TEST_07100,Not_E
TEST_07104,Not_E
TEST_07114,Not_E
TEST_07132,Not_E
TEST_07139,Not_E
TEST_07151,Not_E
TEST_07155,Not_E
TEST_07156,Not_E
TEST_07162,Not_E
TEST_07164,Not_E
TEST_07171,Not_E
TEST_07180,Not_E
TEST_07190,Not_E
TEST_07198,Not_E
TEST_07209,Not_E
TEST_07211,Not_E
TEST_07212,Not_E
TEST_07221,Not_E
TEST_07223,Not_E
TEST_07232,Not_E
TEST_07244,Not_E
TEST_07247,Not_E
TEST_07249,Not_E
TEST_07259,Not_E
TEST_07267,Not_E
TEST_07272,Not_E
TEST_07285,Not_E
TEST_07292,Not_E
TEST_07294,Not_E
TEST_07299,Not_E
TEST_07309,Not_E
TEST_07310,Not_E
TEST_07313,Not_E
TEST_07325,Not_E
TEST_07328,Not_E
TEST_07330,Not_E
TEST_07342,Not_E
TEST_07347,Not_E
TEST_07352,Not_E
TEST_07359,Not_E
TEST_07360,Not_E
TEST_07364,Not_E
TEST_07367,Not_E
TEST_07380,Not_E
TEST_07381,Not_E
TEST_07389,Not_E
TEST_07390,Not_E
TEST_07395,Not_E
TEST_07407,Not_E
TEST_07408,Not_E
TEST_07416,Not_E
TEST_07417,Not_E
TEST_07420,Not_E
TEST_07430,Not_E
TEST_07432,Not_E
TEST_07436,Not_E
TEST_07437,Not_E
TEST_07438,Not_E
TEST_07442,Not_E
TEST_07454,Not_E
TEST_07459,Not_E
TEST_07467,Not_E
TEST_07468,Not_E
TEST_07473,Not_E
TEST_07478,Not_E
TEST_07479,Not_E
TEST_07491,Not_E
TEST_07496,Not_E
TEST_07498,Not_E
TEST_07501,Not_E
TEST_07505,Not_E
TEST_07506,Not_E
TEST_07511,Not_E
TEST_07537,Not_E
TEST_07559,Not_E
TEST_07565,Not_E
TEST_07579,Not_E
TEST_07601,Not_E
TEST_07608,Not_E
TEST_07609,Not_E
TEST_07610,Not_E
TEST_07622,Not_E
TEST_07631,Not_E
TEST_07640,Not_E
TEST_07642,Not_E
TEST_07650,Not_E
TEST_07663,Not_E
TEST_07666,Not_E
TEST_07667,Not_E
TEST_07670,Not_E
TEST_07677,Not_E
TEST_07679,Not_E
TEST_07680,Not_E
TEST_07681,Not_E
TEST_07686,Not_E
TEST_07688,Not_E
TEST_07693,Not_E
TEST_07695,Not_E
TEST_07696,Not_E
TEST_07698,Not_E
TEST_07699,Not_E
TEST_07704,Not_E
TEST_07708,Not_E
TEST_07709,Not_E
TEST_07716,Not_E
TEST_07727,Not_E
TEST_07730,Not_E
TEST_07734,Not_E
TEST_07739,Not_E
TEST_07744,Not_E
TEST_07751,Not_E
TEST_07752,Not_E
TEST_07753,Not_E
TEST_07763,Not_E
TEST_07774,Not_E
TEST_07780,Not_E
TEST_07783,Not_E
TEST_07789,Not_E
TEST_07794,Not_E
TEST_07795,Not_E
TEST_07797,Not_E
TEST_07803,Not_E
TEST_07808,Not_E
TEST_07810,Not_E
TEST_07811,Not_E
TEST_07812,Not_E
TEST_07813,Not_E
TEST_07815,Not_E
TEST_07823,Not_E
TEST_07829,Not_E
TEST_07831,Not_E
TEST_07832,Not_E
TEST_07844,Not_E
TEST_07851,Not_E
TEST_07852,Not_E
TEST_07863,Not_E
TEST_07869,Not_E
TEST_07879,Not_E
TEST_07880,Not_E
TEST_07882,Not_E
TEST_07883,Not_E
TEST_07884,Not_E
TEST_07892,Not_E
TEST_07902,Not_E
TEST_07907,Not_E
TEST_07918,Not_E
TEST_07919,Not_E
TEST_07929,Not_E
TEST_07934,Not_E
TEST_07936,Not_E
TEST_07940,Not_E
TEST_07943,Not_E
TEST_07956,Not_E
TEST_07965,Not_E
TEST_07974,Not_E
TEST_07975,Not_E
TEST_07983,Not_E
TEST_07985,Not_E
TEST_07990,Not_E
TEST_07993,Not_E
TEST_08002,Not_E
TEST_08012,Not_E
TEST_08030,Not_E
TEST_08045,Not_E
TEST_08051,Not_E
TEST_08056,Not_E
TEST_08062,Not_E
TEST_08067,Not_E
TEST_08079,Not_E
TEST_08085,Not_E
TEST_08088,Not_E
TEST_08096,Not_E
TEST_08099,Not_E
TEST_08104,Not_E
TEST_08107,Not_E
TEST_08121,Not_E
TEST_08130,Not_E
TEST_08135,Not_E
TEST_08142,Not_E
TEST_08147,Not_E
TEST_08178,Not_E
TEST_08183,Not_E
TEST_08189,Not_E
TEST_08192,Not_E
TEST_08201,Not_E
TEST_08202,Not_E
TEST_08221,Not_E
TEST_08233,Not_E
TEST_08246,Not_E
TEST_08251,Not_E
TEST_08252,Not_E
TEST_08255,Not_E
TEST_08257,Not_E
TEST_08261,Not_E
TEST_08262,Not_E
TEST_08265,Not_E
TEST_08269,Not_E
TEST_08276,Not_E
TEST_08284,Not_E
TEST_08286,Not_E
TEST_08290,Not_E
TEST_08299,Not_E
TEST_08307,Not_E
TEST_08314,Not_E
TEST_08315,Not_E
TEST_08322,Not_E
TEST_08323,Not_E
TEST_08328,Not_E
TEST_08349,Not_E
TEST_08352,Not_E
TEST_08354,Not_E
TEST_08359,Not_E
TEST_08360,Not_E
TEST_08369,Not_E
TEST_08372,Not_E
TEST_08382,Not_E
TEST_08408,Not_E
TEST_08409,Not_E
TEST_08412,Not_E
TEST_08416,Not_E
TEST_08418,Not_E
TEST_08428,Not_E
TEST_08435,Not_E
TEST_08442,Not_E
TEST_08445,Not_E
TEST_08449,Not_E
TEST_08481,Not_E
TEST_08490,Not_E
TEST_08498,Not_E
TEST_08509,Not_E
TEST_08510,Not_E
TEST_08518,Not_E
TEST_08521,Not_E
TEST_08527,Not_E
TEST_08542,Not_E
TEST_08543,Not_E
TEST_08544,Not_E
TEST_08550,Not_E
TEST_08552,Not_E
TEST_08555,Not_E
TEST_08570,Not_E
TEST_08571,Not_E
TEST_08576,Not_E
TEST_08582,Not_E
TEST_08583,Not_E
TEST_08590,Not_E
TEST_08594,Not_E
TEST_08600,Not_E
TEST_08604,Not_E
TEST_08613,Not_E
TEST_08622,Not_E
TEST_08628,Not_E
TEST_08629,Not_E
TEST_08634,Not_E
TEST_08639,Not_E
TEST_08653,Not_E
TEST_08657,Not_E
TEST_08665,Not_E
TEST_08666,Not_E
TEST_08673,Not_E
TEST_08674,Not_E
TEST_08687,Not_E
TEST_08698,Not_E
TEST_08699,Not_E
TEST_08708,Not_E
TEST_08717,Not_E
TEST_08719,Not_E
TEST_08721,Not_E
TEST_08725,Not_E
TEST_08729,Not_E
TEST_08733,Not_E
TEST_08743,Not_E
TEST_08747,Not_E
TEST_08751,Not_E
TEST_08759,Not_E
TEST_08761,Not_E
TEST_08763,Not_E
TEST_08767,Not_E
TEST_08769,Not_E
TEST_08775,Not_E
TEST_08776,Not_E
TEST_08782,Not_E
TEST_08784,Not_E
TEST_08785,Not_E
TEST_08795,Not_E
TEST_08804,Not_E
TEST_08816,Not_E
TEST_08825,Not_E
TEST_08836,Not_E
TEST_08838,Not_E
TEST_08850,Not_E
TEST_08851,Not_E
TEST_08857,Not_E
TEST_08858,Not_E
TEST_08859,Not_E
TEST_08860,Not_E
TEST_08864,Not_E
TEST_08870,Not_E
TEST_08873,Not_E
TEST_08874,Not_E
TEST_08882,Not_E
TEST_08888,Not_E
TEST_08893,Not_E
TEST_08900,Not_E
TEST_08906,Not_E
TEST_08912,Not_E
TEST_08933,Not_E
TEST_08935,Not_E
TEST_08936,Not_E
TEST_08937,Not_E
TEST_08948,Not_E
TEST_08951,Not_E
TEST_08952,Not_E
TEST_08958,Not_E
TEST_08964,Not_E
TEST_08965,Not_E
TEST_08983,Not_E
TEST_08987,Not_E
TEST_08990,Not_E
TEST_08997,Not_E
TEST_09001,Not_E
TEST_09007,Not_E
TEST_09010,Not_E
TEST_09016,Not_E
TEST_09018,Not_E
TEST_09019,Not_E
TEST_09022,Not_E
TEST_09023,Not_E
TEST_09026,Not_E
TEST_09027,Not_E
TEST_09033,Not_E
TEST_09040,Not_E
TEST_09045,Not_E
TEST_09049,Not_E
TEST_09050,Not_E
TEST_09058,Not_E
TEST_09062,Not_E
TEST_09065,Not_E
TEST_09068,Not_E
TEST_09073,Not_E
TEST_09082,Not_E
TEST_09084,Not_E
TEST_09087,Not_E
TEST_09089,Not_E
TEST_09096,Not_E
TEST_09103,Not_E
TEST_09113,Not_E
TEST_09119,Not_E
TEST_09124,Not_E
TEST_09128,Not_E
TEST_09131,Not_E
TEST_09132,Not_E
TEST_09137,Not_E
TEST_09142,Not_E
TEST_09145,Not_E
TEST_09152,Not_E
TEST_09164,Not_E
TEST_09165,Not_E
TEST_09168,Not_E
TEST_09171,Not_E
TEST_09173,Not_E
TEST_09174,Not_E
TEST_09182,Not_E
TEST_09193,Not_E
TEST_09199,Not_E
TEST_09215,Not_E
TEST_09225,Not_E
TEST_09243,Not_E
TEST_09248,Not_E
TEST_09252,Not_E
TEST_09254,Not_E
TEST_09255,Not_E
TEST_09259,Not_E
TEST_09261,Not_E
TEST_09277,Not_E
TEST_09278,Not_E
TEST_09283,Not_E
TEST_09292,Not_E
TEST_09302,Not_E
TEST_09307,Not_E
TEST_09310,Not_E
TEST_09317,Not_E
TEST_09320,Not_E
TEST_09322,Not_E
TEST_09324,Not_E
TEST_09329,Not_E
TEST_09336,Not_E
TEST_09337,Not_E
TEST_09338,Not_E
TEST_09341,Not_E
TEST_09342,Not_E
TEST_09349,Not_E
TEST_09351,Not_E
TEST_09356,Not_E
TEST_09357,Not_E
TEST_09362,Not_E
TEST_09367,Not_E
TEST_09368,Not_E
TEST_09372,Not_E
TEST_09384,Not_E
TEST_09387,Not_E
TEST_09389,Not_E
TEST_09396,Not_E
TEST_09400,Not_E
TEST_09420,Not_E
TEST_09440,Not_E
TEST_09442,Not_E
TEST_09448,Not_E
TEST_09459,Not_E
TEST_09469,Not_E
TEST_09481,Not_E
TEST_09483,Not_E
TEST_09490,Not_E
TEST_09497,Not_E
TEST_09512,Not_E
TEST_09521,Not_E
TEST_09523,Not_E
TEST_09530,Not_E
TEST_09540,Not_E
TEST_09551,Not_E
TEST_09552,Not_E
TEST_09555,Not_E
TEST_09556,Not_E
TEST_09558,Not_E
TEST_09562,Not_E
TEST_09574,Not_E
TEST_09577,Not_E
TEST_09580,Not_E
TEST_09585,Not_E
TEST_09601,Not_E
TEST_09606,Not_E
TEST_09609,Not_E
TEST_09626,Not_E
TEST_09629,Not_E
TEST_09630,Not_E
TEST_09631,Not_E
TEST_09632,Not_E
TEST_09634,Not_E
TEST_09641,Not_E
TEST_09643,Not_E
TEST_09644,Not_E
TEST_09645,Not_E
TEST_09657,Not_E
TEST_09658,Not_E
TEST_09666,Not_E
TEST_09667,Not_E
TEST_09668,Not_E
TEST_09674,Not_E
TEST_09675,Not_E
TEST_09679,Not_E
TEST_09694,Not_E
TEST_09697,Not_E
TEST_09708,Not_E
TEST_09712,Not_E
TEST_09717,Not_E
TEST_09718,Not_E
TEST_09720,Not_E
TEST_09722,Not_E
TEST_09725,Not_E
TEST_09726,Not_E
TEST_09738,Not_E
TEST_09740,Not_E
TEST_09754,Not_E
TEST_09756,Not_E
TEST_09758,Not_E
TEST_09770,Not_E
TEST_09772,Not_E
TEST_09776,Not_E
TEST_09780,Not_E
TEST_09783,Not_E
TEST_09788,Not_E
TEST_09794,Not_E
TEST_09801,Not_E
TEST_09803,Not_E
TEST_09805,Not_E
TEST_09807,Not_E
TEST_09809,Not_E
TEST_09811,Not_E
TEST_09813,Not_E
TEST_09817,Not_E
TEST_09818,Not_E
TEST_09819,Not_E
TEST_09833,Not_E
TEST_09835,Not_E
TEST_09845,Not_E
TEST_09848,Not_E
TEST_09853,Not_E
TEST_09857,Not_E
TEST_09860,Not_E
TEST_09865,Not_E
TEST_09866,Not_E
TEST_09881,Not_E
TEST_09887,Not_E
TEST_09889,Not_E
TEST_09905,Not_E
TEST_09906,Not_E
TEST_09912,Not_E
TEST_09927,Not_E
TEST_09931,Not_E
TEST_09944,Not_E
TEST_09958,Not_E
TEST_09971,Not_E
TEST_09977,Not_E
TEST_09981,Not_E
TEST_09997,Not_E
TEST_10001,Not_E
TEST_10004,Not_E
TEST_10020,Not_E
TEST_10022,Not_E
TEST_10027,Not_E
TEST_10028,Not_E
TEST_10031,Not_E
TEST_10034,Not_E
TEST_10037,Not_E
TEST_10039,Not_E
TEST_10040,Not_E
TEST_10051,Not_E
TEST_10054,Not_E
TEST_10056,Not_E
TEST_10061,Not_E
TEST_10063,Not_E
TEST_10075,Not_E
TEST_10087,Not_E
TEST_10091,Not_E
TEST_10093,Not_E
TEST_10102,Not_E
TEST_10117,Not_E
TEST_10138,Not_E
TEST_10141,Not_E
TEST_10147,Not_E
TEST_10150,Not_E
TEST_10161,Not_E
TEST_10166,Not_E
TEST_10173,Not_E
TEST_10174,Not_E
TEST_10184,Not_E
TEST_10197,Not_E
TEST_10199,Not_E
TEST_10213,Not_E
TEST_10226,Not_E
TEST_10231,Not_E
TEST_10236,Not_E
TEST_10237,Not_E
TEST_10239,Not_E
TEST_10247,Not_E
TEST_10250,Not_E
TEST_10252,Not_E
TEST_10256,Not_E
TEST_10271,Not_E
TEST_10275,Not_E
TEST_10279,Not_E
TEST_10285,Not_E
TEST_10286,Not_E
TEST_10298,Not_E
TEST_10299,Not_E
TEST_10300,Not_E
TEST_10305,Not_E
TEST_10306,Not_E
TEST_10310,Not_E
TEST_10326,Not_E
TEST_10333,Not_E
TEST_10336,Not_E
TEST_10347,Not_E
TEST_10359,Not_E
TEST_10362,Not_E
TEST_10366,Not_E
TEST_10373,Not_E
TEST_10377,Not_E
TEST_10382,Not_E
TEST_10383,Not_E
TEST_10385,Not_E
TEST_10392,Not_E
TEST_10393,Not_E
TEST_10394,Not_E
TEST_10395,Not_E
TEST_10408,Not_E
TEST_10425,Not_E
TEST_10437,Not_E
TEST_10441,Not_E
TEST_10443,Not_E
TEST_10449,Not_E
TEST_10456,Not_E
TEST_10475,Not_E
TEST_10481,Not_E
TEST_10483,Not_E
TEST_10498,Not_E
TEST_10500,Not_E
TEST_10502,Not_E
TEST_10507,Not_E
TEST_10508,Not_E
TEST_10510,Not_E
TEST_10521,Not_E
TEST_10532,Not_E
TEST_10546,Not_E
TEST_10547,Not_E
TEST_10555,Not_E
TEST_10557,Not_E
TEST_10558,Not_E
TEST_10561,Not_E
TEST_10562,Not_E
TEST_10568,Not_E
TEST_10578,Not_E
TEST_10579,Not_E
TEST_10581,Not_E
TEST_10583,Not_E
TEST_10591,Not_E
TEST_10596,Not_E
TEST_10603,Not_E
TEST_10620,Not_E
TEST_10623,Not_E
TEST_10645,Not_E
TEST_10647,Not_E
TEST_10659,Not_E
TEST_10660,Not_E
TEST_10673,Not_E
TEST_10692,Not_E
TEST_10699,Not_E
TEST_10706,Not_E
TEST_10708,Not_E
TEST_10717,Not_E
TEST_10727,Not_E
TEST_10743,Not_E
TEST_10748,Not_E
TEST_10750,Not_E
TEST_10752,Not_E
TEST_10754,Not_E
TEST_10757,Not_E
TEST_10758,Not_E
TEST_10763,Not_E
TEST_10766,Not_E
TEST_10780,Not_E
TEST_10781,Not_E
TEST_10793,Not_E
TEST_10794,Not_E
TEST_10806,Not_E
TEST_10811,Not_E
TEST_10813,Not_E
TEST_10824,Not_E
TEST_10828,Not_E
TEST_10833,Not_E
TEST_10835,Not_E
TEST_10836,Not_E
TEST_10840,Not_E
TEST_10841,Not_E
TEST_10843,Not_E
TEST_10850,Not_E
TEST_10857,Not_E
TEST_10871,Not_E
TEST_10880,Not_E
TEST_10882,Not_E
TEST_10887,Not_E
TEST_10890,Not_E
TEST_10898,Not_E
TEST_10903,Not_E
TEST_10905,Not_E
TEST_10912,Not_E
TEST_10919,Not_E
TEST_10922,Not_E
TEST_10923,Not_E
TEST_10925,Not_E
TEST_10931,Not_E
TEST_10942,Not_E
TEST_10943,Not_E
TEST_10963,Not_E
TEST_10964,Not_E
TEST_10969,Not_E
TEST_10970,Not_E
TEST_10987,Not_E
TEST_10997,Not_E
TEST_11000,Not_E
TEST_11002,Not_E
TEST_11006,Not_E
TEST_11009,Not_E
TEST_11013,Not_E
TEST_11018,Not_E
TEST_11026,Not_E
TEST_11028,Not_E
TEST_11031,Not_E
TEST_11046,Not_E
TEST_11047,Not_E
TEST_11049,Not_E
TEST_11052,Not_E
TEST_11053,Not_E
TEST_11055,Not_E
TEST_11057,Not_E
TEST_11060,Not_E
TEST_11067,Not_E
TEST_11073,Not_E
TEST_11081,Not_E
TEST_11084,Not_E
TEST_11089,Not_E
TEST_11093,Not_E
TEST_11096,Not_E
TEST_11104,Not_E
TEST_11112,Not_E
TEST_11114,Not_E
TEST_11120,Not_E
TEST_11128,Not_E
TEST_11143,Not_E
TEST_11149,Not_E
TEST_11158,Not_E
TEST_11161,Not_E
TEST_11167,Not_E
TEST_11168,Not_E
TEST_11169,Not_E
TEST_11170,Not_E
TEST_11172,Not_E
TEST_11184,Not_E
TEST_11200,Not_E
TEST_11202,Not_E
TEST_11203,Not_E
TEST_11211,Not_E
TEST_11216,Not_E
TEST_11218,Not_E
TEST_11221,Not_E
TEST_11223,Not_E
TEST_11225,Not_E
TEST_11232,Not_E
TEST_11237,Not_E
TEST_11247,Not_E
TEST_11248,Not_E
TEST_11249,Not_E
TEST_11261,Not_E
TEST_11268,Not_E
TEST_11293,Not_E
TEST_11294,Not_E
TEST_11297,Not_E
TEST_11298,Not_E
TEST_11303,Not_E
TEST_11304,Not_E
TEST_11308,Not_E
TEST_11310,Not_E
TEST_11315,Not_E
TEST_11316,Not_E
TEST_11348,Not_E
TEST_11355,Not_E
TEST_11362,Not_E
TEST_11364,Not_E
TEST_11368,Not_E
TEST_11381,Not_E
TEST_11386,Not_E
TEST_11387,Not_E
TEST_11410,Not_E
TEST_11411,Not_E
TEST_11413,Not_E
TEST_11425,Not_E
TEST_11436,Not_E
TEST_11454,Not_E
TEST_11455,Not_E
TEST_11459,Not_E
TEST_11460,Not_E
TEST_11465,Not_E
TEST_11471,Not_E
TEST_11481,Not_E
TEST_11482,Not_E
TEST_11483,Not_E
TEST_11486,Not_E
TEST_11493,Not_E
TEST_11494,Not_E
TEST_11498,Not_E
TEST_11499,Not_E
TEST_11501,Not_E
TEST_11506,Not_E
TEST_11512,Not_E
TEST_11518,Not_E
TEST_11520,Not_E
TEST_11523,Not_E
TEST_11524,Not_E
TEST_11530,Not_E
TEST_11539,Not_E
TEST_11543,Not_E
TEST_11550,Not_E
TEST_11557,Not_E
TEST_11563,Not_E
TEST_11566,Not_E
TEST_11567,Not_E
TEST_11572,Not_E
TEST_11577,Not_E
TEST_11587,Not_E
TEST_11600,Not_E
TEST_11602,Not_E
TEST_11620,Not_E
TEST_11627,Not_E
TEST_11630,Not_E
TEST_11645,Not_E
TEST_11649,Not_E
TEST_11652,Not_E
TEST_11672,Not_E
TEST_11684,Not_E
TEST_11692,Not_E
TEST_11702,Not_E
TEST_11715,Not_E
TEST_11717,Not_E
TEST_11719,Not_E
TEST_11730,Not_E
TEST_11740,Not_E
TEST_11744,Not_E
TEST_11749,Not_E
TEST_11769,Not_E
TEST_11773,Not_E
TEST_11788,Not_E
TEST_11804,Not_E
TEST_11816,Not_E
TEST_11822,Not_E
TEST_11825,Not_E
TEST_11832,Not_E
TEST_11835,Not_E
TEST_11841,Not_E
TEST_11843,Not_E
TEST_11852,Not_E
TEST_11854,Not_E
TEST_11856,Not_E
TEST_11862,Not_E
TEST_11864,Not_E
TEST_11873,Not_E
TEST_11874,Not_E
TEST_11875,Not_E
TEST_11878,Not_E
TEST_11880,Not_E
TEST_11896,Not_E
TEST_11904,Not_E
TEST_11920,Not_E
TEST_11923,Not_E
TEST_11925,Not_E
TEST_11933,Not_E
TEST_11935,Not_E
TEST_11941,Not_E
TEST_11952,Not_E
TEST_11967,Not_E
TEST_11969,Not_E
TEST_11970,Not_E
TEST_11980,Not_E
TEST_11991,Not_E
TEST_11993,Not_E
TEST_11997,Not_E
TEST_12000,Not_E
TEST_12006,Not_E
TEST_12011,Not_E
TEST_12017,Not_E
TEST_12019,Not_E
TEST_12022,Not_E
TEST_12024,Not_E
TEST_12028,Not_E
TEST_12034,Not_E
TEST_12036,Not_E
TEST_12055,Not_E
TEST_12063,Not_E
TEST_12072,Not_E
TEST_12074,Not_E
TEST_12084,Not_E
TEST_12091,Not_E
TEST_12101,Not_E
TEST_12102,Not_E
TEST_12105,Not_E
TEST_12111,Not_E
TEST_12121,Not_E
TEST_12122,Not_E
TEST_12127,Not_E
TEST_12133,Not_E
TEST_12144,Not_E
TEST_12166,Not_E
TEST_12168,Not_E
TEST_12171,Not_E
TEST_12176,Not_E
TEST_12178,Not_E
TEST_12179,Not_E
TEST_12181,Not_E
TEST_12183,Not_E
TEST_12186,Not_E
TEST_12194,Not_E
TEST_12205,Not_E
TEST_12206,Not_E
TEST_12208,Not_E
TEST_12214,Not_E
TEST_12221,Not_E
TEST_12225,Not_E
TEST_12230,Not_E
TEST_12231,Not_E
TEST_12233,Not_E
TEST_12236,Not_E
TEST_12238,Not_E
TEST_12239,Not_E
TEST_12253,Not_E
TEST_12257,Not_E
TEST_12259,Not_E
TEST_12266,Not_E
TEST_12267,Not_E
TEST_12269,Not_E
TEST_12273,Not_E
TEST_12276,Not_E
TEST_12280,Not_E
TEST_12284,Not_E
TEST_12287,Not_E
TEST_12292,Not_E
TEST_12299,Not_E
TEST_12301,Not_E
TEST_12302,Not_E
TEST_12314,Not_E
TEST_12320,Not_E
TEST_12323,Not_E
TEST_12345,Not_E
TEST_12348,Not_E
TEST_12352,Not_E
TEST_12354,Not_E
TEST_12377,Not_E
TEST_12379,Not_E
TEST_12389,Not_E
TEST_12391,Not_E
TEST_12395,Not_E
TEST_12413,Not_E
TEST_12415,Not_E
TEST_12419,Not_E
TEST_12433,Not_E
TEST_12437,Not_E
TEST_12439,Not_E
TEST_12441,Not_E
TEST_12445,Not_E
TEST_12462,Not_E
TEST_12467,Not_E
TEST_12471,Not_E
TEST_12474,Not_E
TEST_12485,Not_E
TEST_12489,Not_E
TEST_12490,Not_E
TEST_12498,Not_E
TEST_12499,Not_E
TEST_12508,Not_E
TEST_12510,Not_E
TEST_12517,Not_E
TEST_12526,Not_E
TEST_12543,Not_E
TEST_12546,Not_E
TEST_12548,Not_E
TEST_12553,Not_E
TEST_12563,Not_E
TEST_12565,Not_E
TEST_12566,Not_E
TEST_12578,Not_E
TEST_12594,Not_E
TEST_12595,Not_E
TEST_12597,Not_E
TEST_12608,Not_E
TEST_12632,Not_E
TEST_12643,Not_E
TEST_12655,Not_E
TEST_12657,Not_E
TEST_12665,Not_E
TEST_12682,Not_E
TEST_12688,Not_E
TEST_12694,Not_E
TEST_12711,Not_E
TEST_12712,Not_E
TEST_12714,Not_E
TEST_12719,Not_E
TEST_12731,Not_E
TEST_12734,Not_E
TEST_12738,Not_E
TEST_12742,Not_E
TEST_12743,Not_E
TEST_12749,Not_E
TEST_12757,Not_E
TEST_12762,Not_E
TEST_12769,Not_E
TEST_12795,Not_E
TEST_12796,Not_E
TEST_12813,Not_E
TEST_12836,Not_E
TEST_12843,Not_E
TEST_12847,Not_E
TEST_12850,Not_E
TEST_12855,Not_E
TEST_12856,Not_E
TEST_12863,Not_E
TEST_12868,Not_E
TEST_12878,Not_E
TEST_12880,Not_E
TEST_12882,Not_E
TEST_12886,Not_E
TEST_12893,Not_E
TEST_12897,Not_E
TEST_12904,Not_E
TEST_12907,Not_E
TEST_12908,Not_E
TEST_12911,Not_E
TEST_12917,Not_E
TEST_12924,Not_E
TEST_12928,Not_E
TEST_12939,Not_E
TEST_12951,Not_E
TEST_12960,Not_E
TEST_12989,Not_E
TEST_13002,Not_E
TEST_13004,Not_E
TEST_13014,Not_E
TEST_13024,Not_E
TEST_13049,Not_E
TEST_13055,Not_E
TEST_13057,Not_E
TEST_13061,Not_E
TEST_13070,Not_E
TEST_13073,Not_E
TEST_13074,Not_E
TEST_13080,Not_E
TEST_13091,Not_E
TEST_13094,Not_E
TEST_13104,Not_E
TEST_13133,Not_E
TEST_13136,Not_E
TEST_13143,Not_E
TEST_13146,Not_E
TEST_13147,Not_E
TEST_13148,Not_E
TEST_13151,Not_E
TEST_13160,Not_E
TEST_13161,Not_E
TEST_13164,Not_E
TEST_13168,Not_E
TEST_13179,Not_E
TEST_13180,Not_E
TEST_13184,Not_E
TEST_13189,Not_E
TEST_13199,Not_E
TEST_13206,Not_E
TEST_13214,Not_E
TEST_13219,Not_E
TEST_13220,Not_E
TEST_13224,Not_E
TEST_13225,Not_E
TEST_13229,Not_E
TEST_13232,Not_E
TEST_13239,Not_E
TEST_13242,Not_E
TEST_13245,Not_E
TEST_13246,Not_E
TEST_13247,Not_E
TEST_13268,Not_E
TEST_13276,Not_E
TEST_13288,Not_E
TEST_13293,Not_E
TEST_13309,Not_E
TEST_13310,Not_E
TEST_13315,Not_E
TEST_13320,Not_E
TEST_13324,Not_E
TEST_13326,Not_E
TEST_13330,Not_E
TEST_13344,Not_E
TEST_13351,Not_E
TEST_13354,Not_E
TEST_13356,Not_E
TEST_13358,Not_E
TEST_13373,Not_E
TEST_13387,Not_E
TEST_13389,Not_E
TEST_13392,Not_E
TEST_13393,Not_E
TEST_13402,Not_E
TEST_13407,Not_E
TEST_13415,Not_E
TEST_13424,Not_E
TEST_13426,Not_E
TEST_13429,Not_E
TEST_13430,Not_E
TEST_13432,Not_E
TEST_13436,Not_E
TEST_13443,Not_E
TEST_13446,Not_E
TEST_13453,Not_E
TEST_13458,Not_E
TEST_13467,Not_E
TEST_13471,Not_E
TEST_13472,Not_E
TEST_13476,Not_E
TEST_13480,Not_E
TEST_13483,Not_E
TEST_13497,Not_E
TEST_13509,Not_E
TEST_13517,Not_E
TEST_13522,Not_E
TEST_13526,Not_E
TEST_13529,Not_E
TEST_13533,Not_E
TEST_13541,Not_E
TEST_13548,Not_E
TEST_13553,Not_E
TEST_13559,Not_E
TEST_13563,Not_E
TEST_13568,Not_E
TEST_13569,Not_E
TEST_13572,Not_E
TEST_13580,Not_E
TEST_13581,Not_E
TEST_13584,Not_E
TEST_13586,Not_E
TEST_13592,Not_E
TEST_13613,Not_E
TEST_13615,Not_E
TEST_13624,Not_E
TEST_13627,Not_E
TEST_13629,Not_E
TEST_13633,Not_E
TEST_13638,Not_E
TEST_13639,Not_E
TEST_13643,Not_E
TEST_13651,Not_E
TEST_13652,Not_E
TEST_13653,Not_E
TEST_13655,Not_E
TEST_13677,Not_E
TEST_13683,Not_E
TEST_13685,Not_E
TEST_13689,Not_E
TEST_13694,Not_E
TEST_13703,Not_E
TEST_13705,Not_E
TEST_13706,Not_E
TEST_13718,Not_E
TEST_13730,Not_E
TEST_13743,Not_E
TEST_13751,Not_E
TEST_13772,Not_E
TEST_13780,Not_E
TEST_13789,Not_E
TEST_13803,Not_E
TEST_13807,Not_E
TEST_13816,Not_E
TEST_13817,Not_E
TEST_13821,Not_E
TEST_13828,Not_E
TEST_13834,Not_E
TEST_13835,Not_E
TEST_13838,Not_E
TEST_13849,Not_E
TEST_13859,Not_E
TEST_13861,Not_E
TEST_13866,Not_E
TEST_13873,Not_E
TEST_13875,Not_E
TEST_13876,Not_E
TEST_13881,Not_E
TEST_13898,Not_E
TEST_13906,Not_E
TEST_13909,Not_E
TEST_13912,Not_E
TEST_13913,Not_E
TEST_13914,Not_E
TEST_13916,Not_E
TEST_13923,Not_E
TEST_13928,Not_E
TEST_13930,Not_E
TEST_13931,Not_E
TEST_13933,Not_E
TEST_13943,Not_E
TEST_13947,Not_E
TEST_13950,Not_E
TEST_13953,Not_E
TEST_13977,Not_E
TEST_13980,Not_E
TEST_13982,Not_E
TEST_13986,Not_E
TEST_13989,Not_E
TEST_13995,Not_E
TEST_13997,Not_E
TEST_14000,Not_E
TEST_14017,Not_E
TEST_14019,Not_E
TEST_14022,Not_E
TEST_14024,Not_E
TEST_14033,Not_E
TEST_14034,Not_E
TEST_14044,Not_E
TEST_14047,Not_E
TEST_14052,Not_E
TEST_14054,Not_E
TEST_14060,Not_E
TEST_14061,Not_E
TEST_14062,Not_E
TEST_14069,Not_E
TEST_14086,Not_E
TEST_14101,Not_E
TEST_14117,Not_E
TEST_14118,Not_E
TEST_14122,Not_E
TEST_14128,Not_E
TEST_14130,Not_E
TEST_14132,Not_E
TEST_14145,Not_E
TEST_14146,Not_E
TEST_14153,Not_E
TEST_14161,Not_E
TEST_14162,Not_E
TEST_14164,Not_E
TEST_14167,Not_E
TEST_14169,Not_E
TEST_14174,Not_E
TEST_14183,Not_E
TEST_14196,Not_E
TEST_14198,Not_E
TEST_14202,Not_E
TEST_14234,Not_E
TEST_14256,Not_E
TEST_14265,Not_E
TEST_14270,Not_E
TEST_14271,Not_E
TEST_14276,Not_E
TEST_14285,Not_E
TEST_14290,Not_E
TEST_14293,Not_E
TEST_14296,Not_E
TEST_14300,Not_E
TEST_14302,Not_E
TEST_14308,Not_E
TEST_14312,Not_E
TEST_14317,Not_E
TEST_14321,Not_E
TEST_14335,Not_E
TEST_14339,Not_E
TEST_14340,Not_E
TEST_14341,Not_E
TEST_14347,Not_E
TEST_14356,Not_E
TEST_14358,Not_E
TEST_14364,Not_E
TEST_14370,Not_E
TEST_14374,Not_E
TEST_14382,Not_E
TEST_14387,Not_E
TEST_14389,Not_E
TEST_14391,Not_E
TEST_14401,Not_E
TEST_14412,Not_E
TEST_14438,Not_E
TEST_14451,Not_E
TEST_14455,Not_E
TEST_14460,Not_E
TEST_14473,Not_E
TEST_14475,Not_E
TEST_14477,Not_E
TEST_14484,Not_E
TEST_14489,Not_E
TEST_14496,Not_E
TEST_14502,Not_E
TEST_14509,Not_E
TEST_14513,Not_E
TEST_14514,Not_E
TEST_14518,Not_E
TEST_14532,Not_E
TEST_14541,Not_E
TEST_14545,Not_E
TEST_14555,Not_E
TEST_14557,Not_E
TEST_14567,Not_E
TEST_14569,Not_E
TEST_14575,Not_E
TEST_14580,Not_E
TEST_14583,Not_E
TEST_14603,Not_E
TEST_14609,Not_E
TEST_14610,Not_E
TEST_14612,Not_E
TEST_14614,Not_E
TEST_14616,Not_E
TEST_14619,Not_E
TEST_14622,Not_E
TEST_14624,Not_E
TEST_14625,Not_E
TEST_14631,Not_E
TEST_14639,Not_E
TEST_14640,Not_E
TEST_14656,Not_E
TEST_14658,Not_E
TEST_14673,Not_E
TEST_14677,Not_E
TEST_14679,Not_E
TEST_14689,Not_E
TEST_14693,Not_E
TEST_14705,Not_E
TEST_14713,Not_E
TEST_14714,Not_E
TEST_14728,Not_E
TEST_14735,Not_E
TEST_14737,Not_E
TEST_14755,Not_E
TEST_14759,Not_E
TEST_14765,Not_E
TEST_14770,Not_E
TEST_14774,Not_E
TEST_14777,Not_E
TEST_14787,Not_E
TEST_14803,Not_E
TEST_14804,Not_E
TEST_14820,Not_E
TEST_14825,Not_E
TEST_14838,Not_E
TEST_14842,Not_E
TEST_14844,Not_E
TEST_14877,Not_E
TEST_14881,Not_E
TEST_14883,Not_E
TEST_14899,Not_E
TEST_14901,Not_E
TEST_14905,Not_E
TEST_14911,Not_E
TEST_14914,Not_E
TEST_14921,Not_E
TEST_14928,Not_E
TEST_14933,Not_E
TEST_14942,Not_E
TEST_14949,Not_E
TEST_14950,Not_E
TEST_14968,Not_E
TEST_14970,Not_E
TEST_14973,Not_E
TEST_14980,Not_E
TEST_14985,Not_E
TEST_14991,Not_E
TEST_15003,Not_E
TEST_15004,Not_E
TEST_15037,Not_E
TEST_15064,Not_E
TEST_15066,Not_E
TEST_15067,Not_E
TEST_15079,Not_E
TEST_15086,Not_E
TEST_15095,Not_E
TEST_15102,Not_E
TEST_15110,Not_E
TEST_15113,Not_E
TEST_15124,Not_E
TEST_15129,Not_E
TEST_15137,Not_E
TEST_15138,Not_E
TEST_15139,Not_E
TEST_15141,Not_E
TEST_15143,Not_E
TEST_15150,Not_E
TEST_15151,Not_E
TEST_15152,Not_E
TEST_15154,Not_E
TEST_15158,Not_E
TEST_15161,Not_E
TEST_15163,Not_E
TEST_15167,Not_E
TEST_15171,Not_E
TEST_15177,Not_E
TEST_15182,Not_E
TEST_15184,Not_E
TEST_15195,Not_E
TEST_15196,Not_E
TEST_15197,Not_E
TEST_15205,Not_E
TEST_15206,Not_E
TEST_15210,Not_E
TEST_15214,Not_E
TEST_15220,Not_E
TEST_15221,Not_E
TEST_15239,Not_E
TEST_15248,Not_E
TEST_15254,Not_E
TEST_15258,Not_E
TEST_15261,Not_E
TEST_15264,Not_E
TEST_15271,Not_E
TEST_15277,Not_E
TEST_15286,Not_E
TEST_15288,Not_E
TEST_15291,Not_E
TEST_15299,Not_E
TEST_15305,Not_E
TEST_15317,Not_E
TEST_15320,Not_E
TEST_15328,Not_E
TEST_15332,Not_E
TEST_15337,Not_E
TEST_15340,Not_E
TEST_15341,Not_E
TEST_15342,Not_E
TEST_15351,Not_E
TEST_15359,Not_E
TEST_15361,Not_E
TEST_15379,Not_E
TEST_15383,Not_E
TEST_15386,Not_E
TEST_15387,Not_E
TEST_15395,Not_E
TEST_15400,Not_E
TEST_15401,Not_E
TEST_15424,Not_E
TEST_15439,Not_E
TEST_15444,Not_E
TEST_15445,Not_E
TEST_15447,Not_E
TEST_15451,Not_E
TEST_15467,Not_E
TEST_15480,Not_E
TEST_15486,Not_E
TEST_15489,Not_E
TEST_15496,Not_E
TEST_15498,Not_E
TEST_15500,Not_E
TEST_15506,Not_E
TEST_15512,Not_E
TEST_15522,Not_E
TEST_15523,Not_E
TEST_15526,Not_E
TEST_15528,Not_E
TEST_15533,Not_E
TEST_15541,Not_E
TEST_15544,Not_E
TEST_15548,Not_E
TEST_15555,Not_E
TEST_15556,Not_E
TEST_15557,Not_E
TEST_15560,Not_E
TEST_15561,Not_E
TEST_15563,Not_E
TEST_15564,Not_E
TEST_15581,Not_E
TEST_15605,Not_E
TEST_15610,Not_E
TEST_15613,Not_E
TEST_15617,Not_E
TEST_15619,Not_E
TEST_15624,Not_E
TEST_15626,Not_E
TEST_15657,Not_E
TEST_15659,Not_E
TEST_15668,Not_E
TEST_15681,Not_E
TEST_15682,Not_E
TEST_15694,Not_E
TEST_15697,Not_E
TEST_15699,Not_E
TEST_15704,Not_E
TEST_15706,Not_E
TEST_15712,Not_E
TEST_15713,Not_E
TEST_15725,Not_E
TEST_15736,Not_E
TEST_15739,Not_E
TEST_15747,Not_E
TEST_15749,Not_E
TEST_15751,Not_E
TEST_15763,Not_E
TEST_15766,Not_E
TEST_15767,Not_E
TEST_15782,Not_E
TEST_15783,Not_E
TEST_15790,Not_E
TEST_15792,Not_E
TEST_15796,Not_E
TEST_15815,Not_E
TEST_15817,Not_E
TEST_15819,Not_E
TEST_15822,Not_E
TEST_15834,Not_E
TEST_15839,Not_E
TEST_15843,Not_E
TEST_15849,Not_E
TEST_15857,Not_E
TEST_15858,Not_E
TEST_15861,Not_E
TEST_15862,Not_E
TEST_15866,Not_E
TEST_15867,Not_E
TEST_15869,Not_E
TEST_15872,Not_E
TEST_15874,Not_E
TEST_15888,Not_E
TEST_15893,Not_E
TEST_15896,Not_E
TEST_15905,Not_E
TEST_15915,Not_E
TEST_15923,Not_E
TEST_15929,Not_E
TEST_15934,Not_E
TEST_15936,Not_E
TEST_15939,Not_E
TEST_15941,Not_E
TEST_15943,Not_E
TEST_15947,Not_E
TEST_15951,Not_E
TEST_15959,Not_E
TEST_15968,Not_E
TEST_15982,Not_E
TEST_16005,Not_E
TEST_16006,Not_E
TEST_16010,Not_E
TEST_16013,Not_E
TEST_16014,Not_E
TEST_16024,Not_E
TEST_16026,Not_E
TEST_16028,Not_E
TEST_16030,Not_E
TEST_16035,Not_E
TEST_16037,Not_E
TEST_16044,Not_E
TEST_16048,Not_E
TEST_16053,Not_E
TEST_16057,Not_E
TEST_16065,Not_E
TEST_16067,Not_E
TEST_16068,Not_E
TEST_16072,Not_E
TEST_16082,Not_E
TEST_16094,Not_E
TEST_16099,Not_E
TEST_16101,Not_E
TEST_16106,Not_E
TEST_16110,Not_E
TEST_16113,Not_E
TEST_16114,Not_E
TEST_16118,Not_E
TEST_16122,Not_E
TEST_16140,Not_E
TEST_16144,Not_E
TEST_16146,Not_E
TEST_16151,Not_E
TEST_16185,Not_E
TEST_16188,Not_E
TEST_16192,Not_E
TEST_16217,Not_E
TEST_16226,Not_E
TEST_16237,Not_E
TEST_16245,Not_E
TEST_16246,Not_E
TEST_16251,Not_E
TEST_16256,Not_E
TEST_16260,Not_E
TEST_16267,Not_E
TEST_16271,Not_E
TEST_16276,Not_E
TEST_16286,Not_E
TEST_16288,Not_E
TEST_16293,Not_E
TEST_16296,Not_E
TEST_16303,Not_E
TEST_16308,Not_E
TEST_16315,Not_E
TEST_16317,Not_E
TEST_16320,Not_E
TEST_16322,Not_E
TEST_16326,Not_E
TEST_16329,Not_E
TEST_16330,Not_E
TEST_16332,Not_E
TEST_16337,Not_E
TEST_16351,Not_E
TEST_16359,Not_E
TEST_16362,Not_E
TEST_16369,Not_E
TEST_16372,Not_E
TEST_16376,Not_E
TEST_16381,Not_E
TEST_16385,Not_E
TEST_16401,Not_E
TEST_16402,Not_E
TEST_16403,Not_E
TEST_16418,Not_E
TEST_16419,Not_E
TEST_16424,Not_E
TEST_16425,Not_E
TEST_16428,Not_E
TEST_16431,Not_E
TEST_16432,Not_E
TEST_16434,Not_E
TEST_16435,Not_E
TEST_16436,Not_E
TEST_16444,Not_E
TEST_16446,Not_E
TEST_16451,Not_E
TEST_16454,Not_E
TEST_16455,Not_E
TEST_16460,Not_E
TEST_16461,Not_E
TEST_16470,Not_E
TEST_16476,Not_E
TEST_16477,Not_E
TEST_16492,Not_E
TEST_16506,Not_E
TEST_16508,Not_E
TEST_16521,Not_E
TEST_16523,Not_E
TEST_16526,Not_E
TEST_16528,Not_E
TEST_16534,Not_E
TEST_16540,Not_E
TEST_16546,Not_E
TEST_16557,Not_E
TEST_16569,Not_E
TEST_16576,Not_E
TEST_16584,Not_E
TEST_16587,Not_E
TEST_16589,Not_E
TEST_16604,Not_E
TEST_16605,Not_E
TEST_16627,Not_E
TEST_16635,Not_E
TEST_16636,Not_E
TEST_16638,Not_E
TEST_16661,Not_E
TEST_16675,Not_E
TEST_16680,Not_E
TEST_16682,Not_E
TEST_16685,Not_E
TEST_16688,Not_E
TEST_16694,Not_E
TEST_16695,Not_E
TEST_16701,Not_E
TEST_16710,Not_E
TEST_16738,Not_E
TEST_16748,Not_E
TEST_16756,Not_E
TEST_16757,Not_E
TEST_16768,Not_E
TEST_16785,Not_E
TEST_16792,Not_E
TEST_16798,Not_E
TEST_16808,Not_E
TEST_16809,Not_E
TEST_16826,Not_E
TEST_16829,Not_E
TEST_16831,Not_E
TEST_16846,Not_E
TEST_16867,Not_E
TEST_16869,Not_E
TEST_16883,Not_E
TEST_16885,Not_E
TEST_16886,Not_E
TEST_16890,Not_E
TEST_16927,Not_E
TEST_16929,Not_E
TEST_16930,Not_E
TEST_16933,Not_E
TEST_16937,Not_E
TEST_16941,Not_E
TEST_16943,Not_E
TEST_16944,Not_E
TEST_16948,Not_E
TEST_16949,Not_E
TEST_16957,Not_E
TEST_16961,Not_E
TEST_16964,Not_E
TEST_16967,Not_E
TEST_16969,Not_E
TEST_16971,Not_E
TEST_16972,Not_E
TEST_16975,Not_E
TEST_16977,Not_E
TEST_16981,Not_E
TEST_16987,Not_E
TEST_16996,Not_E
TEST_17002,Not_E
TEST_17010,Not_E
TEST_17016,Not_E
TEST_17017,Not_E
TEST_17038,Not_E
TEST_17041,Not_E
TEST_17042,Not_E
TEST_17044,Not_E
TEST_17046,Not_E
TEST_17052,Not_E
TEST_17054,Not_E
TEST_17060,Not_E
TEST_17061,Not_E
TEST_17062,Not_E
TEST_17070,Not_E
TEST_17073,Not_E
TEST_17083,Not_E
TEST_17084,Not_E
TEST_17087,Not_E
TEST_17089,Not_E
TEST_17091,Not_E
TEST_17098,Not_E
TEST_17101,Not_E
TEST_17104,Not_E
TEST_17113,Not_E
TEST_17124,Not_E
TEST_17129,Not_E
TEST_17131,Not_E
TEST_17136,Not_E
TEST_17140,Not_E
TEST_17144,Not_E
TEST_17149,Not_E
TEST_17150,Not_E
TEST_17157,Not_E
TEST_17158,Not_E
TEST_17164,Not_E
TEST_17165,Not_E
TEST_17167,Not_E
TEST_17173,Not_E
TEST_17175,Not_E
TEST_17182,Not_E
TEST_17183,Not_E
TEST_17187,Not_E
TEST_17189,Not_E
TEST_17195,Not_E
TEST_17206,Not_E
TEST_17212,Not_E
TEST_17215,Not_E
TEST_17216,Not_E
TEST_17236,Not_E
TEST_17239,Not_E
TEST_17240,Not_E
TEST_17241,Not_E
TEST_17246,Not_E
TEST_17250,Not_E
TEST_17252,Not_E
TEST_17253,Not_E
TEST_17266,Not_E
TEST_17289,Not_E
TEST_17291,Not_E
TEST_17295,Not_E
TEST_17298,Not_E
TEST_17299,Not_E
TEST_17305,Not_E
TEST_17311,Not_E
TEST_17312,Not_E
TEST_17323,Not_E
TEST_17327,Not_E
TEST_17335,Not_E
TEST_17342,Not_E
TEST_17353,Not_E
TEST_17362,Not_E
TEST_17372,Not_E
TEST_17393,Not_E
TEST_17400,Not_E
TEST_17411,Not_E
TEST_17425,Not_E
TEST_17436,Not_E
TEST_17443,Not_E
TEST_17445,Not_E
TEST_17448,Not_E
TEST_17453,Not_E
TEST_17454,Not_E
TEST_17472,Not_E
TEST_17473,Not_E
TEST_17485,Not_E
TEST_17491,Not_E
TEST_17492,Not_E
TEST_17494,Not_E
TEST_17497,Not_E
TEST_17498,Not_E
TEST_17499,Not_E
TEST_17500,Not_E
TEST_17502,Not_E
TEST_17533,Not_E
TEST_17535,Not_E
TEST_17541,Not_E
TEST_17550,Not_E
TEST_17553,Not_E
TEST_17557,Not_E
TEST_17566,Not_E
TEST_17567,Not_E
TEST_17578,Not_E
TEST_17589,Not_E
TEST_17596,Not_E
TEST_17610,Not_E
TEST_17616,Not_E
TEST_17628,Not_E
TEST_17629,Not_E
TEST_17637,Not_E
TEST_17650,Not_E
TEST_17656,Not_E
TEST_17664,Not_E
TEST_17679,Not_E
TEST_17685,Not_E
TEST_17688,Not_E
TEST_17692,Not_E
TEST_17693,Not_E
TEST_17706,Not_E
TEST_17715,Not_E
TEST_17716,Not_E
TEST_17722,Not_E
TEST_17724,Not_E
TEST_17727,Not_E
TEST_17751,Not_E
TEST_17752,Not_E
TEST_17754,Not_E
TEST_17757,Not_E
TEST_17760,Not_E
TEST_17765,Not_E
TEST_17766,Not_E
TEST_17771,Not_E
TEST_17774,Not_E
TEST_17776,Not_E
TEST_17779,Not_E
TEST_17781,Not_E
TEST_17782,Not_E
TEST_17786,Not_E
TEST_17789,Not_E
TEST_17791,Not_E
TEST_17793,Not_E
TEST_17802,Not_E
TEST_17805,Not_E
TEST_17806,Not_E
TEST_17808,Not_E
TEST_17812,Not_E
TEST_17814,Not_E
TEST_17820,Not_E
TEST_17828,Not_E
TEST_17834,Not_E
TEST_17836,Not_E
TEST_17844,Not_E
TEST_17845,Not_E
TEST_17847,Not_E
TEST_17850,Not_E
TEST_17871,Not_E
TEST_17902,Not_E
TEST_17916,Not_E
TEST_17919,Not_E
TEST_17922,Not_E
TEST_17923,Not_E
TEST_17929,Not_E
TEST_17936,Not_E
TEST_17942,Not_E
TEST_17946,Not_E
TEST_17951,Not_E
TEST_17958,Not_E
TEST_17965,Not_E
TEST_17966,Not_E
TEST_17967,Not_E
TEST_17970,Not_E
TEST_17971,Not_E
TEST_17972,Not_E
TEST_17977,Not_E
TEST_17978,Not_E
TEST_17990,Not_E
TEST_17991,Not_E
TEST_18003,Not_E
TEST_18004,Not_E
TEST_18007,Not_E
TEST_18014,Not_E
TEST_18016,Not_E
TEST_18018,Not_E
TEST_18020,Not_E
TEST_18022,Not_E
TEST_18023,Not_E
TEST_18027,Not_E
TEST_18030,Not_E
TEST_18037,Not_E
TEST_18045,Not_E
TEST_18082,Not_E
TEST_18088,Not_E
TEST_18089,Not_E
TEST_18101,Not_E
TEST_18102,Not_E
TEST_18105,Not_E
TEST_18113,Not_E
TEST_18115,Not_E
TEST_18119,Not_E
TEST_18123,Not_E
TEST_18130,Not_E
TEST_18138,Not_E
TEST_18148,Not_E
TEST_18151,Not_E
TEST_18161,Not_E
TEST_18166,Not_E
TEST_18168,Not_E
TEST_18176,Not_E
TEST_18191,Not_E
TEST_18215,Not_E
TEST_18218,Not_E
TEST_18228,Not_E
TEST_18237,Not_E
TEST_18238,Not_E
TEST_18239,Not_E
TEST_18242,Not_E
TEST_18249,Not_E
TEST_18258,Not_E
TEST_18269,Not_E
TEST_18270,Not_E
TEST_18276,Not_E
TEST_18282,Not_E
TEST_18284,Not_E
TEST_18288,Not_E
TEST_18289,Not_E
TEST_18296,Not_E
TEST_18299,Not_E
TEST_18304,Not_E
TEST_18305,Not_E
TEST_18310,Not_E
TEST_18319,Not_E
TEST_18320,Not_E
TEST_18323,Not_E
TEST_18332,Not_E
TEST_18336,Not_E
TEST_18341,Not_E
TEST_18346,Not_E
TEST_18349,Not_E
TEST_18351,Not_E
TEST_18357,Not_E
TEST_18358,Not_E
TEST_18366,Not_E
TEST_18367,Not_E
TEST_18371,Not_E
TEST_18372,Not_E
TEST_18375,Not_E
TEST_18382,Not_E
TEST_18383,Not_E
TEST_18396,Not_E
TEST_18397,Not_E
TEST_18398,Not_E
TEST_18399,Not_E
TEST_18406,Not_E
TEST_18408,Not_E
TEST_18410,Not_E
TEST_18413,Not_E
TEST_18417,Not_E
TEST_18418,Not_E
TEST_18423,Not_E
TEST_18424,Not_E
TEST_18426,Not_E
TEST_18430,Not_E
TEST_18431,Not_E
TEST_18433,Not_E
TEST_18435,Not_E
TEST_18440,Not_E
TEST_18448,Not_E
TEST_18450,Not_E
TEST_18454,Not_E
TEST_18459,Not_E
TEST_18469,Not_E
TEST_18474,Not_E
TEST_18478,Not_E
TEST_18482,Not_E
TEST_18488,Not_E
TEST_18490,Not_E
TEST_18505,Not_E
TEST_18508,Not_E
TEST_18511,Not_E
TEST_18512,Not_E
TEST_18515,Not_E
TEST_18528,Not_E
TEST_18531,Not_E
TEST_18563,Not_E
TEST_18577,Not_E
TEST_18579,Not_E
TEST_18581,Not_E
TEST_18586,Not_E
TEST_18588,Not_E
TEST_18593,Not_E
TEST_18596,Not_E
TEST_18608,Not_E
TEST_18613,Not_E
TEST_18630,Not_E
TEST_18632,Not_E
TEST_18635,Not_E
TEST_18639,Not_E
TEST_18640,Not_E
TEST_18641,Not_E
TEST_18642,Not_E
TEST_18643,Not_E
TEST_18645,Not_E
TEST_18650,Not_E
TEST_18653,Not_E
TEST_18659,Not_E
TEST_18663,Not_E
TEST_18676,Not_E
TEST_18679,Not_E
TEST_18681,Not_E
TEST_18687,Not_E
TEST_18689,Not_E
TEST_18692,Not_E
TEST_18695,Not_E
TEST_18697,Not_E
TEST_18699,Not_E
TEST_18700,Not_E
TEST_18717,Not_E
TEST_18724,Not_E
TEST_18727,Not_E
TEST_18739,Not_E
TEST_18740,Not_E
TEST_18741,Not_E
TEST_18746,Not_E
TEST_18765,Not_E
TEST_18768,Not_E
TEST_18780,Not_E
TEST_18782,Not_E
TEST_18783,Not_E
TEST_18785,Not_E
TEST_18792,Not_E
TEST_18794,Not_E
TEST_18800,Not_E
TEST_18801,Not_E
TEST_18807,Not_E
TEST_18811,Not_E
TEST_18821,Not_E
TEST_18840,Not_E
TEST_18845,Not_E
TEST_18846,Not_E
TEST_18848,Not_E
TEST_18850,Not_E
TEST_18854,Not_E
TEST_18855,Not_E
TEST_18860,Not_E
TEST_18869,Not_E
TEST_18895,Not_E
TEST_18905,Not_E
TEST_18910,Not_E
TEST_18912,Not_E
TEST_18916,Not_E
TEST_18930,Not_E
TEST_18932,Not_E
TEST_18937,Not_E
TEST_18942,Not_E
TEST_18948,Not_E
TEST_18962,Not_E
TEST_18966,Not_E
TEST_18971,Not_E
TEST_18990,Not_E
TEST_18999,Not_E
TEST_19003,Not_E
TEST_19005,Not_E
TEST_19006,Not_E
TEST_19013,Not_E
TEST_19015,Not_E
TEST_19023,Not_E
TEST_19025,Not_E
TEST_19032,Not_E
TEST_19036,Not_E
TEST_19037,Not_E
TEST_19040,Not_E
TEST_19045,Not_E
TEST_19046,Not_E
TEST_19048,Not_E
TEST_19056,Not_E
TEST_19065,Not_E
TEST_19068,Not_E
TEST_19069,Not_E
TEST_19071,Not_E
TEST_19077,Not_E
TEST_19081,Not_E
TEST_19091,Not_E
TEST_19093,Not_E
TEST_19103,Not_E
TEST_19104,Not_E
TEST_19107,Not_E
TEST_19109,Not_E
TEST_19110,Not_E
TEST_19114,Not_E
TEST_19116,Not_E
TEST_19120,Not_E
TEST_19122,Not_E
TEST_19129,Not_E
TEST_19144,Not_E
TEST_19154,Not_E
TEST_19169,Not_E
TEST_19170,Not_E
TEST_19174,Not_E
TEST_19178,Not_E
TEST_19183,Not_E
TEST_19185,Not_E
TEST_19186,Not_E
TEST_19187,Not_E
TEST_19189,Not_E
TEST_19196,Not_E
TEST_19200,Not_E
TEST_19232,Not_E
TEST_19260,Not_E
TEST_19263,Not_E
TEST_19267,Not_E
TEST_19271,Not_E
TEST_19273,Not_E
TEST_19307,Not_E
TEST_19315,Not_E
TEST_19325,Not_E
TEST_19329,Not_E
TEST_19338,Not_E
TEST_19345,Not_E
TEST_19350,Not_E
TEST_19356,Not_E
TEST_19357,Not_E
TEST_19360,Not_E
TEST_19364,Not_E
TEST_19366,Not_E
TEST_19370,Not_E
TEST_19371,Not_E
TEST_19374,Not_E
TEST_19380,Not_E
TEST_19384,Not_E
TEST_19393,Not_E
TEST_19394,Not_E
TEST_19395,Not_E
TEST_19396,Not_E
TEST_19401,Not_E
TEST_19403,Not_E
TEST_19406,Not_E
TEST_19413,Not_E
TEST_19420,Not_E
TEST_19421,Not_E
TEST_19428,Not_E
TEST_19431,Not_E
TEST_19436,Not_E
TEST_19439,Not_E
TEST_19461,Not_E
TEST_19467,Not_E
TEST_19470,Not_E
TEST_19485,Not_E
TEST_19492,Not_E
TEST_19503,Not_E
TEST_19515,Not_E
TEST_19519,Not_E
TEST_19537,Not_E
TEST_19539,Not_E
TEST_19553,Not_E
TEST_19555,Not_E
TEST_19564,Not_E
TEST_19568,Not_E
TEST_19570,Not_E
TEST_19571,Not_E
TEST_19573,Not_E
TEST_19574,Not_E
TEST_19581,Not_E
TEST_19589,Not_E
TEST_19591,Not_E
TEST_19600,Not_E
TEST_19602,Not_E
TEST_19613,Not_E
TEST_19623,Not_E
TEST_19626,Not_E
TEST_19632,Not_E
TEST_19647,Not_E
TEST_19652,Not_E
TEST_19655,Not_E
TEST_19658,Not_E
TEST_19681,Not_E
TEST_19707,Not_E
TEST_19710,Not_E
TEST_19713,Not_E
TEST_19736,Not_E
TEST_19746,Not_E
TEST_19751,Not_E
TEST_19765,Not_E
TEST_19766,Not_E
TEST_19770,Not_E
TEST_19776,Not_E
TEST_19781,Not_E
TEST_19782,Not_E
TEST_19783,Not_E
TEST_19786,Not_E
TEST_19788,Not_E
TEST_19792,Not_E
TEST_19797,Not_E
TEST_19800,Not_E
TEST_19802,Not_E
TEST_19824,Not_E
TEST_19829,Not_E
TEST_19833,Not_E
TEST_19836,Not_E
TEST_19843,Not_E
TEST_19845,Not_E
TEST_19846,Not_E
TEST_19848,Not_E
TEST_19860,Not_E
TEST_19867,Not_E
TEST_19871,Not_E
TEST_19875,Not_E
TEST_19888,Not_E
TEST_19896,Not_E
TEST_19911,Not_E
TEST_19921,Not_E
TEST_19933,Not_E
TEST_19935,Not_E
TEST_19937,Not_E
TEST_19938,Not_E
TEST_19940,Not_E
TEST_19942,Not_E
TEST_19945,Not_E
TEST_19960,Not_E
TEST_19964,Not_E
TEST_19967,Not_E
TEST_19970,Not_E
TEST_19977,Not_E
TEST_19999,Not_E
TEST_20001,Not_E
TEST_20006,Not_E
TEST_20010,Not_E
TEST_20011,Not_E
TEST_20028,Not_E
TEST_20031,Not_E
TEST_20037,Not_E
TEST_20040,Not_E
TEST_20049,Not_E
TEST_20050,Not_E
TEST_20075,Not_E
TEST_20083,Not_E
TEST_20086,Not_E
TEST_20092,Not_E
TEST_20098,Not_E
TEST_20104,Not_E
TEST_20109,Not_E
TEST_20119,Not_E
TEST_20124,Not_E
TEST_20130,Not_E
TEST_20134,Not_E
TEST_20138,Not_E
TEST_20143,Not_E
TEST_20148,Not_E
TEST_20149,Not_E
TEST_20150,Not_E
TEST_20154,Not_E
TEST_20160,Not_E
TEST_20161,Not_E
TEST_20167,Not_E
TEST_20168,Not_E
TEST_20172,Not_E
TEST_20175,Not_E
TEST_20188,Not_E
TEST_20190,Not_E
TEST_20191,Not_E
TEST_20199,Not_E
TEST_20210,Not_E
TEST_20230,Not_E
TEST_20250,Not_E
TEST_20258,Not_E
TEST_20260,Not_E
TEST_20263,Not_E
TEST_20271,Not_E
TEST_20272,Not_E
TEST_20275,Not_E
TEST_20281,Not_E
TEST_20282,Not_E
TEST_20283,Not_E
TEST_20303,Not_E
TEST_20323,Not_E
TEST_20324,Not_E
TEST_20326,Not_E
TEST_20328,Not_E
TEST_20335,Not_E
TEST_20346,Not_E
TEST_20348,Not_E
TEST_20350,Not_E
TEST_20352,Not_E
TEST_20355,Not_E
TEST_20369,Not_E
TEST_20370,Not_E
TEST_20373,Not_E
TEST_20382,Not_E
TEST_20386,Not_E
TEST_20395,Not_E
TEST_20405,Not_E
TEST_20407,Not_E
TEST_20419,Not_E
TEST_20426,Not_E
TEST_20431,Not_E
TEST_20443,Not_E
TEST_20447,Not_E
TEST_20448,Not_E
TEST_20450,Not_E
TEST_20451,Not_E
TEST_20458,Not_E
TEST_20469,Not_E
TEST_20470,Not_E
TEST_20472,Not_E
TEST_20476,Not_E
TEST_20477,Not_E
TEST_20478,Not_E
TEST_20483,Not_E
TEST_20484,Not_E
TEST_20487,Not_E
TEST_20491,Not_E
TEST_20504,Not_E
TEST_20529,Not_E
TEST_20541,Not_E
TEST_20546,Not_E
TEST_20550,Not_E
TEST_20554,Not_E
TEST_20556,Not_E
TEST_20564,Not_E
TEST_20569,Not_E
TEST_20570,Not_E
TEST_20576,Not_E
TEST_20577,Not_E
TEST_20582,Not_E
TEST_20587,Not_E
TEST_20593,Not_E
TEST_20605,Not_E
TEST_20620,Not_E
TEST_20621,Not_E
TEST_20629,Not_E
TEST_20643,Not_E
TEST_20655,Not_E
TEST_20661,Not_E
TEST_20662,Not_E
TEST_20663,Not_E
TEST_20666,Not_E
TEST_20667,Not_E
TEST_20671,Not_E
TEST_20673,Not_E
TEST_20686,Not_E
TEST_20692,Not_E
TEST_20698,Not_E
TEST_20706,Not_E
TEST_20718,Not_E
TEST_20719,Not_E
TEST_20722,Not_E
TEST_20728,Not_E
TEST_20730,Not_E
TEST_20742,Not_E
TEST_20748,Not_E
TEST_20762,Not_E
TEST_20765,Not_E
TEST_20774,Not_E
TEST_20775,Not_E
TEST_20779,Not_E
TEST_20782,Not_E
TEST_20789,Not_E
TEST_20797,Not_E
TEST_20799,Not_E
TEST_20814,Not_E
TEST_20820,Not_E
TEST_20823,Not_E
TEST_20831,Not_E
TEST_20838,Not_E
TEST_20842,Not_E
TEST_20851,Not_E
TEST_20853,Not_E
TEST_20856,Not_E
TEST_20859,Not_E
TEST_20872,Not_E
TEST_20876,Not_E
TEST_20881,Not_E
TEST_20882,Not_E
TEST_20889,Not_E
TEST_20891,Not_E
TEST_20898,Not_E
TEST_20904,Not_E
TEST_20905,Not_E
TEST_20906,Not_E
TEST_20923,Not_E
TEST_20925,Not_E
TEST_20931,Not_E
TEST_20942,Not_E
TEST_20944,Not_E
TEST_20958,Not_E
TEST_20962,Not_E
TEST_20964,Not_E
TEST_20971,Not_E
TEST_20972,Not_E
TEST_20985,Not_E
TEST_20986,Not_E
TEST_20994,Not_E
TEST_20997,Not_E
TEST_21004,Not_E
TEST_21007,Not_E
TEST_21014,Not_E
TEST_21034,Not_E
TEST_21039,Not_E
TEST_21041,Not_E
TEST_21046,Not_E
TEST_21047,Not_E
TEST_21061,Not_E
TEST_21069,Not_E
TEST_21071,Not_E
TEST_21084,Not_E
TEST_21100,Not_E
TEST_21105,Not_E
TEST_21108,Not_E
TEST_21109,Not_E
TEST_21119,Not_E
TEST_21122,Not_E
TEST_21135,Not_E
TEST_21141,Not_E
TEST_21146,Not_E
TEST_21147,Not_E
TEST_21149,Not_E
TEST_21162,Not_E
TEST_21166,Not_E
TEST_21167,Not_E
TEST_21169,Not_E
TEST_21182,Not_E
TEST_21194,Not_E
TEST_21207,Not_E
TEST_21213,Not_E
TEST_21231,Not_E
TEST_21240,Not_E
TEST_21257,Not_E
TEST_21264,Not_E
TEST_21273,Not_E
TEST_21274,Not_E
TEST_21276,Not_E
TEST_21278,Not_E
TEST_21296,Not_E
TEST_21305,Not_E
TEST_21313,Not_E
TEST_21325,Not_E
TEST_21327,Not_E
TEST_21331,Not_E
TEST_21332,Not_E
TEST_21338,Not_E
TEST_21346,Not_E
TEST_21349,Not_E
TEST_21356,Not_E
TEST_21362,Not_E
TEST_21367,Not_E
TEST_21371,Not_E
TEST_21380,Not_E
TEST_21399,Not_E
TEST_21404,Not_E
TEST_21417,Not_E
TEST_21418,Not_E
TEST_21419,Not_E
TEST_21427,Not_E
TEST_21431,Not_E
TEST_21432,Not_E
TEST_21440,Not_E
TEST_21442,Not_E
TEST_21454,Not_E
TEST_21461,Not_E
TEST_21463,Not_E
TEST_21465,Not_E
TEST_21476,Not_E
TEST_21486,Not_E
TEST_21487,Not_E
TEST_21498,Not_E
TEST_21510,Not_E
TEST_21511,Not_E
TEST_21513,Not_E
TEST_21522,Not_E
TEST_21523,Not_E
TEST_21526,Not_E
TEST_21541,Not_E
TEST_21543,Not_E
TEST_21547,Not_E
TEST_21548,Not_E
TEST_21549,Not_E
TEST_21550,Not_E
TEST_21563,Not_E
TEST_21564,Not_E
TEST_21574,Not_E
TEST_21577,Not_E
TEST_21580,Not_E
TEST_21584,Not_E
TEST_21597,Not_E
TEST_21601,Not_E
TEST_21602,Not_E
TEST_21604,Not_E
TEST_21607,Not_E
TEST_21615,Not_E
TEST_21618,Not_E
TEST_21625,Not_E
TEST_21627,Not_E
TEST_21628,Not_E
TEST_21633,Not_E
TEST_21636,Not_E
TEST_21645,Not_E
TEST_21652,Not_E
TEST_21665,Not_E
TEST_21667,Not_E
TEST_21673,Not_E
TEST_21676,Not_E
TEST_21677,Not_E
TEST_21681,Not_E
TEST_21686,Not_E
TEST_21691,Not_E
TEST_21692,Not_E
TEST_21693,Not_E
TEST_21696,Not_E
TEST_21698,Not_E
TEST_21700,Not_E
TEST_21706,Not_E
TEST_21711,Not_E
TEST_21714,Not_E
TEST_21725,Not_E
TEST_21737,Not_E
TEST_21744,Not_E
TEST_21757,Not_E
TEST_21771,Not_E
TEST_21780,Not_E
TEST_21782,Not_E
TEST_21788,Not_E
TEST_21801,Not_E
TEST_21806,Not_E
TEST_21812,Not_E
TEST_21816,Not_E
TEST_21819,Not_E
TEST_21820,Not_E
TEST_21826,Not_E
TEST_21828,Not_E
TEST_21831,Not_E
TEST_21836,Not_E
TEST_21838,Not_E
TEST_21843,Not_E
TEST_21844,Not_E
TEST_21846,Not_E
TEST_21847,Not_E
TEST_21849,Not_E
TEST_21856,Not_E
TEST_21862,Not_E
TEST_21864,Not_E
TEST_21881,Not_E
TEST_21884,Not_E
TEST_21890,Not_E
TEST_21891,Not_E
TEST_21907,Not_E
TEST_21918,Not_E
TEST_21929,Not_E
TEST_21943,Not_E
TEST_21961,Not_E
TEST_21964,Not_E
TEST_21965,Not_E
TEST_21970,Not_E
TEST_21971,Not_E
TEST_21989,Not_E
TEST_21998,Not_E
TEST_21999,Not_E
TEST_22001,Not_E
TEST_22011,Not_E
TEST_22023,Not_E
TEST_22028,Not_E
TEST_22031,Not_E
TEST_22038,Not_E
TEST_22053,Not_E
TEST_22056,Not_E
TEST_22087,Not_E
TEST_22089,Not_E
TEST_22092,Not_E
TEST_22096,Not_E
TEST_22122,Not_E
TEST_22124,Not_E
TEST_22125,Not_E
TEST_22126,Not_E
TEST_22127,Not_E
TEST_22132,Not_E
TEST_22138,Not_E
TEST_22146,Not_E
TEST_22153,Not_E
TEST_22159,Not_E
TEST_22162,Not_E
TEST_22163,Not_E
TEST_22172,Not_E
TEST_22181,Not_E
TEST_22186,Not_E
TEST_22187,Not_E
TEST_22191,Not_E
TEST_22208,Not_E
TEST_22216,Not_E
TEST_22221,Not_E
TEST_22225,Not_E
TEST_22227,Not_E
TEST_22233,Not_E
TEST_22234,Not_E
TEST_22241,Not_E
TEST_22248,Not_E
TEST_22310,Not_E
TEST_22311,Not_E
TEST_22323,Not_E
TEST_22327,Not_E
TEST_22328,Not_E
TEST_22340,Not_E
TEST_22344,Not_E
TEST_22348,Not_E
TEST_22349,Not_E
TEST_22352,Not_E
TEST_22366,Not_E
TEST_22379,Not_E
TEST_22380,Not_E
TEST_22385,Not_E
TEST_22387,Not_E
TEST_22390,Not_E
TEST_22407,Not_E
TEST_22413,Not_E
TEST_22441,Not_E
TEST_22442,Not_E
TEST_22444,Not_E
TEST_22461,Not_E
TEST_22467,Not_E
TEST_22471,Not_E
TEST_22476,Not_E
TEST_22493,Not_E
TEST_22496,Not_E
TEST_22499,Not_E
TEST_22505,Not_E
TEST_22508,Not_E
TEST_22513,Not_E
TEST_22532,Not_E
TEST_22533,Not_E
TEST_22557,Not_E
TEST_22558,Not_E
TEST_22560,Not_E
TEST_22567,Not_E
TEST_22577,Not_E
TEST_22600,Not_E
TEST_22601,Not_E
TEST_22602,Not_E
TEST_22605,Not_E
TEST_22610,Not_E
TEST_22622,Not_E
TEST_22623,Not_E
TEST_22624,Not_E
TEST_22629,Not_E
TEST_22655,Not_E
TEST_22657,Not_E
TEST_22670,Not_E
TEST_22686,Not_E
TEST_22687,Not_E
TEST_22694,Not_E
TEST_22695,Not_E
TEST_22696,Not_E
TEST_22699,Not_E
TEST_22703,Not_E
TEST_22705,Not_E
TEST_22706,Not_E
TEST_22713,Not_E
TEST_22721,Not_E
TEST_22730,Not_E
TEST_22734,Not_E
TEST_22736,Not_E
TEST_22751,Not_E
TEST_22755,Not_E
TEST_22763,Not_E
TEST_22771,Not_E
TEST_22779,Not_E
TEST_22783,Not_E
TEST_22795,Not_E
TEST_22796,Not_E
TEST_22838,Not_E
TEST_22847,Not_E
TEST_22856,Not_E
TEST_22872,Not_E
TEST_22879,Not_E
TEST_22888,Not_E
TEST_22893,Not_E
TEST_22897,Not_E
TEST_22899,Not_E
TEST_22913,Not_E
TEST_22914,Not_E
TEST_22915,Not_E
TEST_22916,Not_E
TEST_22918,Not_E
TEST_22920,Not_E
TEST_22931,Not_E
TEST_22942,Not_E
TEST_22950,Not_E
TEST_22959,Not_E
TEST_22960,Not_E
TEST_22962,Not_E
TEST_22963,Not_E
TEST_22971,Not_E
TEST_22990,Not_E
TEST_22996,Not_E
TEST_23010,Not_E
TEST_23021,Not_E
TEST_23024,Not_E
TEST_23027,Not_E
TEST_23032,Not_E
TEST_23038,Not_E
TEST_23049,Not_E
TEST_23057,Not_E
TEST_23059,Not_E
TEST_23060,Not_E
TEST_23077,Not_E
TEST_23080,Not_E
TEST_23093,Not_E
TEST_23096,Not_E
TEST_23097,Not_E
TEST_23099,Not_E
TEST_23100,Not_E
TEST_23105,Not_E
TEST_23111,Not_E
TEST_23116,Not_E
TEST_23120,Not_E
TEST_23124,Not_E
TEST_23127,Not_E
TEST_23133,Not_E
TEST_23136,Not_E
TEST_23139,Not_E
TEST_23149,Not_E
TEST_23153,Not_E
TEST_23158,Not_E
TEST_23160,Not_E
TEST_23167,Not_E
TEST_23179,Not_E
TEST_23185,Not_E
TEST_23187,Not_E
TEST_23191,Not_E
TEST_23195,Not_E
TEST_23198,Not_E
TEST_23204,Not_E
TEST_23208,Not_E
TEST_23211,Not_E
TEST_23219,Not_E
TEST_23223,Not_E
TEST_23226,Not_E
TEST_23227,Not_E
TEST_23236,Not_E
TEST_23247,Not_E
TEST_23274,Not_E
TEST_23281,Not_E
TEST_23286,Not_E
TEST_23298,Not_E
TEST_23327,Not_E
TEST_23339,Not_E
TEST_23343,Not_E
TEST_23352,Not_E
TEST_23355,Not_E
TEST_23358,Not_E
TEST_23364,Not_E
TEST_23371,Not_E
TEST_23377,Not_E
TEST_23382,Not_E
TEST_23388,Not_E
TEST_23394,Not_E
TEST_23399,Not_E
TEST_23402,Not_E
TEST_23405,Not_E
TEST_23411,Not_E
TEST_23413,Not_E
TEST_23418,Not_E
TEST_23423,Not_E
TEST_23428,Not_E
TEST_23444,Not_E
TEST_23449,Not_E
TEST_23454,Not_E
TEST_23464,Not_E
TEST_23468,Not_E
TEST_23469,Not_E
TEST_23478,Not_E
TEST_23490,Not_E
TEST_23491,Not_E
TEST_23494,Not_E
TEST_23496,Not_E
TEST_23497,Not_E
TEST_23505,Not_E
TEST_23508,Not_E
TEST_23526,Not_E
TEST_23547,Not_E
TEST_23564,Not_E
TEST_23565,Not_E
TEST_23571,Not_E
TEST_23588,Not_E
TEST_23600,Not_E
TEST_23602,Not_E
TEST_23604,Not_E
TEST_23605,Not_E
TEST_23607,Not_E
TEST_23620,Not_E
TEST_23622,Not_E
TEST_23628,Not_E
TEST_23629,Not_E
TEST_23631,Not_E
TEST_23648,Not_E
TEST_23650,Not_E
TEST_23654,Not_E
TEST_23665,Not_E
TEST_23686,Not_E
TEST_23689,Not_E
TEST_23696,Not_E
TEST_23698,Not_E
TEST_23701,Not_E
TEST_23716,Not_E
TEST_23731,Not_E
TEST_23734,Not_E
TEST_23742,Not_E
TEST_23744,Not_E
TEST_23745,Not_E
TEST_23752,Not_E
TEST_23763,Not_E
TEST_23764,Not_E
TEST_23775,Not_E
TEST_23779,Not_E
TEST_23781,Not_E
TEST_23786,Not_E
TEST_23788,Not_E
TEST_23791,Not_E
TEST_23795,Not_E
TEST_23798,Not_E
TEST_23802,Not_E
TEST_23803,Not_E
TEST_23813,Not_E
TEST_23814,Not_E
TEST_23817,Not_E
TEST_23818,Not_E
TEST_23822,Not_E
TEST_23825,Not_E
TEST_23858,Not_E
TEST_23864,Not_E
TEST_23875,Not_E
TEST_23887,Not_E
TEST_23890,Not_E
TEST_23891,Not_E
TEST_23892,Not_E
TEST_23898,Not_E
TEST_23910,Not_E
TEST_23913,Not_E
TEST_23915,Not_E
TEST_23921,Not_E
TEST_23923,Not_E
TEST_23934,Not_E
TEST_23935,Not_E
TEST_23943,Not_E
TEST_23947,Not_E
TEST_23951,Not_E
TEST_23958,Not_E
TEST_23983,Not_E
TEST_23991,Not_E
TEST_23993,Not_E
TEST_24018,Not_E
TEST_24026,Not_E
TEST_24027,Not_E
TEST_24037,Not_E
TEST_24051,Not_E
TEST_24053,Not_E
TEST_24067,Not_E
TEST_24068,Not_E
TEST_24070,Not_E
TEST_24074,Not_E
TEST_24079,Not_E
TEST_24083,Not_E
TEST_24087,Not_E
TEST_24090,Not_E
TEST_24096,Not_E
TEST_24107,Not_E
TEST_24123,Not_E
TEST_24133,Not_E
TEST_24137,Not_E
TEST_24139,Not_E
TEST_24140,Not_E
TEST_24148,Not_E
TEST_24150,Not_E
TEST_24159,Not_E
TEST_24163,Not_E
TEST_24172,Not_E
TEST_24176,Not_E
TEST_24182,Not_E
TEST_24188,Not_E
TEST_24192,Not_E
TEST_24193,Not_E
TEST_24195,Not_E
TEST_24215,Not_E
TEST_24219,Not_E
TEST_24221,Not_E
TEST_24227,Not_E
TEST_24229,Not_E
TEST_24241,Not_E
TEST_24248,Not_E
TEST_24255,Not_E
TEST_24262,Not_E
TEST_24264,Not_E
TEST_24270,Not_E
TEST_24274,Not_E
TEST_24277,Not_E
TEST_24284,Not_E
TEST_24288,Not_E
TEST_24299,Not_E
TEST_24301,Not_E
TEST_24305,Not_E
TEST_24308,Not_E
TEST_24309,Not_E
TEST_24312,Not_E
TEST_24326,Not_E
TEST_24344,Not_E
TEST_24345,Not_E
TEST_24348,Not_E
TEST_24350,Not_E
TEST_24365,Not_E
TEST_24367,Not_E
TEST_24372,Not_E
TEST_24390,Not_E
TEST_24394,Not_E
TEST_24401,Not_E
TEST_24428,Not_E
TEST_24434,Not_E
TEST_24437,Not_E
TEST_24440,Not_E
TEST_24443,Not_E
TEST_24449,Not_E
TEST_24452,Not_E
TEST_24453,Not_E
TEST_24467,Not_E
TEST_24468,Not_E
TEST_24483,Not_E
TEST_24486,Not_E
TEST_24487,Not_E
TEST_24489,Not_E
TEST_24500,Not_E
TEST_24506,Not_E
TEST_24508,Not_E
TEST_24525,Not_E
TEST_24527,Not_E
TEST_24528,Not_E
TEST_24533,Not_E
TEST_24535,Not_E
TEST_24538,Not_E
TEST_24540,Not_E
TEST_24548,Not_E
TEST_24559,Not_E
TEST_24574,Not_E
TEST_24577,Not_E
TEST_24581,Not_E
TEST_24584,Not_E
TEST_24588,Not_E
TEST_24590,Not_E
TEST_24591,Not_E
TEST_24612,Not_E
TEST_24616,Not_E
TEST_24620,Not_E
TEST_24622,Not_E
TEST_24640,Not_E
TEST_24642,Not_E
TEST_24648,Not_E
TEST_24651,Not_E
TEST_24653,Not_E
TEST_24659,Not_E
TEST_24669,Not_E
TEST_24670,Not_E
TEST_24675,Not_E
TEST_24679,Not_E
TEST_24703,Not_E
TEST_24716,Not_E
TEST_24719,Not_E
TEST_24721,Not_E
TEST_24725,Not_E
TEST_24734,Not_E
TEST_24742,Not_E
TEST_24744,Not_E
TEST_24745,Not_E
TEST_24747,Not_E
TEST_24750,Not_E
TEST_24768,Not_E
TEST_24770,Not_E
TEST_24771,Not_E
TEST_24772,Not_E
TEST_24777,Not_E
TEST_24788,Not_E
TEST_24800,Not_E
TEST_24804,Not_E
TEST_24806,Not_E
TEST_24809,Not_E
TEST_24816,Not_E
TEST_24822,Not_E
TEST_24823,Not_E
TEST_24824,Not_E
TEST_24830,Not_E
TEST_24835,Not_E
TEST_24843,Not_E
TEST_24850,Not_E
TEST_24857,Not_E
TEST_24858,Not_E
TEST_24865,Not_E
TEST_24885,Not_E
TEST_24893,Not_E
TEST_24895,Not_E
TEST_24906,Not_E
TEST_24916,Not_E
TEST_24933,Not_E
TEST_24936,Not_E
TEST_24938,Not_E
TEST_24942,Not_E
TEST_24945,Not_E
TEST_24950,Not_E
TEST_24954,Not_E
TEST_24958,Not_E
TEST_24960,Not_E
TEST_24968,Not_E
TEST_24969,Not_E
TEST_24970,Not_E
TEST_24974,Not_E
TEST_24976,Not_E
TEST_24983,Not_E
TEST_24985,Not_E
TEST_24991,Not_E
TEST_24999,Not_E
TEST_25002,Not_E
TEST_25006,Not_E
TEST_25010,Not_E
TEST_25012,Not_E
TEST_25014,Not_E
TEST_25019,Not_E
TEST_25024,Not_E
TEST_25030,Not_E
TEST_25037,Not_E
TEST_25051,Not_E
TEST_25062,Not_E
TEST_25072,Not_E
TEST_25079,Not_E
TEST_25084,Not_E
TEST_25087,Not_E
TEST_25093,Not_E
TEST_25096,Not_E
TEST_25117,Not_E
TEST_25118,Not_E
TEST_25123,Not_E
TEST_25124,Not_E
TEST_25126,Not_E
TEST_25128,Not_E
TEST_25131,Not_E
TEST_25137,Not_E
TEST_25138,Not_E
TEST_25143,Not_E
TEST_25158,Not_E
TEST_25159,Not_E
TEST_25172,Not_E
TEST_25180,Not_E
TEST_25186,Not_E
TEST_25192,Not_E
TEST_25194,Not_E
TEST_25199,Not_E
TEST_25200,Not_E
TEST_25204,Not_E
TEST_25222,Not_E
TEST_25229,Not_E
TEST_25230,Not_E
TEST_25232,Not_E
TEST_25247,Not_E
TEST_25257,Not_E
TEST_25259,Not_E
TEST_25261,Not_E
TEST_25269,Not_E
TEST_25276,Not_E
TEST_25283,Not_E
TEST_25284,Not_E
TEST_25287,Not_E
TEST_25298,Not_E
TEST_25312,Not_E
TEST_25315,Not_E
TEST_25318,Not_E
TEST_25319,Not_E
TEST_25322,Not_E
TEST_25364,Not_E
TEST_25365,Not_E
TEST_25375,Not_E
TEST_25378,Not_E
TEST_25381,Not_E
TEST_25387,Not_E
TEST_25388,Not_E
TEST_25391,Not_E
TEST_25394,Not_E
TEST_25397,Not_E
TEST_25402,Not_E
TEST_25411,Not_E
TEST_25423,Not_E
TEST_25425,Not_E
TEST_25429,Not_E
TEST_25447,Not_E
TEST_25451,Not_E
TEST_25455,Not_E
TEST_25457,Not_E
TEST_25471,Not_E
TEST_25478,Not_E
TEST_25482,Not_E
TEST_25483,Not_E
TEST_25492,Not_E
TEST_25493,Not_E
TEST_25497,Not_E
TEST_25498,Not_E
TEST_25503,Not_E
TEST_25504,Not_E
TEST_25511,Not_E
TEST_25513,Not_E
TEST_25516,Not_E
TEST_25517,Not_E
TEST_25519,Not_E
TEST_25524,Not_E
TEST_25530,Not_E
TEST_25547,Not_E
TEST_25548,Not_E
TEST_25554,Not_E
TEST_25555,Not_E
TEST_25560,Not_E
TEST_25570,Not_E
TEST_25579,Not_E
TEST_25581,Not_E
TEST_25583,Not_E
TEST_25596,Not_E
TEST_25598,Not_E
TEST_25603,Not_E
TEST_25607,Not_E
TEST_25613,Not_E
TEST_25615,Not_E
TEST_25616,Not_E
TEST_25619,Not_E
TEST_25625,Not_E
TEST_25626,Not_E
TEST_25635,Not_E
TEST_25651,Not_E
TEST_25653,Not_E
TEST_25660,Not_E
TEST_25673,Not_E
TEST_25674,Not_E
TEST_25677,Not_E
TEST_25683,Not_E
TEST_25686,Not_E
TEST_25700,Not_E
TEST_25706,Not_E
TEST_25713,Not_E
TEST_25719,Not_E
TEST_25722,Not_E
TEST_25741,Not_E
TEST_25743,Not_E
TEST_25744,Not_E
TEST_25758,Not_E
TEST_25765,Not_E
TEST_25781,Not_E
TEST_25786,Not_E
TEST_25791,Not_E
TEST_25793,Not_E
TEST_25794,Not_E
TEST_25795,Not_E
TEST_25798,Not_E
TEST_25806,Not_E
TEST_25810,Not_E
TEST_25812,Not_E
TEST_25815,Not_E
TEST_25833,Not_E
TEST_25844,Not_E
TEST_25845,Not_E
TEST_25850,Not_E
TEST_25855,Not_E
TEST_25862,Not_E
TEST_25865,Not_E
TEST_25872,Not_E
TEST_25873,Not_E
TEST_25885,Not_E
TEST_25898,Not_E
TEST_25900,Not_E
TEST_25901,Not_E
TEST_25902,Not_E
TEST_25907,Not_E
TEST_25913,Not_E
TEST_25914,Not_E
TEST_25916,Not_E
TEST_25919,Not_E
TEST_25924,Not_E
TEST_25932,Not_E
TEST_25936,Not_E
TEST_25939,Not_E
TEST_25942,Not_E
TEST_25944,Not_E
TEST_25948,Not_E
TEST_25949,Not_E
TEST_25967,Not_E
TEST_25971,Not_E
TEST_25977,Not_E
TEST_25978,Not_E
TEST_26000,Not_E
TEST_26017,Not_E
TEST_26018,Not_E
TEST_26024,Not_E
TEST_26037,Not_E
TEST_26038,Not_E
TEST_26042,Not_E
TEST_26048,Not_E
TEST_26053,Not_E
TEST_26066,Not_E
TEST_26075,Not_E
TEST_26082,Not_E
TEST_26089,Not_E
TEST_26090,Not_E
TEST_26098,Not_E
TEST_26101,Not_E
TEST_26112,Not_E
TEST_26118,Not_E
TEST_26125,Not_E
TEST_26138,Not_E
TEST_26141,Not_E
TEST_26142,Not_E
TEST_26155,Not_E
TEST_26156,Not_E
TEST_26159,Not_E
TEST_26166,Not_E
TEST_26168,Not_E
TEST_26170,Not_E
TEST_26174,Not_E
TEST_26178,Not_E
TEST_26188,Not_E
TEST_26193,Not_E
TEST_26194,Not_E
TEST_26195,Not_E
TEST_26196,Not_E
TEST_26213,Not_E
TEST_26216,Not_E
TEST_26222,Not_E
TEST_26233,Not_E
TEST_26239,Not_E
TEST_26240,Not_E
TEST_26243,Not_E
TEST_26253,Not_E
TEST_26254,Not_E
TEST_26260,Not_E
TEST_26262,Not_E
TEST_26264,Not_E
TEST_26268,Not_E
TEST_26269,Not_E
TEST_26271,Not_E
TEST_26273,Not_E
TEST_26278,Not_E
TEST_26288,Not_E
TEST_26295,Not_E
TEST_26311,Not_E
TEST_26316,Not_E
TEST_26317,Not_E
TEST_26320,Not_E
TEST_26329,Not_E
TEST_26331,Not_E
TEST_26335,Not_E
TEST_26338,Not_E
TEST_26345,Not_E
TEST_26347,Not_E
TEST_26348,Not_E
TEST_26350,Not_E
TEST_26354,Not_E
TEST_26355,Not_E
TEST_26359,Not_E
TEST_26363,Not_E
TEST_26366,Not_E
TEST_26371,Not_E
TEST_26378,Not_E
TEST_26386,Not_E
TEST_26403,Not_E
TEST_26406,Not_E
TEST_26407,Not_E
TEST_26412,Not_E
TEST_26415,Not_E
TEST_26419,Not_E
TEST_26420,Not_E
TEST_26422,Not_E
TEST_26427,Not_E
TEST_26436,Not_E
TEST_26441,Not_E
TEST_26459,Not_E
TEST_26462,Not_E
TEST_26470,Not_E
TEST_26496,Not_E
TEST_26500,Not_E
TEST_26508,Not_E
TEST_26517,Not_E
TEST_26518,Not_E
TEST_26528,Not_E
TEST_26533,Not_E
TEST_26534,Not_E
TEST_26541,Not_E
TEST_26552,Not_E
TEST_26554,Not_E
TEST_26564,Not_E
TEST_26565,Not_E
TEST_26573,Not_E
TEST_26579,Not_E
TEST_26591,Not_E
TEST_26603,Not_E
TEST_26611,Not_E
TEST_26621,Not_E
TEST_26622,Not_E
TEST_26637,Not_E
TEST_26645,Not_E
TEST_26650,Not_E
TEST_26654,Not_E
TEST_26656,Not_E
TEST_26658,Not_E
TEST_26659,Not_E
TEST_26661,Not_E
TEST_26668,Not_E
TEST_26670,Not_E
TEST_26695,Not_E
TEST_26699,Not_E
TEST_26707,Not_E
TEST_26710,Not_E
TEST_26713,Not_E
TEST_26715,Not_E
TEST_26720,Not_E
TEST_26721,Not_E
TEST_26727,Not_E
TEST_26728,Not_E
TEST_26740,Not_E
TEST_26741,Not_E
TEST_26748,Not_E
TEST_26755,Not_E
TEST_26760,Not_E
TEST_26763,Not_E
TEST_26769,Not_E
TEST_26775,Not_E
TEST_26785,Not_E
TEST_26803,Not_E
TEST_26812,Not_E
TEST_26821,Not_E
TEST_26822,Not_E
TEST_26838,Not_E
TEST_26847,Not_E
TEST_26853,Not_E
TEST_26865,Not_E
TEST_26868,Not_E
TEST_26870,Not_E
TEST_26871,Not_E
TEST_26874,Not_E
TEST_26877,Not_E
TEST_26885,Not_E
TEST_26887,Not_E
TEST_26895,Not_E
TEST_26908,Not_E
TEST_26925,Not_E
TEST_26938,Not_E
TEST_26942,Not_E
TEST_26957,Not_E
TEST_26958,Not_E
TEST_26964,Not_E
TEST_26969,Not_E
TEST_26979,Not_E
TEST_26984,Not_E
TEST_26988,Not_E
TEST_26992,Not_E
TEST_26993,Not_E
TEST_27018,Not_E
TEST_27019,Not_E
TEST_27029,Not_E
TEST_27032,Not_E
TEST_27033,Not_E
TEST_27037,Not_E
TEST_27040,Not_E
TEST_27043,Not_E
TEST_27046,Not_E
TEST_27050,Not_E
TEST_27053,Not_E
TEST_27064,Not_E
TEST_27067,Not_E
TEST_27075,Not_E
TEST_27078,Not_E
TEST_27080,Not_E
TEST_27091,Not_E
TEST_27093,Not_E
TEST_27094,Not_E
TEST_27097,Not_E
TEST_27105,Not_E
TEST_27115,Not_E
TEST_27122,Not_E
TEST_27126,Not_E
TEST_27132,Not_E
TEST_27134,Not_E
TEST_27144,Not_E
TEST_27163,Not_E
TEST_27168,Not_E
TEST_27169,Not_E
TEST_27177,Not_E
TEST_27182,Not_E
TEST_27214,Not_E
TEST_27215,Not_E
TEST_27219,Not_E
TEST_27224,Not_E
TEST_27225,Not_E
TEST_27229,Not_E
TEST_27231,Not_E
TEST_27233,Not_E
TEST_27240,Not_E
TEST_27243,Not_E
TEST_27244,Not_E
TEST_27250,Not_E
TEST_27252,Not_E
TEST_27269,Not_E
TEST_27271,Not_E
TEST_27280,Not_E
TEST_27283,Not_E
TEST_27284,Not_E
TEST_27290,Not_E
TEST_27298,Not_E
TEST_27300,Not_E
TEST_27309,Not_E
TEST_27318,Not_E
TEST_27320,Not_E
TEST_27335,Not_E
TEST_27347,Not_E
TEST_27351,Not_E
TEST_27354,Not_E
TEST_27358,Not_E
TEST_27365,Not_E
TEST_27377,Not_E
TEST_27382,Not_E
TEST_27386,Not_E
TEST_27393,Not_E
TEST_27396,Not_E
TEST_27399,Not_E
TEST_27401,Not_E
TEST_27411,Not_E
TEST_27419,Not_E
TEST_27424,Not_E
TEST_27445,Not_E
TEST_27449,Not_E
TEST_27454,Not_E
TEST_27458,Not_E
TEST_27462,Not_E
TEST_27465,Not_E
TEST_27466,Not_E
TEST_27471,Not_E
TEST_27484,Not_E
TEST_27493,Not_E
TEST_27510,Not_E
TEST_27519,Not_E
TEST_27523,Not_E
TEST_27535,Not_E
TEST_27537,Not_E
TEST_27552,Not_E
TEST_27565,Not_E
TEST_27573,Not_E
TEST_27575,Not_E
TEST_27581,Not_E
TEST_27585,Not_E
TEST_27589,Not_E
TEST_27593,Not_E
TEST_27601,Not_E
TEST_27614,Not_E
TEST_27622,Not_E
TEST_27626,Not_E
TEST_27640,Not_E
TEST_27642,Not_E
TEST_27644,Not_E
TEST_27656,Not_E
TEST_27661,Not_E
TEST_27665,Not_E
TEST_27666,Not_E
TEST_27684,Not_E
TEST_27690,Not_E
TEST_27695,Not_E
TEST_27726,Not_E
TEST_27735,Not_E
TEST_27739,Not_E
TEST_27740,Not_E
TEST_27744,Not_E
TEST_27750,Not_E
TEST_27757,Not_E
TEST_27763,Not_E
TEST_27764,Not_E
TEST_27767,Not_E
TEST_27776,Not_E
TEST_27781,Not_E
TEST_27784,Not_E
TEST_27793,Not_E
TEST_27795,Not_E
TEST_27801,Not_E
TEST_27808,Not_E
TEST_27815,Not_E
TEST_27821,Not_E
TEST_27839,Not_E
TEST_27848,Not_E
TEST_27853,Not_E
TEST_27856,Not_E
TEST_27868,Not_E
TEST_27872,Not_E
TEST_27873,Not_E
TEST_27887,Not_E
TEST_27889,Not_E
TEST_27891,Not_E
TEST_27915,Not_E
TEST_27932,Not_E
TEST_27951,Not_E
TEST_27963,Not_E
TEST_27968,Not_E
TEST_27972,Not_E
TEST_27990,Not_E
TEST_28002,Not_E
TEST_28011,Not_E
TEST_28024,Not_E
TEST_28037,Not_E
TEST_28044,Not_E
TEST_28052,Not_E
TEST_28060,Not_E
TEST_28061,Not_E
TEST_28062,Not_E
TEST_28070,Not_E
TEST_28076,Not_E
TEST_28084,Not_E
TEST_28086,Not_E
TEST_28089,Not_E
TEST_28090,Not_E
TEST_28098,Not_E
TEST_28101,Not_E
TEST_28103,Not_E
TEST_28110,Not_E
TEST_28113,Not_E
TEST_28124,Not_E
TEST_28127,Not_E
TEST_28140,Not_E
TEST_28141,Not_E
TEST_28149,Not_E
TEST_28155,Not_E
TEST_28167,Not_E
TEST_28184,Not_E
TEST_28199,Not_E
TEST_28213,Not_E
TEST_28217,Not_E
TEST_28220,Not_E
TEST_28222,Not_E
TEST_28226,Not_E
TEST_28231,Not_E
TEST_28232,Not_E
TEST_28237,Not_E
TEST_28241,Not_E
TEST_28242,Not_E
TEST_28250,Not_E
TEST_28255,Not_E
TEST_28269,Not_E
TEST_28271,Not_E
TEST_28272,Not_E
TEST_28275,Not_E
TEST_28280,Not_E
TEST_28281,Not_E
TEST_28284,Not_E
TEST_28285,Not_E
TEST_28287,Not_E
TEST_28288,Not_E
TEST_28291,Not_E
TEST_28295,Not_E
TEST_28300,Not_E
TEST_28301,Not_E
TEST_28303,Not_E
TEST_28306,Not_E
TEST_28308,Not_E
TEST_28343,Not_E
TEST_28344,Not_E
TEST_28346,Not_E
TEST_28361,Not_E
TEST_28365,Not_E
TEST_28366,Not_E
TEST_28369,Not_E
TEST_28371,Not_E
TEST_28378,Not_E
TEST_28381,Not_E
TEST_28382,Not_E
TEST_28385,Not_E
TEST_28390,Not_E
TEST_28405,Not_E
TEST_28407,Not_E
TEST_28420,Not_E
TEST_28429,Not_E
TEST_28432,Not_E
TEST_28437,Not_E
TEST_28440,Not_E
TEST_28443,Not_E
TEST_28448,Not_E
TEST_28460,Not_E
TEST_28461,Not_E
TEST_28474,Not_E
TEST_28479,Not_E
TEST_28481,Not_E
TEST_28483,Not_E
TEST_28484,Not_E
TEST_28500,Not_E
TEST_28501,Not_E
TEST_28502,Not_E
TEST_28518,Not_E
TEST_28519,Not_E
TEST_28524,Not_E
TEST_28538,Not_E
TEST_28541,Not_E
TEST_28545,Not_E
TEST_28548,Not_E
TEST_28553,Not_E
TEST_28568,Not_E
TEST_28578,Not_E
TEST_28580,Not_E
TEST_28582,Not_E
TEST_28585,Not_E
TEST_28592,Not_E
TEST_28593,Not_E
TEST_28598,Not_E
TEST_28608,Not_E
TEST_28616,Not_E
TEST_28637,Not_E
TEST_28646,Not_E
TEST_28656,Not_E
TEST_28679,Not_E
TEST_28684,Not_E
TEST_28686,Not_E
TEST_28694,Not_E
TEST_28697,Not_E
TEST_28699,Not_E
TEST_28700,Not_E
TEST_28701,Not_E
TEST_28706,Not_E
TEST_28710,Not_E
TEST_28713,Not_E
TEST_28718,Not_E
TEST_28725,Not_E
TEST_28728,Not_E
TEST_28729,Not_E
TEST_28732,Not_E
TEST_28735,Not_E
TEST_28740,Not_E
TEST_28746,Not_E
TEST_28753,Not_E
TEST_28765,Not_E
TEST_28768,Not_E
TEST_28778,Not_E
TEST_28780,Not_E
TEST_28782,Not_E
TEST_28787,Not_E
TEST_28796,Not_E
TEST_28810,Not_E
TEST_28814,Not_E
TEST_28819,Not_E
TEST_28824,Not_E
TEST_28841,Not_E
TEST_28861,Not_E
TEST_28870,Not_E
TEST_28873,Not_E
TEST_28876,Not_E
TEST_28878,Not_E
TEST_28879,Not_E
TEST_28881,Not_E
TEST_28883,Not_E
TEST_28901,Not_E
TEST_28909,Not_E
TEST_28912,Not_E
TEST_28914,Not_E
TEST_28933,Not_E
TEST_28944,Not_E
TEST_28957,Not_E
TEST_28962,Not_E
TEST_28976,Not_E
TEST_28978,Not_E
TEST_28982,Not_E
TEST_29004,Not_E
TEST_29007,Not_E
TEST_29013,Not_E
TEST_29016,Not_E
TEST_29018,Not_E
TEST_29019,Not_E
TEST_29021,Not_E
TEST_29042,Not_E
TEST_29043,Not_E
TEST_29054,Not_E
TEST_29060,Not_E
TEST_29063,Not_E
TEST_29064,Not_E
TEST_29095,Not_E
TEST_29096,Not_E
TEST_29100,Not_E
TEST_29108,Not_E
TEST_29116,Not_E
TEST_29139,Not_E
TEST_29141,Not_E
TEST_29144,Not_E
TEST_29146,Not_E
TEST_29147,Not_E
TEST_29149,Not_E
TEST_29170,Not_E
TEST_29183,Not_E
TEST_29184,Not_E
TEST_29185,Not_E
TEST_29197,Not_E
TEST_29207,Not_E
TEST_29222,Not_E
TEST_29228,Not_E
TEST_29238,Not_E
TEST_29244,Not_E
TEST_29252,Not_E
TEST_29266,Not_E
TEST_29267,Not_E
TEST_29272,Not_E
TEST_29277,Not_E
TEST_29280,Not_E
TEST_29284,Not_E
TEST_29297,Not_E
TEST_29303,Not_E
TEST_29310,Not_E
TEST_29312,Not_E
TEST_29313,Not_E
TEST_29314,Not_E
TEST_29323,Not_E
TEST_29327,Not_E
TEST_29328,Not_E
TEST_29329,Not_E
TEST_29332,Not_E
TEST_29351,Not_E
TEST_29352,Not_E
TEST_29354,Not_E
TEST_29359,Not_E
TEST_29360,Not_E
TEST_29361,Not_E
TEST_29370,Not_E
TEST_29377,Not_E
TEST_29378,Not_E
TEST_29379,Not_E
TEST_29394,Not_E
TEST_29396,Not_E
TEST_29402,Not_E
TEST_29412,Not_E
TEST_29413,Not_E
TEST_29416,Not_E
TEST_29431,Not_E
TEST_29464,Not_E
TEST_29465,Not_E
TEST_29471,Not_E
TEST_29475,Not_E
TEST_29482,Not_E
TEST_29483,Not_E
TEST_29485,Not_E
TEST_29491,Not_E
TEST_29493,Not_E
TEST_29514,Not_E
TEST_29516,Not_E
TEST_29517,Not_E
TEST_29522,Not_E
TEST_29523,Not_E
TEST_29527,Not_E
TEST_29535,Not_E
TEST_29543,Not_E
TEST_29548,Not_E
TEST_29562,Not_E
TEST_29563,Not_E
TEST_29571,Not_E
TEST_29598,Not_E
TEST_29606,Not_E
TEST_29612,Not_E
TEST_29622,Not_E
TEST_29625,Not_E
TEST_29626,Not_E
TEST_29628,Not_E
TEST_29635,Not_E
TEST_29649,Not_E
TEST_29652,Not_E
TEST_29655,Not_E
TEST_29661,Not_E
TEST_29667,Not_E
TEST_29698,Not_E
TEST_29704,Not_E
TEST_29705,Not_E
TEST_29707,Not_E
TEST_29708,Not_E
TEST_29710,Not_E
TEST_29713,Not_E
TEST_29720,Not_E
TEST_29724,Not_E
TEST_29731,Not_E
TEST_29734,Not_E
TEST_29735,Not_E
TEST_29752,Not_E
TEST_29779,Not_E
TEST_29789,Not_E
TEST_29791,Not_E
TEST_29792,Not_E
TEST_29799,Not_E
TEST_29802,Not_E
TEST_29813,Not_E
TEST_29815,Not_E
TEST_29821,Not_E
TEST_29823,Not_E
TEST_29824,Not_E
TEST_29827,Not_E
TEST_29834,Not_E
TEST_29836,Not_E
TEST_29839,Not_E
TEST_29851,Not_E
TEST_29863,Not_E
TEST_29868,Not_E
TEST_29874,Not_E
TEST_29875,Not_E
TEST_29894,Not_E
TEST_29897,Not_E
TEST_29899,Not_E
TEST_29905,Not_E
TEST_29917,Not_E
TEST_29922,Not_E
TEST_29924,Not_E
TEST_29935,Not_E
TEST_29938,Not_E
TEST_29939,Not_E
TEST_29941,Not_E
TEST_29947,Not_E
TEST_29958,Not_E
TEST_29963,Not_E
TEST_29966,Not_E
TEST_29976,Not_E
TEST_29983,Not_E
TEST_29984,Not_E
TEST_29986,Not_E
TEST_29992,Not_E
TEST_29994,Not_E
TEST_29997,Not_E
TEST_29998,Not_E
TEST_29999,Not_E
TEST_30007,Not_E
TEST_30009,Not_E
TEST_30028,Not_E
TEST_30033,Not_E
TEST_30034,Not_E
TEST_30036,Not_E
TEST_30042,Not_E
TEST_30043,Not_E
TEST_30046,Not_E
TEST_30047,Not_E
TEST_30056,Not_E
TEST_30058,Not_E
TEST_30069,Not_E
TEST_30086,Not_E
TEST_30088,Not_E
TEST_30101,Not_E
TEST_30102,Not_E
TEST_30112,Not_E
TEST_30114,Not_E
TEST_30119,Not_E
TEST_30147,Not_E
TEST_30149,Not_E
TEST_30165,Not_E
TEST_30178,Not_E
TEST_30179,Not_E
TEST_30184,Not_E
TEST_30194,Not_E
TEST_30200,Not_E
TEST_30207,Not_E
TEST_30222,Not_E
TEST_30226,Not_E
TEST_30229,Not_E
TEST_30233,Not_E
TEST_30234,Not_E
TEST_30238,Not_E
TEST_30243,Not_E
TEST_30245,Not_E
TEST_30266,Not_E
TEST_30274,Not_E
TEST_30280,Not_E
TEST_30281,Not_E
TEST_30285,Not_E
TEST_30288,Not_E
TEST_30292,Not_E
TEST_30313,Not_E
TEST_30316,Not_E
TEST_30324,Not_E
TEST_30331,Not_E
TEST_30334,Not_E
TEST_30345,Not_E
TEST_30346,Not_E
TEST_30355,Not_E
TEST_30356,Not_E
TEST_30375,Not_E
TEST_30377,Not_E
TEST_30378,Not_E
TEST_30380,Not_E
TEST_30395,Not_E
TEST_30396,Not_E
TEST_30399,Not_E
TEST_30401,Not_E
TEST_30410,Not_E
TEST_30412,Not_E
TEST_30429,Not_E
TEST_30434,Not_E
TEST_30439,Not_E
TEST_30450,Not_E
TEST_30458,Not_E
TEST_30497,Not_E
TEST_30501,Not_E
TEST_30510,Not_E
TEST_30527,Not_E
TEST_30531,Not_E
TEST_30534,Not_E
TEST_30543,Not_E
TEST_30544,Not_E
TEST_30563,Not_E
TEST_30572,Not_E
TEST_30582,Not_E
TEST_30584,Not_E
TEST_30587,Not_E
TEST_30592,Not_E
TEST_30600,Not_E
TEST_30618,Not_E
TEST_30636,Not_E
TEST_30643,Not_E
TEST_30645,Not_E
TEST_30646,Not_E
TEST_30655,Not_E
TEST_30657,Not_E
TEST_30668,Not_E
TEST_30679,Not_E
TEST_30682,Not_E
TEST_30684,Not_E
TEST_30685,Not_E
TEST_30695,Not_E
TEST_30700,Not_E
TEST_30729,Not_E
TEST_30731,Not_E
TEST_30732,Not_E
TEST_30734,Not_E
TEST_30736,Not_E
TEST_30739,Not_E
TEST_30744,Not_E
TEST_30749,Not_E
TEST_30751,Not_E
TEST_30765,Not_E
TEST_30780,Not_E
TEST_30785,Not_E
TEST_30796,Not_E
TEST_30797,Not_E
TEST_30804,Not_E
TEST_30812,Not_E
TEST_30820,Not_E
TEST_30840,Not_E
TEST_30844,Not_E
TEST_30848,Not_E
TEST_30854,Not_E
TEST_30859,Not_E
TEST_30862,Not_E
TEST_30886,Not_E
TEST_30889,Not_E
TEST_30903,Not_E
TEST_30906,Not_E
TEST_30907,Not_E
TEST_30908,Not_E
TEST_30936,Not_E
TEST_30937,Not_E
TEST_30940,Not_E
TEST_30948,Not_E
TEST_30949,Not_E
TEST_30951,Not_E
TEST_30953,Not_E
TEST_30955,Not_E
TEST_30956,Not_E
TEST_30957,Not_E
TEST_30976,Not_E
TEST_30985,Not_E
TEST_30988,Not_E
TEST_30990,Not_E
TEST_31002,Not_E
TEST_31003,Not_E
TEST_31007,Not_E
TEST_31016,Not_E
TEST_31019,Not_E
TEST_31025,Not_E
TEST_31035,Not_E
TEST_31040,Not_E
TEST_31045,Not_E
TEST_31056,Not_E
TEST_31060,Not_E
TEST_31063,Not_E
TEST_31066,Not_E
TEST_31068,Not_E
TEST_31085,Not_E
TEST_31091,Not_E
TEST_31094,Not_E
TEST_31100,Not_E
TEST_31102,Not_E
TEST_31103,Not_E
TEST_31114,Not_E
TEST_31122,Not_E
TEST_31132,Not_E
TEST_31140,Not_E
TEST_31144,Not_E
TEST_31149,Not_E
TEST_31152,Not_E
TEST_31158,Not_E
TEST_31173,Not_E
TEST_31175,Not_E
TEST_31195,Not_E
TEST_31202,Not_E
TEST_31203,Not_E
TEST_31212,Not_E
TEST_31225,Not_E
TEST_31230,Not_E
TEST_31249,Not_E
TEST_31251,Not_E
TEST_31254,Not_E
TEST_31255,Not_E
TEST_31257,Not_E
TEST_31261,Not_E
TEST_31263,Not_E
TEST_31270,Not_E
TEST_31273,Not_E
TEST_31276,Not_E
TEST_31285,Not_E
TEST_31297,Not_E
TEST_31301,Not_E
TEST_31302,Not_E
TEST_31313,Not_E
TEST_31325,Not_E
TEST_31326,Not_E
TEST_31327,Not_E
TEST_31330,Not_E
TEST_31333,Not_E
TEST_31334,Not_E
TEST_31339,Not_E
TEST_31353,Not_E
TEST_31356,Not_E
TEST_31361,Not_E
TEST_31367,Not_E
TEST_31371,Not_E
TEST_31375,Not_E
TEST_31385,Not_E
TEST_31392,Not_E
TEST_31399,Not_E
TEST_31400,Not_E
TEST_31429,Not_E
TEST_31430,Not_E
TEST_31431,Not_E
TEST_31437,Not_E
TEST_31438,Not_E
TEST_31456,Not_E
TEST_31458,Not_E
TEST_31466,Not_E
TEST_31469,Not_E
TEST_31474,Not_E
TEST_31486,Not_E
TEST_31512,Not_E
TEST_31515,Not_E
TEST_31516,Not_E
TEST_31518,Not_E
TEST_31525,Not_E
TEST_31527,Not_E
TEST_31531,Not_E
TEST_31540,Not_E
TEST_31547,Not_E
TEST_31548,Not_E
TEST_31550,Not_E
TEST_31555,Not_E
TEST_31560,Not_E
TEST_31566,Not_E
TEST_31575,Not_E
TEST_31582,Not_E
TEST_31585,Not_E
TEST_31615,Not_E
TEST_31616,Not_E
TEST_31620,Not_E
TEST_31621,Not_E
TEST_31630,Not_E
TEST_31631,Not_E
TEST_31635,Not_E
TEST_31668,Not_E
TEST_31684,Not_E
TEST_31688,Not_E
TEST_31696,Not_E
TEST_31705,Not_E
TEST_31712,Not_E
TEST_31713,Not_E
TEST_31717,Not_E
TEST_31727,Not_E
TEST_31729,Not_E
TEST_31732,Not_E
TEST_31742,Not_E
TEST_31752,Not_E
TEST_31756,Not_E
TEST_31777,Not_E
TEST_31780,Not_E
TEST_31782,Not_E
TEST_31784,Not_E
TEST_31795,Not_E
TEST_31799,Not_E
TEST_31811,Not_E
TEST_31812,Not_E
TEST_31822,Not_E
TEST_31827,Not_E
TEST_31829,Not_E
TEST_31834,Not_E
TEST_31840,Not_E
TEST_31847,Not_E
TEST_31852,Not_E
TEST_31854,Not_E
TEST_31856,Not_E
TEST_31864,Not_E
TEST_31870,Not_E
TEST_31876,Not_E
TEST_31880,Not_E
TEST_31893,Not_E
TEST_31897,Not_E
TEST_31909,Not_E
TEST_31916,Not_E
TEST_31919,Not_E
TEST_31921,Not_E
TEST_31927,Not_E
TEST_31935,Not_E
TEST_31951,Not_E
TEST_31968,Not_E
TEST_31977,Not_E
TEST_31979,Not_E
TEST_31980,Not_E
TEST_31985,Not_E
TEST_31988,Not_E
TEST_31991,Not_E
TEST_31992,Not_E
TEST_31993,Not_E
TEST_32005,Not_E
TEST_32011,Not_E
TEST_32014,Not_E
TEST_32024,Not_E
TEST_32029,Not_E
TEST_32032,Not_E
TEST_32039,Not_E
TEST_32053,Not_E
TEST_32061,Not_E
TEST_32062,Not_E
TEST_32064,Not_E
TEST_32073,Not_E
TEST_32083,Not_E
TEST_32088,Not_E
TEST_32094,Not_E
TEST_32101,Not_E
TEST_32103,Not_E
TEST_32104,Not_E
TEST_32113,Not_E
TEST_32116,Not_E
TEST_32122,Not_E
TEST_32131,Not_E
TEST_32132,Not_E
TEST_32133,Not_E
TEST_32135,Not_E
TEST_32138,Not_E
TEST_32141,Not_E
TEST_32146,Not_E
TEST_32156,Not_E
TEST_32159,Not_E
TEST_32161,Not_E
TEST_32164,Not_E
TEST_32166,Not_E
TEST_32185,Not_E
TEST_32186,Not_E
TEST_32197,Not_E
TEST_32198,Not_E
TEST_32204,Not_E
TEST_32217,Not_E
TEST_32219,Not_E
TEST_32225,Not_E
TEST_32232,Not_E
TEST_32237,Not_E
TEST_32254,Not_E
TEST_32257,Not_E
TEST_32259,Not_E
TEST_32279,Not_E
TEST_32294,Not_E
TEST_32305,Not_E
TEST_32307,Not_E
TEST_32313,Not_E
TEST_32314,Not_E
TEST_32321,Not_E
TEST_32322,Not_E
TEST_32328,Not_E
TEST_32336,Not_E
TEST_32338,Not_E
TEST_32339,Not_E
TEST_32346,Not_E
TEST_32358,Not_E
TEST_32367,Not_E
TEST_32368,Not_E
TEST_32381,Not_E
TEST_32431,Not_E
TEST_32433,Not_E
TEST_32445,Not_E
TEST_32450,Not_E
TEST_32451,Not_E
TEST_32454,Not_E
TEST_32459,Not_E
TEST_32460,Not_E
TEST_32461,Not_E
TEST_32464,Not_E
TEST_32474,Not_E
TEST_32476,Not_E
TEST_32480,Not_E
TEST_32487,Not_E
TEST_32490,Not_E
TEST_32491,Not_E
TEST_32492,Not_E
TEST_32495,Not_E
TEST_32502,Not_E
TEST_32507,Not_E
TEST_32516,Not_E
TEST_32525,Not_E
TEST_32528,Not_E
TEST_32536,Not_E
TEST_32540,Not_E
TEST_32550,Not_E
TEST_32559,Not_E
TEST_32578,Not_E
TEST_32579,Not_E
TEST_32590,Not_E
TEST_32593,Not_E
TEST_32600,Not_E
TEST_32602,Not_E
TEST_32614,Not_E
TEST_32619,Not_E
TEST_32623,Not_E
TEST_32644,Not_E
TEST_32649,Not_E
TEST_32651,Not_E
TEST_32657,Not_E
TEST_32673,Not_E
TEST_32692,Not_E
TEST_32696,Not_E
TEST_32697,Not_E
TEST_32707,Not_E
TEST_32717,Not_E
TEST_32734,Not_E
TEST_32737,Not_E
TEST_32738,Not_E
TEST_32741,Not_E
TEST_32744,Not_E
TEST_32750,Not_E
TEST_32753,Not_E
TEST_32767,Not_E
TEST_32771,Not_E
TEST_32784,Not_E
TEST_32792,Not_E
TEST_32801,Not_E
TEST_32822,Not_E
TEST_32826,Not_E
TEST_32846,Not_E
TEST_32848,Not_E
TEST_32849,Not_E
TEST_32854,Not_E
TEST_32869,Not_E
TEST_32870,Not_E
TEST_32880,Not_E
TEST_32890,Not_E
TEST_32903,Not_E
TEST_32906,Not_E
TEST_32916,Not_E
TEST_32923,Not_E
TEST_32925,Not_E
TEST_32934,Not_E
TEST_32936,Not_E
TEST_32942,Not_E
TEST_32944,Not_E
TEST_32961,Not_E
TEST_32964,Not_E
TEST_32970,Not_E
TEST_32974,Not_E
TEST_32976,Not_E
TEST_32988,Not_E
TEST_32994,Not_E
TEST_33000,Not_E
TEST_33013,Not_E
TEST_33037,Not_E
TEST_33041,Not_E
TEST_33044,Not_E
TEST_33047,Not_E
TEST_33049,Not_E
TEST_33050,Not_E
TEST_33057,Not_E
TEST_33059,Not_E
TEST_33069,Not_E
TEST_33077,Not_E
TEST_33079,Not_E
TEST_33082,Not_E
TEST_33085,Not_E
TEST_33091,Not_E
TEST_33096,Not_E
TEST_33098,Not_E
TEST_33107,Not_E
TEST_33110,Not_E
TEST_33120,Not_E
TEST_33124,Not_E
TEST_33128,Not_E
TEST_33132,Not_E
TEST_33143,Not_E
TEST_33148,Not_E
TEST_33152,Not_E
TEST_33158,Not_E
TEST_33174,Not_E
TEST_33176,Not_E
TEST_33184,Not_E
TEST_33190,Not_E
TEST_33210,Not_E
TEST_33226,Not_E
TEST_33227,Not_E
TEST_33228,Not_E
TEST_33235,Not_E
TEST_33240,Not_E
TEST_33243,Not_E
TEST_33260,Not_E
TEST_33261,Not_E
TEST_33286,Not_E
TEST_33308,Not_E
TEST_33312,Not_E
TEST_33323,Not_E
TEST_33324,Not_E
TEST_33325,Not_E
TEST_33332,Not_E
TEST_33335,Not_E
TEST_33339,Not_E
TEST_33356,Not_E
TEST_33360,Not_E
TEST_33364,Not_E
TEST_33368,Not_E
TEST_33387,Not_E
TEST_33390,Not_E
TEST_33411,Not_E
TEST_33413,Not_E
TEST_33417,Not_E
TEST_33419,Not_E
TEST_33426,Not_E
TEST_33433,Not_E
TEST_33439,Not_E
TEST_33443,Not_E
TEST_33451,Not_E
TEST_33453,Not_E
TEST_33472,Not_E
TEST_33476,Not_E
TEST_33492,Not_E
TEST_33498,Not_E
TEST_33511,Not_E
TEST_33517,Not_E
TEST_33521,Not_E
TEST_33522,Not_E
TEST_33527,Not_E
TEST_33535,Not_E
TEST_33556,Not_E
TEST_33568,Not_E
TEST_33583,Not_E
TEST_33584,Not_E
TEST_33587,Not_E
TEST_33594,Not_E
TEST_33595,Not_E
TEST_33598,Not_E
TEST_33613,Not_E
TEST_33625,Not_E
TEST_33626,Not_E
TEST_33632,Not_E
TEST_33649,Not_E
TEST_33653,Not_E
TEST_33661,Not_E
TEST_33665,Not_E
TEST_33692,Not_E
TEST_33697,Not_E
TEST_33701,Not_E
TEST_33713,Not_E
TEST_33728,Not_E
TEST_33733,Not_E
TEST_33736,Not_E
TEST_33739,Not_E
TEST_33750,Not_E
TEST_33751,Not_E
TEST_33759,Not_E
TEST_33760,Not_E
TEST_33765,Not_E
TEST_33767,Not_E
TEST_33770,Not_E
TEST_33775,Not_E
TEST_33778,Not_E
TEST_33779,Not_E
TEST_33812,Not_E
TEST_33814,Not_E
TEST_33822,Not_E
TEST_33827,Not_E
TEST_33837,Not_E
TEST_33848,Not_E
TEST_33856,Not_E
TEST_33857,Not_E
TEST_33860,Not_E
TEST_33876,Not_E
TEST_33878,Not_E
TEST_33880,Not_E
TEST_33882,Not_E
TEST_33885,Not_E
TEST_33887,Not_E
TEST_33888,Not_E
TEST_33899,Not_E
TEST_33900,Not_E
TEST_33901,Not_E
TEST_33913,Not_E
TEST_33921,Not_E
TEST_33931,Not_E
TEST_33937,Not_E
TEST_33956,Not_E
TEST_33957,Not_E
TEST_33961,Not_E
TEST_33970,Not_E
TEST_33972,Not_E
TEST_33986,Not_E
TEST_33991,Not_E
TEST_34009,Not_E
TEST_34014,Not_E
TEST_34037,Not_E
TEST_34038,Not_E
TEST_34040,Not_E
TEST_34049,Not_E
TEST_34056,Not_E
TEST_34058,Not_E
TEST_34061,Not_E
TEST_34064,Not_E
TEST_34083,Not_E
TEST_34089,Not_E
TEST_34098,Not_E
TEST_34105,Not_E
TEST_34108,Not_E
TEST_34114,Not_E
TEST_34116,Not_E
TEST_34117,Not_E
TEST_34130,Not_E
TEST_34136,Not_E
TEST_34146,Not_E
TEST_34148,Not_E
TEST_34150,Not_E
TEST_34152,Not_E
TEST_34155,Not_E
TEST_34167,Not_E
TEST_34169,Not_E
TEST_34171,Not_E
TEST_34173,Not_E
TEST_34179,Not_E
TEST_34180,Not_E
TEST_34194,Not_E
TEST_34199,Not_E
TEST_34200,Not_E
TEST_34206,Not_E
TEST_34219,Not_E
TEST_34225,Not_E
TEST_34230,Not_E
TEST_34245,Not_E
TEST_34251,Not_E
TEST_34253,Not_E
TEST_34258,Not_E
TEST_34267,Not_E
TEST_34268,Not_E
TEST_34271,Not_E
TEST_34278,Not_E
TEST_34286,Not_E
TEST_34288,Not_E
TEST_34291,Not_E
TEST_34294,Not_E
TEST_34295,Not_E
TEST_34301,Not_E
TEST_34305,Not_E
TEST_34308,Not_E
TEST_34313,Not_E
TEST_34314,Not_E
TEST_34319,Not_E
TEST_34321,Not_E
TEST_34323,Not_E
TEST_34328,Not_E
TEST_34333,Not_E
TEST_34334,Not_E
TEST_34344,Not_E
TEST_34347,Not_E
TEST_34363,Not_E
TEST_34365,Not_E
TEST_34370,Not_E
TEST_34371,Not_E
TEST_34386,Not_E
TEST_34393,Not_E
TEST_34399,Not_E
TEST_34403,Not_E
TEST_34404,Not_E
TEST_34408,Not_E
TEST_34411,Not_E
TEST_34439,Not_E
TEST_34449,Not_E
TEST_34452,Not_E
TEST_34460,Not_E
TEST_34463,Not_E
TEST_34468,Not_E
TEST_34475,Not_E
TEST_34480,Not_E
TEST_34490,Not_E
TEST_34493,Not_E
TEST_34498,Not_E
TEST_34503,Not_E
TEST_34520,Not_E
TEST_34526,Not_E
TEST_34528,Not_E
TEST_34529,Not_E
TEST_34536,Not_E
TEST_34539,Not_E
TEST_34541,Not_E
TEST_34542,Not_E
TEST_34558,Not_E
TEST_34559,Not_E
TEST_34560,Not_E
TEST_34561,Not_E
TEST_34562,Not_E
TEST_34566,Not_E
TEST_34574,Not_E
TEST_34580,Not_E
TEST_34585,Not_E
TEST_34590,Not_E
TEST_34592,Not_E
TEST_34597,Not_E
TEST_34610,Not_E
TEST_34617,Not_E
TEST_34619,Not_E
TEST_34629,Not_E
TEST_34639,Not_E
TEST_34647,Not_E
TEST_34651,Not_E
TEST_34653,Not_E
TEST_34669,Not_E
TEST_34677,Not_E
TEST_34683,Not_E
TEST_34693,Not_E
TEST_34704,Not_E
TEST_34705,Not_E
TEST_34712,Not_E
TEST_34717,Not_E
TEST_34719,Not_E
TEST_34724,Not_E
TEST_34737,Not_E
TEST_34740,Not_E
TEST_34741,Not_E
TEST_34748,Not_E
TEST_34753,Not_E
TEST_34760,Not_E
TEST_34764,Not_E
TEST_34765,Not_E
TEST_34774,Not_E
TEST_34780,Not_E
TEST_34799,Not_E
TEST_34801,Not_E
TEST_34826,Not_E
TEST_34843,Not_E
TEST_34845,Not_E
TEST_34851,Not_E
TEST_34852,Not_E
TEST_34860,Not_E
TEST_34874,Not_E
TEST_34875,Not_E
TEST_34880,Not_E
TEST_34885,Not_E
TEST_34889,Not_E
TEST_34896,Not_E
TEST_34900,Not_E
TEST_34901,Not_E
TEST_34903,Not_E
TEST_34906,Not_E
TEST_34920,Not_E
TEST_34922,Not_E
TEST_34924,Not_E
TEST_34926,Not_E
TEST_34931,Not_E
TEST_34932,Not_E
TEST_34937,Not_E
TEST_34948,Not_E
TEST_34949,Not_E
TEST_34951,Not_E
TEST_34955,Not_E
TEST_34957,Not_E
TEST_34964,Not_E
TEST_34970,Not_E
TEST_34972,Not_E
TEST_34991,Not_E
TEST_34997,Not_E
TEST_35003,Not_E
TEST_35005,Not_E
TEST_35007,Not_E
TEST_35008,Not_E
TEST_35012,Not_E
TEST_35013,Not_E
TEST_35021,Not_E
TEST_35024,Not_E
TEST_35031,Not_E
TEST_35033,Not_E
TEST_35044,Not_E
TEST_35048,Not_E
TEST_35050,Not_E
TEST_35055,Not_E
TEST_35060,Not_E
TEST_35074,Not_E
TEST_35075,Not_E
TEST_35090,Not_E
TEST_35094,Not_E
TEST_35097,Not_E
TEST_35099,Not_E
TEST_35100,Not_E
TEST_35101,Not_E
TEST_35104,Not_E
TEST_35109,Not_E
TEST_35114,Not_E
TEST_35115,Not_E
TEST_35131,Not_E
TEST_35140,Not_E
TEST_35142,Not_E
TEST_35152,Not_E
TEST_35154,Not_E
TEST_35155,Not_E
TEST_35161,Not_E
TEST_35167,Not_E
TEST_35173,Not_E
TEST_35190,Not_E
TEST_35192,Not_E
TEST_35195,Not_E
TEST_35202,Not_E
TEST_35207,Not_E
TEST_35208,Not_E
TEST_35213,Not_E
TEST_35225,Not_E
TEST_35229,Not_E
TEST_35231,Not_E
TEST_35232,Not_E
TEST_35236,Not_E
TEST_35243,Not_E
TEST_35249,Not_E
TEST_35252,Not_E
TEST_35258,Not_E
TEST_35283,Not_E
TEST_35286,Not_E
TEST_35287,Not_E
TEST_35295,Not_E
TEST_35302,Not_E
TEST_35307,Not_E
TEST_35315,Not_E
TEST_35333,Not_E
TEST_35342,Not_E
TEST_35361,Not_E
TEST_35369,Not_E
TEST_35382,Not_E
TEST_35383,Not_E
TEST_35385,Not_E
TEST_35392,Not_E
TEST_35394,Not_E
TEST_35399,Not_E
TEST_35413,Not_E
TEST_35418,Not_E
TEST_35433,Not_E
TEST_35434,Not_E
TEST_35440,Not_E
TEST_35445,Not_E
TEST_35452,Not_E
TEST_35453,Not_E
TEST_35472,Not_E
TEST_35488,Not_E
TEST_35491,Not_E
TEST_35499,Not_E
TEST_35503,Not_E
TEST_35505,Not_E
TEST_35507,Not_E
TEST_35513,Not_E
TEST_35523,Not_E
TEST_35524,Not_E
TEST_35529,Not_E
TEST_35535,Not_E
TEST_35538,Not_E
TEST_35542,Not_E
TEST_35545,Not_E
TEST_35548,Not_E
TEST_35550,Not_E
TEST_35562,Not_E
TEST_35581,Not_E
TEST_35596,Not_E
TEST_35600,Not_E
TEST_35604,Not_E
TEST_35608,Not_E
TEST_35610,Not_E
TEST_35611,Not_E
TEST_35622,Not_E
TEST_35637,Not_E
TEST_35638,Not_E
TEST_35641,Not_E
TEST_35642,Not_E
TEST_35644,Not_E
TEST_35650,Not_E
TEST_35661,Not_E
TEST_35663,Not_E
TEST_35672,Not_E
TEST_35675,Not_E
TEST_35681,Not_E
TEST_35684,Not_E
TEST_35696,Not_E
TEST_35713,Not_E
TEST_35714,Not_E
TEST_35725,Not_E
TEST_35742,Not_E
TEST_35747,Not_E
TEST_35751,Not_E
TEST_35755,Not_E
TEST_35756,Not_E
TEST_35759,Not_E
TEST_35762,Not_E
TEST_35763,Not_E
TEST_35764,Not_E
TEST_35771,Not_E
TEST_35774,Not_E
TEST_35779,Not_E
TEST_35780,Not_E
TEST_35782,Not_E
TEST_35785,Not_E
TEST_35796,Not_E
TEST_35803,Not_E
TEST_35811,Not_E
TEST_35812,Not_E
TEST_35815,Not_E
TEST_35816,Not_E
TEST_35819,Not_E
TEST_35823,Not_E
TEST_35831,Not_E
TEST_35835,Not_E
TEST_35839,Not_E
TEST_35845,Not_E
TEST_35848,Not_E
TEST_35853,Not_E
TEST_35859,Not_E
TEST_35865,Not_E
TEST_35866,Not_E
TEST_35873,Not_E
TEST_35875,Not_E
TEST_35880,Not_E
TEST_35881,Not_E
TEST_35886,Not_E
TEST_35898,Not_E
TEST_35900,Not_E
TEST_35912,Not_E
TEST_35913,Not_E
TEST_35920,Not_E
TEST_35935,Not_E
TEST_35937,Not_E
TEST_35948,Not_E
TEST_35952,Not_E
TEST_35956,Not_E
TEST_35965,Not_E
TEST_35970,Not_E
TEST_35972,Not_E
TEST_35973,Not_E
TEST_35982,Not_E
TEST_35984,Not_E
TEST_35986,Not_E
TEST_35993,Not_E
TEST_35994,Not_E
TEST_36004,Not_E
TEST_36015,Not_E
TEST_36016,Not_E
TEST_36021,Not_E
TEST_36023,Not_E
TEST_36047,Not_E
TEST_36050,Not_E
TEST_36053,Not_E
TEST_36058,Not_E
TEST_36068,Not_E
TEST_36070,Not_E
TEST_36072,Not_E
TEST_36075,Not_E
TEST_36076,Not_E
TEST_36078,Not_E
TEST_36084,Not_E
TEST_36095,Not_E
TEST_36114,Not_E
TEST_36120,Not_E
TEST_36125,Not_E
TEST_36131,Not_E
TEST_36155,Not_E
TEST_36162,Not_E
TEST_36164,Not_E
TEST_36167,Not_E
TEST_36170,Not_E
TEST_36173,Not_E
TEST_36179,Not_E
TEST_36191,Not_E
TEST_36199,Not_E
TEST_36206,Not_E
TEST_36210,Not_E
TEST_36215,Not_E
TEST_36216,Not_E
TEST_36220,Not_E
TEST_36226,Not_E
TEST_36249,Not_E
TEST_36251,Not_E
TEST_36254,Not_E
TEST_36270,Not_E
TEST_36275,Not_E
TEST_36280,Not_E
TEST_36285,Not_E
TEST_36289,Not_E
TEST_36306,Not_E
TEST_36310,Not_E
TEST_36323,Not_E
TEST_36332,Not_E
TEST_36334,Not_E
TEST_36345,Not_E
TEST_36350,Not_E
TEST_36354,Not_E
TEST_36355,Not_E
TEST_36359,Not_E
TEST_36369,Not_E
TEST_36393,Not_E
TEST_36405,Not_E
TEST_36410,Not_E
TEST_36413,Not_E
TEST_36415,Not_E
TEST_36425,Not_E
TEST_36434,Not_E
TEST_36445,Not_E
TEST_36452,Not_E
TEST_36455,Not_E
TEST_36458,Not_E
TEST_36475,Not_E
TEST_36481,Not_E
TEST_36484,Not_E
TEST_36496,Not_E
TEST_36509,Not_E
TEST_36514,Not_E
TEST_36534,Not_E
TEST_36550,Not_E
TEST_36564,Not_E
TEST_36565,Not_E
TEST_36566,Not_E
TEST_36570,Not_E
TEST_36575,Not_E
TEST_36585,Not_E
TEST_36590,Not_E
TEST_36594,Not_E
TEST_36596,Not_E
TEST_36597,Not_E
TEST_36601,Not_E
TEST_36606,Not_E
TEST_36620,Not_E
TEST_36628,Not_E
TEST_36648,Not_E
TEST_36653,Not_E
TEST_36655,Not_E
TEST_36660,Not_E
TEST_36662,Not_E
TEST_36663,Not_E
TEST_36664,Not_E
TEST_36665,Not_E
TEST_36667,Not_E
TEST_36670,Not_E
TEST_36671,Not_E
TEST_36674,Not_E
TEST_36682,Not_E
TEST_36690,Not_E
TEST_36703,Not_E
TEST_36709,Not_E
TEST_36712,Not_E
TEST_36715,Not_E
TEST_36717,Not_E
TEST_36721,Not_E
TEST_36723,Not_E
TEST_36736,Not_E
TEST_36737,Not_E
TEST_36754,Not_E
TEST_36759,Not_E
TEST_36763,Not_E
TEST_36766,Not_E
TEST_36770,Not_E
TEST_36773,Not_E
TEST_36775,Not_E
TEST_36781,Not_E
TEST_36785,Not_E
TEST_36787,Not_E
TEST_36795,Not_E
TEST_36800,Not_E
TEST_36808,Not_E
TEST_36813,Not_E
TEST_36823,Not_E
TEST_36826,Not_E
TEST_36832,Not_E
TEST_36833,Not_E
TEST_36835,Not_E
TEST_36842,Not_E
TEST_36843,Not_E
TEST_36850,Not_E
TEST_36853,Not_E
TEST_36874,Not_E
TEST_36884,Not_E
TEST_36887,Not_E
TEST_36888,Not_E
TEST_36898,Not_E
TEST_36908,Not_E
TEST_36920,Not_E
TEST_36921,Not_E
TEST_36931,Not_E
TEST_36935,Not_E
TEST_36939,Not_E
TEST_36944,Not_E
TEST_36947,Not_E
TEST_36950,Not_E
TEST_36956,Not_E
TEST_36957,Not_E
TEST_36961,Not_E
TEST_36967,Not_E
TEST_36976,Not_E
TEST_36977,Not_E
TEST_36987,Not_E
TEST_36988,Not_E
TEST_37012,Not_E
TEST_37014,Not_E
TEST_37015,Not_E
TEST_37020,Not_E
TEST_37022,Not_E
TEST_37033,Not_E
TEST_37034,Not_E
TEST_37050,Not_E
TEST_37052,Not_E
TEST_37060,Not_E
TEST_37064,Not_E
TEST_37066,Not_E
TEST_37072,Not_E
TEST_37084,Not_E
TEST_37088,Not_E
TEST_37092,Not_E
TEST_37095,Not_E
TEST_37098,Not_E
TEST_37100,Not_E
TEST_37103,Not_E
TEST_37105,Not_E
TEST_37110,Not_E
TEST_37118,Not_E
TEST_37121,Not_E
TEST_37125,Not_E
TEST_37134,Not_E
TEST_37135,Not_E
TEST_37146,Not_E
TEST_37152,Not_E
TEST_37153,Not_E
TEST_37165,Not_E
TEST_37184,Not_E
TEST_37190,Not_E
TEST_37191,Not_E
TEST_37205,Not_E
TEST_37208,Not_E
TEST_37219,Not_E
TEST_37220,Not_E
TEST_37222,Not_E
TEST_37231,Not_E
TEST_37232,Not_E
TEST_37242,Not_E
TEST_37247,Not_E
TEST_37255,Not_E
TEST_37256,Not_E
TEST_37258,Not_E
TEST_37267,Not_E
TEST_37268,Not_E
TEST_37269,Not_E
TEST_37271,Not_E
TEST_37272,Not_E
TEST_37279,Not_E
TEST_37284,Not_E
TEST_37288,Not_E
TEST_37291,Not_E
TEST_37302,Not_E
TEST_37308,Not_E
TEST_37314,Not_E
TEST_37318,Not_E
TEST_37333,Not_E
TEST_37337,Not_E
TEST_37347,Not_E
TEST_37357,Not_E
TEST_37364,Not_E
TEST_37370,Not_E
TEST_37373,Not_E
TEST_37384,Not_E
TEST_37391,Not_E
TEST_37393,Not_E
TEST_37395,Not_E
TEST_37402,Not_E
TEST_37406,Not_E
TEST_37420,Not_E
TEST_37421,Not_E
TEST_37425,Not_E
TEST_37429,Not_E
TEST_37430,Not_E
TEST_37431,Not_E
TEST_37441,Not_E
TEST_37446,Not_E
TEST_37452,Not_E
TEST_37454,Not_E
TEST_37455,Not_E
TEST_37459,Not_E
TEST_37461,Not_E
TEST_37466,Not_E
TEST_37472,Not_E
TEST_37492,Not_E
TEST_37493,Not_E
TEST_37497,Not_E
TEST_37504,Not_E
TEST_37512,Not_E
TEST_37526,Not_E
TEST_37529,Not_E
TEST_37540,Not_E
TEST_37554,Not_E
TEST_37565,Not_E
TEST_37568,Not_E
TEST_37570,Not_E
TEST_37574,Not_E
TEST_37615,Not_E
TEST_37621,Not_E
TEST_37622,Not_E
TEST_37625,Not_E
TEST_37630,Not_E
TEST_37638,Not_E
TEST_37651,Not_E
TEST_37664,Not_E
TEST_37666,Not_E
TEST_37673,Not_E
TEST_37676,Not_E
TEST_37679,Not_E
TEST_37686,Not_E
TEST_37706,Not_E
TEST_37707,Not_E
TEST_37715,Not_E
TEST_37721,Not_E
TEST_37725,Not_E
TEST_37730,Not_E
TEST_37733,Not_E
TEST_37736,Not_E
TEST_37742,Not_E
TEST_37746,Not_E
TEST_37752,Not_E
TEST_37757,Not_E
TEST_37758,Not_E
TEST_37762,Not_E
TEST_37765,Not_E
TEST_37782,Not_E
TEST_37783,Not_E
TEST_37789,Not_E
TEST_37792,Not_E
TEST_37801,Not_E
TEST_37816,Not_E
TEST_37818,Not_E
TEST_37821,Not_E
TEST_37822,Not_E
TEST_37830,Not_E
TEST_37837,Not_E
TEST_37842,Not_E
TEST_37859,Not_E
TEST_37901,Not_E
TEST_37904,Not_E
TEST_37906,Not_E
TEST_37909,Not_E
TEST_37912,Not_E
TEST_37933,Not_E
TEST_37934,Not_E
TEST_37936,Not_E
TEST_37937,Not_E
TEST_37949,Not_E
TEST_37964,Not_E
TEST_37966,Not_E
TEST_37971,Not_E
TEST_37978,Not_E
TEST_37995,Not_E
TEST_37999,Not_E
TEST_38006,Not_E
TEST_38014,Not_E
TEST_38018,Not_E
TEST_38021,Not_E
TEST_38028,Not_E
TEST_38036,Not_E
TEST_38038,Not_E
TEST_38048,Not_E
TEST_38049,Not_E
TEST_38051,Not_E
TEST_38067,Not_E
TEST_38068,Not_E
TEST_38077,Not_E
TEST_38083,Not_E
TEST_38084,Not_E
TEST_38105,Not_E
TEST_38107,Not_E
TEST_38109,Not_E
TEST_38119,Not_E
TEST_38122,Not_E
TEST_38143,Not_E
TEST_38147,Not_E
TEST_38152,Not_E
TEST_38158,Not_E
TEST_38162,Not_E
TEST_38165,Not_E
TEST_38167,Not_E
TEST_38169,Not_E
TEST_38172,Not_E
TEST_38177,Not_E
TEST_38183,Not_E
TEST_38187,Not_E
TEST_38190,Not_E
TEST_38196,Not_E
TEST_38198,Not_E
TEST_38204,Not_E
TEST_38206,Not_E
TEST_38208,Not_E
TEST_38209,Not_E
TEST_38211,Not_E
TEST_38217,Not_E
TEST_38226,Not_E
TEST_38247,Not_E
TEST_38249,Not_E
TEST_38255,Not_E
TEST_38256,Not_E
TEST_38257,Not_E
TEST_38260,Not_E
TEST_38265,Not_E
TEST_38273,Not_E
TEST_38275,Not_E
TEST_38277,Not_E
TEST_38278,Not_E
TEST_38283,Not_E
TEST_38286,Not_E
TEST_38287,Not_E
TEST_38289,Not_E
TEST_38293,Not_E
TEST_38298,Not_E
TEST_38301,Not_E
TEST_38304,Not_E
TEST_38313,Not_E
TEST_38321,Not_E
TEST_38330,Not_E
TEST_38331,Not_E
TEST_38335,Not_E
TEST_38339,Not_E
TEST_38344,Not_E
TEST_38371,Not_E
TEST_38375,Not_E
TEST_38381,Not_E
TEST_38382,Not_E
TEST_38387,Not_E
TEST_38402,Not_E
TEST_38407,Not_E
TEST_38421,Not_E
TEST_38425,Not_E
TEST_38427,Not_E
TEST_38429,Not_E
TEST_38434,Not_E
TEST_38438,Not_E
TEST_38440,Not_E
TEST_38444,Not_E
TEST_38451,Not_E
TEST_38460,Not_E
TEST_38464,Not_E
TEST_38471,Not_E
TEST_38474,Not_E
TEST_38480,Not_E
TEST_38485,Not_E
TEST_38496,Not_E
TEST_38497,Not_E
TEST_38500,Not_E
TEST_38501,Not_E
TEST_38507,Not_E
TEST_38513,Not_E
TEST_38516,Not_E
TEST_38525,Not_E
TEST_38535,Not_E
TEST_38542,Not_E
TEST_38549,Not_E
TEST_38559,Not_E
TEST_38561,Not_E
TEST_38570,Not_E
TEST_38576,Not_E
TEST_38582,Not_E
TEST_38591,Not_E
TEST_38603,Not_E
TEST_38611,Not_E
TEST_38629,Not_E
TEST_38639,Not_E
TEST_38646,Not_E
TEST_38649,Not_E
TEST_38661,Not_E
TEST_38667,Not_E
TEST_38672,Not_E
TEST_38674,Not_E
TEST_38695,Not_E
TEST_38698,Not_E
TEST_38700,Not_E
TEST_38702,Not_E
TEST_38703,Not_E
TEST_38722,Not_E
TEST_38731,Not_E
TEST_38748,Not_E
TEST_38769,Not_E
TEST_38770,Not_E
TEST_38807,Not_E
TEST_38810,Not_E
TEST_38815,Not_E
TEST_38822,Not_E
TEST_38832,Not_E
TEST_38833,Not_E
TEST_38837,Not_E
TEST_38843,Not_E
TEST_38845,Not_E
TEST_38860,Not_E
TEST_38880,Not_E
TEST_38881,Not_E
TEST_38888,Not_E
TEST_38902,Not_E
TEST_38903,Not_E
TEST_38910,Not_E
TEST_38911,Not_E
TEST_38915,Not_E
TEST_38922,Not_E
TEST_38926,Not_E
TEST_38928,Not_E
TEST_38931,Not_E
TEST_38939,Not_E
TEST_38956,Not_E
TEST_38961,Not_E
TEST_38966,Not_E
TEST_38974,Not_E
TEST_38978,Not_E
TEST_38985,Not_E
TEST_38991,Not_E
TEST_38992,Not_E
TEST_39012,Not_E
TEST_39019,Not_E
TEST_39032,Not_E
TEST_39034,Not_E
TEST_39045,Not_E
TEST_39048,Not_E
TEST_39056,Not_E
TEST_39057,Not_E
TEST_39058,Not_E
TEST_39065,Not_E
TEST_39066,Not_E
TEST_39092,Not_E
TEST_39098,Not_E
TEST_39103,Not_E
TEST_39108,Not_E
TEST_39112,Not_E
TEST_39115,Not_E
TEST_39117,Not_E
TEST_39122,Not_E
TEST_39125,Not_E
TEST_39127,Not_E
TEST_39129,Not_E
TEST_39137,Not_E
TEST_39140,Not_E
TEST_39141,Not_E
TEST_39149,Not_E
TEST_39157,Not_E
TEST_39167,Not_E
TEST_39175,Not_E
TEST_39179,Not_E
TEST_39187,Not_E
TEST_39188,Not_E
TEST_39192,Not_E
TEST_39195,Not_E
TEST_39197,Not_E
TEST_39198,Not_E
TEST_39199,Not_E
TEST_39217,Not_E
TEST_39230,Not_E
TEST_39235,Not_E
TEST_39249,Not_E
TEST_39253,Not_E
TEST_39259,Not_E
TEST_39261,Not_E
TEST_39264,Not_E
TEST_39265,Not_E
TEST_39271,Not_E
TEST_39272,Not_E
TEST_39281,Not_E
TEST_39283,Not_E
TEST_39290,Not_E
TEST_39305,Not_E
TEST_39311,Not_E
TEST_39313,Not_E
TEST_39314,Not_E
TEST_39319,Not_E
TEST_39320,Not_E
TEST_39322,Not_E
TEST_39329,Not_E
TEST_39348,Not_E
TEST_39349,Not_E
TEST_39352,Not_E
TEST_39356,Not_E
TEST_39359,Not_E
TEST_39363,Not_E
TEST_39383,Not_E
TEST_39397,Not_E
TEST_39403,Not_E
TEST_39405,Not_E
TEST_39418,Not_E
TEST_39427,Not_E
TEST_39435,Not_E
TEST_39440,Not_E
TEST_39451,Not_E
TEST_39454,Not_E
TEST_39455,Not_E
TEST_39461,Not_E
TEST_39462,Not_E
TEST_39468,Not_E
TEST_39469,Not_E
TEST_39471,Not_E
TEST_39473,Not_E
TEST_39482,Not_E
TEST_39483,Not_E
TEST_39491,Not_E
TEST_39492,Not_E
TEST_39493,Not_E
TEST_39501,Not_E
TEST_39502,Not_E
TEST_39519,Not_E
TEST_39526,Not_E
TEST_39534,Not_E
TEST_39564,Not_E
TEST_39571,Not_E
TEST_39572,Not_E
TEST_39573,Not_E
TEST_39591,Not_E
TEST_39593,Not_E
TEST_39595,Not_E
TEST_39602,Not_E
TEST_39605,Not_E
TEST_39606,Not_E
TEST_39607,Not_E
TEST_39615,Not_E
TEST_39620,Not_E
TEST_39629,Not_E
TEST_39630,Not_E
TEST_39643,Not_E
TEST_39644,Not_E
TEST_39654,Not_E
TEST_39656,Not_E
TEST_39660,Not_E
TEST_39669,Not_E
TEST_39671,Not_E
TEST_39672,Not_E
TEST_39690,Not_E
TEST_39693,Not_E
TEST_39713,Not_E
TEST_39714,Not_E
TEST_39717,Not_E
TEST_39724,Not_E
TEST_39725,Not_E
TEST_39730,Not_E
TEST_39731,Not_E
TEST_39738,Not_E
TEST_39741,Not_E
TEST_39749,Not_E
TEST_39750,Not_E
TEST_39755,Not_E
TEST_39757,Not_E
TEST_39762,Not_E
TEST_39764,Not_E
TEST_39767,Not_E
TEST_39773,Not_E
TEST_39783,Not_E
TEST_39785,Not_E
TEST_39791,Not_E
TEST_39793,Not_E
TEST_39800,Not_E
TEST_39804,Not_E
TEST_39810,Not_E
TEST_39823,Not_E
TEST_39825,Not_E
TEST_39827,Not_E
TEST_39828,Not_E
TEST_39835,Not_E
TEST_39843,Not_E
TEST_39847,Not_E
TEST_39852,Not_E
TEST_39856,Not_E
TEST_39863,Not_E
TEST_39867,Not_E
TEST_39881,Not_E
TEST_39884,Not_E
TEST_39885,Not_E
TEST_39886,Not_E
TEST_39891,Not_E
TEST_39895,Not_E
TEST_39899,Not_E
TEST_39905,Not_E
TEST_39906,Not_E
TEST_39922,Not_E
TEST_39925,Not_E
TEST_39927,Not_E
TEST_39969,Not_E
TEST_39971,Not_E
TEST_39981,Not_E
TEST_39988,Not_E
TEST_39990,Not_E
TEST_39993,Not_E
TEST_39995,Not_E
TEST_39997,Not_E
TEST_39999,Not_E
TEST_40003,Not_E
TEST_40005,Not_E
TEST_40020,Not_E
TEST_40026,Not_E
TEST_40028,Not_E
TEST_40034,Not_E
TEST_40046,Not_E
TEST_40051,Not_E
TEST_40066,Not_E
TEST_40069,Not_E
TEST_40075,Not_E
TEST_40086,Not_E
TEST_40099,Not_E
TEST_40101,Not_E
TEST_40112,Not_E
TEST_40116,Not_E
TEST_40126,Not_E
TEST_40131,Not_E
TEST_40132,Not_E
TEST_40150,Not_E
TEST_40151,Not_E
TEST_40152,Not_E
TEST_40153,Not_E
TEST_40166,Not_E
TEST_40170,Not_E
TEST_40181,Not_E
TEST_40186,Not_E
TEST_40203,Not_E
TEST_40206,Not_E
TEST_40210,Not_E
TEST_40219,Not_E
TEST_40225,Not_E
TEST_40232,Not_E
TEST_40233,Not_E
TEST_40236,Not_E
TEST_40251,Not_E
TEST_40287,Not_E
TEST_40302,Not_E
TEST_40306,Not_E
TEST_40308,Not_E
TEST_40310,Not_E
TEST_40312,Not_E
TEST_40313,Not_E
TEST_40314,Not_E
TEST_40321,Not_E
TEST_40324,Not_E
TEST_40328,Not_E
TEST_40330,Not_E
TEST_40332,Not_E
TEST_40334,Not_E
TEST_40335,Not_E
TEST_40337,Not_E
TEST_40338,Not_E
TEST_40342,Not_E
TEST_40353,Not_E
TEST_40358,Not_E
TEST_40361,Not_E
TEST_40370,Not_E
TEST_40385,Not_E
TEST_40387,Not_E
TEST_40391,Not_E
TEST_40392,Not_E
TEST_40396,Not_E
TEST_40404,Not_E
TEST_40405,Not_E
TEST_40408,Not_E
TEST_40409,Not_E
TEST_40417,Not_E
TEST_40418,Not_E
TEST_40419,Not_E
TEST_40429,Not_E
TEST_40431,Not_E
TEST_40443,Not_E
TEST_40469,Not_E
TEST_40483,Not_E
TEST_40485,Not_E
TEST_40486,Not_E
TEST_40497,Not_E
TEST_40502,Not_E
TEST_40506,Not_E
TEST_40515,Not_E
TEST_40518,Not_E
TEST_40520,Not_E
TEST_40524,Not_E
TEST_40525,Not_E
TEST_40534,Not_E
TEST_40535,Not_E
TEST_40536,Not_E
TEST_40538,Not_E
TEST_40550,Not_E
TEST_40552,Not_E
TEST_40554,Not_E
TEST_40560,Not_E
TEST_40568,Not_E
TEST_40571,Not_E
TEST_40573,Not_E
TEST_40576,Not_E
TEST_40581,Not_E
TEST_40586,Not_E
TEST_40589,Not_E
TEST_40600,Not_E
TEST_40607,Not_E
TEST_40610,Not_E
TEST_40612,Not_E
TEST_40627,Not_E
TEST_40638,Not_E
TEST_40642,Not_E
TEST_40643,Not_E
TEST_40647,Not_E
TEST_40648,Not_E
TEST_40656,Not_E
TEST_40657,Not_E
TEST_40660,Not_E
TEST_40661,Not_E
TEST_40684,Not_E
TEST_40687,Not_E
TEST_40693,Not_E
TEST_40699,Not_E
TEST_40700,Not_E
TEST_40701,Not_E
TEST_40708,Not_E
TEST_40709,Not_E
TEST_40716,Not_E
TEST_40717,Not_E
TEST_40718,Not_E
TEST_40722,Not_E
TEST_40726,Not_E
TEST_40743,Not_E
TEST_40746,Not_E
TEST_40748,Not_E
TEST_40751,Not_E
TEST_40776,Not_E
TEST_40778,Not_E
TEST_40781,Not_E
TEST_40782,Not_E
TEST_40799,Not_E
TEST_40804,Not_E
TEST_40808,Not_E
TEST_40809,Not_E
TEST_40833,Not_E
TEST_40834,Not_E
TEST_40837,Not_E
TEST_40838,Not_E
TEST_40845,Not_E
TEST_40849,Not_E
TEST_40851,Not_E
TEST_40852,Not_E
TEST_40856,Not_E
TEST_40867,Not_E
TEST_40876,Not_E
TEST_40877,Not_E
TEST_40891,Not_E
TEST_40895,Not_E
TEST_40901,Not_E
TEST_40902,Not_E
TEST_40903,Not_E
TEST_40905,Not_E
TEST_40907,Not_E
TEST_40915,Not_E
TEST_40917,Not_E
TEST_40921,Not_E
TEST_40923,Not_E
TEST_40928,Not_E
TEST_40938,Not_E
TEST_40947,Not_E
TEST_40957,Not_E
TEST_40960,Not_E
TEST_40962,Not_E
TEST_40970,Not_E
TEST_40977,Not_E
TEST_40988,Not_E
TEST_40995,Not_E
TEST_40997,Not_E
TEST_41006,Not_E
TEST_41009,Not_E
TEST_41010,Not_E
TEST_41015,Not_E
TEST_41017,Not_E
TEST_41024,Not_E
TEST_41025,Not_E
TEST_41026,Not_E
TEST_41037,Not_E
TEST_41039,Not_E
TEST_41042,Not_E
TEST_41046,Not_E
TEST_41053,Not_E
TEST_41060,Not_E
TEST_41065,Not_E
TEST_41075,Not_E
TEST_41085,Not_E
TEST_41086,Not_E
TEST_41102,Not_E
TEST_41104,Not_E
TEST_41106,Not_E
TEST_41118,Not_E
TEST_41134,Not_E
TEST_41140,Not_E
TEST_41142,Not_E
TEST_41169,Not_E
TEST_41174,Not_E
TEST_41184,Not_E
TEST_41187,Not_E
TEST_41194,Not_E
TEST_41198,Not_E
TEST_41199,Not_E
TEST_41208,Not_E
TEST_41218,Not_E
TEST_41255,Not_E
TEST_41257,Not_E
TEST_41272,Not_E
TEST_41276,Not_E
TEST_41277,Not_E
TEST_41298,Not_E
TEST_41306,Not_E
TEST_41308,Not_E
TEST_41312,Not_E
TEST_41313,Not_E
TEST_41315,Not_E
TEST_41316,Not_E
TEST_41320,Not_E
TEST_41325,Not_E
TEST_41326,Not_E
TEST_41330,Not_E
TEST_41335,Not_E
TEST_41337,Not_E
TEST_41347,Not_E
TEST_41364,Not_E
TEST_41367,Not_E
TEST_41372,Not_E
TEST_41387,Not_E
TEST_41392,Not_E
TEST_41395,Not_E
TEST_41398,Not_E
TEST_41402,Not_E
TEST_41404,Not_E
TEST_41420,Not_E
TEST_41421,Not_E
TEST_41422,Not_E
TEST_41424,Not_E
TEST_41425,Not_E
TEST_41426,Not_E
TEST_41431,Not_E
TEST_41434,Not_E
TEST_41438,Not_E
TEST_41443,Not_E
TEST_41447,Not_E
TEST_41455,Not_E
TEST_41457,Not_E
TEST_41459,Not_E
TEST_41461,Not_E
TEST_41463,Not_E
TEST_41479,Not_E
TEST_41488,Not_E
TEST_41503,Not_E
TEST_41507,Not_E
TEST_41508,Not_E
TEST_41515,Not_E
TEST_41535,Not_E
TEST_41550,Not_E
TEST_41552,Not_E
TEST_41556,Not_E
TEST_41557,Not_E
TEST_41585,Not_E
TEST_41598,Not_E
TEST_41599,Not_E
TEST_41622,Not_E
TEST_41629,Not_E
TEST_41639,Not_E
TEST_41642,Not_E
TEST_41648,Not_E
TEST_41658,Not_E
TEST_41665,Not_E
TEST_41693,Not_E
TEST_41696,Not_E
TEST_41708,Not_E
TEST_41711,Not_E
TEST_41714,Not_E
TEST_41718,Not_E
TEST_41720,Not_E
TEST_41723,Not_E
TEST_41731,Not_E
TEST_41743,Not_E
TEST_41745,Not_E
TEST_41753,Not_E
TEST_41755,Not_E
TEST_41760,Not_E
TEST_41763,Not_E
TEST_41779,Not_E
TEST_41780,Not_E
TEST_41782,Not_E
TEST_41783,Not_E
TEST_41790,Not_E
TEST_41795,Not_E
TEST_41811,Not_E
TEST_41821,Not_E
TEST_41823,Not_E
TEST_41826,Not_E
TEST_41828,Not_E
TEST_41833,Not_E
TEST_41840,Not_E
TEST_41855,Not_E
TEST_41859,Not_E
TEST_41865,Not_E
TEST_41874,Not_E
TEST_41878,Not_E
TEST_41889,Not_E
TEST_41896,Not_E
TEST_41903,Not_E
TEST_41908,Not_E
TEST_41910,Not_E
TEST_41912,Not_E
TEST_41914,Not_E
TEST_41921,Not_E
TEST_41933,Not_E
TEST_41936,Not_E
TEST_41945,Not_E
TEST_41951,Not_E
TEST_41973,Not_E
TEST_41977,Not_E
TEST_41981,Not_E
TEST_41988,Not_E
TEST_41994,Not_E
TEST_41996,Not_E
TEST_42001,Not_E
TEST_42006,Not_E
TEST_42007,Not_E
TEST_42011,Not_E
TEST_42022,Not_E
TEST_42030,Not_E
TEST_42048,Not_E
TEST_42049,Not_E
TEST_42050,Not_E
TEST_42053,Not_E
TEST_42054,Not_E
TEST_42056,Not_E
TEST_42059,Not_E
TEST_42063,Not_E
TEST_42066,Not_E
TEST_42069,Not_E
TEST_42071,Not_E
TEST_42075,Not_E
TEST_42076,Not_E
TEST_42077,Not_E
TEST_42084,Not_E
TEST_42086,Not_E
TEST_42104,Not_E
TEST_42113,Not_E
TEST_42118,Not_E
TEST_42131,Not_E
TEST_42132,Not_E
TEST_42142,Not_E
TEST_42146,Not_E
TEST_42148,Not_E
TEST_42155,Not_E
TEST_42158,Not_E
TEST_42166,Not_E
TEST_42171,Not_E
TEST_42177,Not_E
TEST_42200,Not_E
TEST_42205,Not_E
TEST_42215,Not_E
TEST_42230,Not_E
TEST_42238,Not_E
TEST_42243,Not_E
TEST_42246,Not_E
TEST_42262,Not_E
TEST_42279,Not_E
TEST_42295,Not_E
TEST_42299,Not_E
TEST_42308,Not_E
TEST_42318,Not_E
TEST_42322,Not_E
TEST_42325,Not_E
TEST_42327,Not_E
TEST_42337,Not_E
TEST_42349,Not_E
TEST_42355,Not_E
TEST_42358,Not_E
TEST_42363,Not_E
TEST_42367,Not_E
TEST_42368,Not_E
TEST_42371,Not_E
TEST_42375,Not_E
TEST_42383,Not_E
TEST_42384,Not_E
TEST_42391,Not_E
TEST_42402,Not_E
TEST_42407,Not_E
TEST_42409,Not_E
TEST_42411,Not_E
TEST_42419,Not_E
TEST_42420,Not_E
TEST_42427,Not_E
TEST_42435,Not_E
TEST_42445,Not_E
TEST_42449,Not_E
TEST_42463,Not_E
TEST_42466,Not_E
TEST_42471,Not_E
TEST_42481,Not_E
TEST_42482,Not_E
TEST_42484,Not_E
TEST_42485,Not_E
TEST_42489,Not_E
TEST_42491,Not_E
TEST_42499,Not_E
TEST_42505,Not_E
TEST_42507,Not_E
TEST_42510,Not_E
TEST_42512,Not_E
TEST_42513,Not_E
TEST_42517,Not_E
TEST_42521,Not_E
TEST_42522,Not_E
TEST_42531,Not_E
TEST_42540,Not_E
TEST_42553,Not_E
TEST_42563,Not_E
TEST_42570,Not_E
TEST_42571,Not_E
TEST_42587,Not_E
TEST_42590,Not_E
TEST_42592,Not_E
TEST_42593,Not_E
TEST_42601,Not_E
TEST_42602,Not_E
TEST_42603,Not_E
TEST_42610,Not_E
TEST_42612,Not_E
TEST_42616,Not_E
TEST_42621,Not_E
TEST_42624,Not_E
TEST_42637,Not_E
TEST_42638,Not_E
TEST_42639,Not_E
TEST_42650,Not_E
TEST_42651,Not_E
TEST_42653,Not_E
TEST_42655,Not_E
TEST_42657,Not_E
TEST_42664,Not_E
TEST_42681,Not_E
TEST_42683,Not_E
TEST_42685,Not_E
TEST_42688,Not_E
TEST_42709,Not_E
TEST_42719,Not_E
TEST_42720,Not_E
TEST_42745,Not_E
TEST_42767,Not_E
TEST_42768,Not_E
TEST_42774,Not_E
TEST_42779,Not_E
TEST_42782,Not_E
TEST_42790,Not_E
TEST_42802,Not_E
TEST_42803,Not_E
TEST_42807,Not_E
TEST_42823,Not_E
TEST_42829,Not_E
TEST_42834,Not_E
TEST_42838,Not_E
TEST_42841,Not_E
TEST_42853,Not_E
TEST_42856,Not_E
TEST_42868,Not_E
TEST_42869,Not_E
TEST_42885,Not_E
TEST_42888,Not_E
TEST_42906,Not_E
TEST_42907,Not_E
TEST_42908,Not_E
TEST_42909,Not_E
TEST_42915,Not_E
TEST_42917,Not_E
TEST_42918,Not_E
TEST_42923,Not_E
TEST_42926,Not_E
TEST_42935,Not_E
TEST_42936,Not_E
TEST_42944,Not_E
TEST_42948,Not_E
TEST_42952,Not_E
TEST_42963,Not_E
TEST_42973,Not_E
TEST_42981,Not_E
TEST_42982,Not_E
TEST_42993,Not_E
TEST_42995,Not_E
TEST_43004,Not_E
TEST_43010,Not_E
TEST_43012,Not_E
TEST_43016,Not_E
TEST_43019,Not_E
TEST_43021,Not_E
TEST_43039,Not_E
TEST_43042,Not_E
TEST_43049,Not_E
TEST_43052,Not_E
TEST_43068,Not_E
TEST_43078,Not_E
TEST_43090,Not_E
TEST_43095,Not_E
TEST_43098,Not_E
TEST_43101,Not_E
TEST_43115,Not_E
TEST_43116,Not_E
TEST_43117,Not_E
TEST_43122,Not_E
TEST_43132,Not_E
TEST_43150,Not_E
TEST_43155,Not_E
TEST_43167,Not_E
TEST_43175,Not_E
TEST_43192,Not_E
TEST_43214,Not_E
TEST_43221,Not_E
TEST_43239,Not_E
TEST_43240,Not_E
TEST_43248,Not_E
TEST_43254,Not_E
TEST_43256,Not_E
TEST_43257,Not_E
TEST_43258,Not_E
TEST_43275,Not_E
TEST_43279,Not_E
TEST_43280,Not_E
TEST_43286,Not_E
TEST_43287,Not_E
TEST_43291,Not_E
TEST_43302,Not_E
TEST_43303,Not_E
TEST_43322,Not_E
TEST_43327,Not_E
TEST_43359,Not_E
TEST_43361,Not_E
TEST_43363,Not_E
TEST_43368,Not_E
TEST_43376,Not_E
TEST_43377,Not_E
TEST_43379,Not_E
TEST_43383,Not_E
TEST_43384,Not_E
TEST_43390,Not_E
TEST_43415,Not_E
TEST_43421,Not_E
TEST_43424,Not_E
TEST_43432,Not_E
TEST_43439,Not_E
TEST_43445,Not_E
TEST_43472,Not_E
TEST_43475,Not_E
TEST_43478,Not_E
TEST_43491,Not_E
TEST_43506,Not_E
TEST_43514,Not_E
TEST_43523,Not_E
TEST_43530,Not_E
TEST_43534,Not_E
TEST_43537,Not_E
TEST_43540,Not_E
TEST_43542,Not_E
TEST_43545,Not_E
TEST_43546,Not_E
TEST_43555,Not_E
TEST_43570,Not_E
TEST_43571,Not_E
TEST_43573,Not_E
TEST_43580,Not_E
TEST_43588,Not_E
TEST_43589,Not_E
TEST_43594,Not_E
TEST_43611,Not_E
TEST_43614,Not_E
TEST_43624,Not_E
TEST_43625,Not_E
TEST_43628,Not_E
TEST_43631,Not_E
TEST_43634,Not_E
TEST_43638,Not_E
TEST_43640,Not_E
TEST_43644,Not_E
TEST_43666,Not_E
TEST_43670,Not_E
TEST_43706,Not_E
TEST_43707,Not_E
TEST_43709,Not_E
TEST_43718,Not_E
TEST_43720,Not_E
TEST_43745,Not_E
TEST_43764,Not_E
TEST_43767,Not_E
TEST_43774,Not_E
TEST_43782,Not_E
TEST_43786,Not_E
TEST_43787,Not_E
TEST_43809,Not_E
TEST_43811,Not_E
TEST_43817,Not_E
TEST_43818,Not_E
TEST_43820,Not_E
TEST_43825,Not_E
TEST_43831,Not_E
TEST_43834,Not_E
TEST_43835,Not_E
TEST_43837,Not_E
TEST_43839,Not_E
TEST_43856,Not_E
TEST_43867,Not_E
TEST_43872,Not_E
TEST_43886,Not_E
TEST_43890,Not_E
TEST_43893,Not_E
TEST_43902,Not_E
TEST_43905,Not_E
TEST_43919,Not_E
TEST_43920,Not_E
TEST_43927,Not_E
TEST_43931,Not_E
TEST_43938,Not_E
TEST_43943,Not_E
TEST_43946,Not_E
TEST_43948,Not_E
TEST_43961,Not_E
TEST_43968,Not_E
TEST_43969,Not_E
TEST_43970,Not_E
TEST_43972,Not_E
TEST_43986,Not_E
TEST_43987,Not_E
TEST_43990,Not_E
TEST_43993,Not_E
TEST_43999,Not_E
TEST_44000,Not_E
TEST_44005,Not_E
TEST_44023,Not_E
TEST_44029,Not_E
TEST_44032,Not_E
TEST_44037,Not_E
TEST_44049,Not_E
TEST_44063,Not_E
TEST_44066,Not_E
TEST_44077,Not_E
TEST_44081,Not_E
TEST_44085,Not_E
TEST_44111,Not_E
TEST_44130,Not_E
TEST_44133,Not_E
TEST_44139,Not_E
TEST_44141,Not_E
TEST_44156,Not_E
TEST_44157,Not_E
TEST_44160,Not_E
TEST_44165,Not_E
TEST_44170,Not_E
TEST_44184,Not_E
TEST_44186,Not_E
TEST_44187,Not_E
TEST_44195,Not_E
TEST_44209,Not_E
TEST_44212,Not_E
TEST_44213,Not_E
TEST_44218,Not_E
TEST_44223,Not_E
TEST_44229,Not_E
TEST_44230,Not_E
TEST_44234,Not_E
TEST_44235,Not_E
TEST_44236,Not_E
TEST_44238,Not_E
TEST_44240,Not_E
TEST_44249,Not_E
TEST_44250,Not_E
TEST_44253,Not_E
TEST_44262,Not_E
TEST_44267,Not_E
TEST_44272,Not_E
TEST_44277,Not_E
TEST_44280,Not_E
TEST_44288,Not_E
TEST_44290,Not_E
TEST_44295,Not_E
TEST_44301,Not_E
TEST_44303,Not_E
TEST_44310,Not_E
TEST_44317,Not_E
TEST_44327,Not_E
TEST_44328,Not_E
TEST_44336,Not_E
TEST_44346,Not_E
TEST_44357,Not_E
TEST_44359,Not_E
TEST_44364,Not_E
TEST_44376,Not_E
TEST_44385,Not_E
TEST_44392,Not_E
TEST_44398,Not_E
TEST_44400,Not_E
TEST_44401,Not_E
TEST_44403,Not_E
TEST_44405,Not_E
TEST_44418,Not_E
TEST_44422,Not_E
TEST_44425,Not_E
TEST_44427,Not_E
TEST_44429,Not_E
TEST_44435,Not_E
TEST_44439,Not_E
TEST_44443,Not_E
TEST_44453,Not_E
TEST_44455,Not_E
TEST_44459,Not_E
TEST_44463,Not_E
TEST_44469,Not_E
TEST_44472,Not_E
TEST_44482,Not_E
TEST_44487,Not_E
TEST_44491,Not_E
TEST_44498,Not_E
TEST_44503,Not_E
TEST_44512,Not_E
TEST_44515,Not_E
TEST_44522,Not_E
TEST_44523,Not_E
TEST_44526,Not_E
TEST_44543,Not_E
TEST_44560,Not_E
TEST_44566,Not_E
TEST_44570,Not_E
TEST_44574,Not_E
TEST_44585,Not_E
TEST_44586,Not_E
TEST_44591,Not_E
TEST_44595,Not_E
TEST_44596,Not_E
TEST_44598,Not_E
TEST_44614,Not_E
TEST_44622,Not_E
TEST_44629,Not_E
TEST_44642,Not_E
TEST_44643,Not_E
TEST_44649,Not_E
TEST_44653,Not_E
TEST_44669,Not_E
TEST_44691,Not_E
TEST_44695,Not_E
TEST_44699,Not_E
TEST_44706,Not_E
TEST_44708,Not_E
TEST_44711,Not_E
TEST_44738,Not_E
TEST_44739,Not_E
TEST_44745,Not_E
TEST_44747,Not_E
TEST_44749,Not_E
TEST_44751,Not_E
TEST_44762,Not_E
TEST_44763,Not_E
TEST_44764,Not_E
TEST_44773,Not_E
TEST_44775,Not_E
TEST_44779,Not_E
TEST_44783,Not_E
TEST_44807,Not_E
TEST_44816,Not_E
TEST_44818,Not_E
TEST_44830,Not_E
TEST_44837,Not_E
TEST_44846,Not_E
TEST_44848,Not_E
TEST_44850,Not_E
TEST_44852,Not_E
TEST_44892,Not_E
TEST_44912,Not_E
TEST_44920,Not_E
TEST_44922,Not_E
TEST_44923,Not_E
TEST_44931,Not_E
TEST_44934,Not_E
TEST_44937,Not_E
TEST_44944,Not_E
TEST_44947,Not_E
TEST_44956,Not_E
TEST_44962,Not_E
TEST_44974,Not_E
TEST_44977,Not_E
TEST_44981,Not_E
TEST_44983,Not_E
TEST_44992,Not_E
TEST_44997,Not_E
TEST_45009,Not_E
TEST_45010,Not_E
TEST_45021,Not_E
TEST_45024,Not_E
TEST_45042,Not_E
TEST_45050,Not_E
TEST_45053,Not_E
TEST_45054,Not_E
TEST_45062,Not_E
TEST_45067,Not_E
TEST_45073,Not_E
TEST_45081,Not_E
TEST_45082,Not_E
TEST_45084,Not_E
TEST_45086,Not_E
TEST_45095,Not_E
TEST_45103,Not_E
TEST_45104,Not_E
TEST_45109,Not_E
TEST_45111,Not_E
TEST_45119,Not_E
TEST_45141,Not_E
TEST_45145,Not_E
TEST_45148,Not_E
TEST_45152,Not_E
TEST_45161,Not_E
TEST_45163,Not_E
TEST_45166,Not_E
TEST_45178,Not_E
TEST_45183,Not_E
TEST_45195,Not_E
TEST_45196,Not_E
TEST_45204,Not_E
TEST_45205,Not_E
TEST_45215,Not_E
TEST_45223,Not_E
TEST_45233,Not_E
TEST_45235,Not_E
TEST_45239,Not_E
TEST_45240,Not_E
TEST_45242,Not_E
TEST_45243,Not_E
TEST_45256,Not_E
TEST_45259,Not_E
TEST_45261,Not_E
TEST_45263,Not_E
TEST_45265,Not_E
TEST_45266,Not_E
TEST_45270,Not_E
TEST_45271,Not_E
TEST_45276,Not_E
TEST_45277,Not_E
TEST_45283,Not_E
TEST_45288,Not_E
TEST_45298,Not_E
TEST_45299,Not_E
TEST_45304,Not_E
TEST_45308,Not_E
TEST_45313,Not_E
TEST_45316,Not_E
TEST_45330,Not_E
TEST_45335,Not_E
TEST_45340,Not_E
TEST_45344,Not_E
TEST_45345,Not_E
TEST_45347,Not_E
TEST_45349,Not_E
TEST_45355,Not_E
TEST_45373,Not_E
TEST_45382,Not_E
TEST_45383,Not_E
TEST_45384,Not_E
TEST_45387,Not_E
TEST_45401,Not_E
TEST_45413,Not_E
TEST_45416,Not_E
TEST_45430,Not_E
TEST_45435,Not_E
TEST_45442,Not_E
TEST_45447,Not_E
TEST_45448,Not_E
TEST_45452,Not_E
TEST_45459,Not_E
TEST_45470,Not_E
TEST_45471,Not_E
TEST_45472,Not_E
TEST_45484,Not_E
TEST_45500,Not_E
TEST_45504,Not_E
TEST_45515,Not_E
TEST_45517,Not_E
TEST_45526,Not_E
TEST_45530,Not_E
TEST_45536,Not_E
TEST_45551,Not_E
TEST_45563,Not_E
TEST_45567,Not_E
TEST_45571,Not_E
TEST_45574,Not_E
TEST_45577,Not_E
TEST_45582,Not_E
TEST_45583,Not_E
TEST_45584,Not_E
TEST_45586,Not_E
TEST_45589,Not_E
TEST_45593,Not_E
TEST_45597,Not_E
TEST_45600,Not_E
TEST_45601,Not_E
TEST_45604,Not_E
TEST_45609,Not_E
TEST_45611,Not_E
TEST_45620,Not_E
TEST_45637,Not_E
TEST_45651,Not_E
TEST_45668,Not_E
TEST_45684,Not_E
TEST_45687,Not_E
TEST_45708,Not_E
TEST_45714,Not_E
TEST_45715,Not_E
TEST_45718,Not_E
TEST_45730,Not_E
TEST_45734,Not_E
TEST_45740,Not_E
TEST_45741,Not_E
TEST_45742,Not_E
TEST_45743,Not_E
TEST_45754,Not_E
TEST_45761,Not_E
TEST_45767,Not_E
TEST_45769,Not_E
TEST_45772,Not_E
TEST_45781,Not_E
TEST_45785,Not_E
TEST_45790,Not_E
TEST_45793,Not_E
TEST_45799,Not_E
TEST_45802,Not_E
TEST_45808,Not_E
TEST_45810,Not_E
TEST_45811,Not_E
TEST_45819,Not_E
TEST_45824,Not_E
TEST_45826,Not_E
TEST_45827,Not_E
TEST_45829,Not_E
TEST_45830,Not_E
TEST_45843,Not_E
TEST_45850,Not_E
TEST_45856,Not_E
TEST_45857,Not_E
TEST_45868,Not_E
TEST_45876,Not_E
TEST_45888,Not_E
TEST_45891,Not_E
TEST_45899,Not_E
TEST_45900,Not_E
TEST_45901,Not_E
TEST_45906,Not_E
TEST_45914,Not_E
TEST_45920,Not_E
TEST_45921,Not_E
TEST_45925,Not_E
TEST_45933,Not_E
TEST_45943,Not_E
TEST_45946,Not_E
TEST_45973,Not_E
TEST_45977,Not_E
TEST_45978,Not_E
TEST_45981,Not_E
TEST_45987,Not_E
TEST_45990,Not_E
TEST_45994,Not_E
TEST_45995,Not_E
TEST_46004,Not_E
TEST_46010,Not_E
TEST_46014,Not_E
TEST_46015,Not_E
TEST_46021,Not_E
TEST_46022,Not_E
TEST_46032,Not_E
TEST_46038,Not_E
TEST_46041,Not_E
TEST_46049,Not_E
TEST_46051,Not_E
TEST_46062,Not_E
TEST_46072,Not_E
TEST_46081,Not_E
TEST_46082,Not_E
TEST_46085,Not_E
TEST_46088,Not_E
TEST_46091,Not_E
TEST_46093,Not_E
TEST_46099,Not_E
TEST_46111,Not_E
TEST_46112,Not_E
TEST_46117,Not_E
TEST_46124,Not_E
TEST_46128,Not_E
TEST_46147,Not_E
TEST_46154,Not_E
TEST_46166,Not_E
TEST_46171,Not_E
TEST_46179,Not_E
TEST_46183,Not_E
TEST_46184,Not_E
TEST_46207,Not_E
TEST_46208,Not_E
TEST_46209,Not_E
TEST_46212,Not_E
TEST_46216,Not_E
TEST_46218,Not_E
TEST_46224,Not_E
TEST_46229,Not_E
TEST_46230,Not_E
TEST_46234,Not_E
TEST_46248,Not_E
TEST_46250,Not_E
TEST_46255,Not_E
TEST_46280,Not_E
TEST_46285,Not_E
TEST_46286,Not_E
TEST_46287,Not_E
TEST_46291,Not_E
TEST_46292,Not_E
TEST_46296,Not_E
TEST_46298,Not_E
TEST_46299,Not_E
TEST_46302,Not_E
TEST_46310,Not_E
TEST_46311,Not_E
TEST_46316,Not_E
TEST_46331,Not_E
TEST_46338,Not_E
TEST_46340,Not_E
TEST_46343,Not_E
TEST_46367,Not_E
TEST_46370,Not_E
TEST_46374,Not_E
TEST_46378,Not_E
TEST_46379,Not_E
TEST_46384,Not_E
TEST_46391,Not_E
TEST_46393,Not_E
TEST_46399,Not_E
TEST_46409,Not_E
TEST_46411,Not_E
TEST_46423,Not_E
TEST_46426,Not_E
TEST_46434,Not_E
TEST_46436,Not_E
TEST_46438,Not_E
TEST_46447,Not_E
TEST_46452,Not_E
TEST_46456,Not_E
TEST_46463,Not_E
TEST_46476,Not_E
TEST_46481,Not_E
TEST_46486,Not_E
TEST_46497,Not_E
TEST_46501,Not_E
TEST_46512,Not_E
TEST_46516,Not_E
TEST_46517,Not_E
TEST_46526,Not_E
TEST_46528,Not_E
TEST_46531,Not_E
TEST_46533,Not_E
TEST_46535,Not_E
TEST_46546,Not_E
TEST_46551,Not_E
TEST_46555,Not_E
TEST_46565,Not_E
TEST_46567,Not_E
TEST_46570,Not_E
TEST_46580,Not_E
TEST_46583,Not_E
TEST_46586,Not_E
TEST_46599,Not_E
TEST_46600,Not_E
TEST_46608,Not_E
TEST_46618,Not_E
TEST_46628,Not_E
TEST_46634,Not_E
TEST_46637,Not_E
TEST_46638,Not_E
TEST_46652,Not_E
TEST_46658,Not_E
TEST_46661,Not_E
TEST_46662,Not_E
TEST_46682,Not_E
TEST_46689,Not_E
TEST_46696,Not_E
TEST_46714,Not_E
TEST_46722,Not_E
TEST_46727,Not_E
TEST_46729,Not_E
TEST_46740,Not_E
TEST_46748,Not_E
TEST_46767,Not_E
TEST_46768,Not_E
TEST_46773,Not_E
TEST_46780,Not_E
TEST_46787,Not_E
TEST_46794,Not_E
TEST_46799,Not_E
TEST_46809,Not_E
TEST_46811,Not_E
TEST_46818,Not_E
TEST_46823,Not_E
TEST_46827,Not_E
TEST_46828,Not_E
TEST_46834,Not_E
TEST_46847,Not_E
TEST_46849,Not_E
TEST_46855,Not_E
TEST_46871,Not_E
TEST_46878,Not_E
TEST_46889,Not_E
TEST_46891,Not_E
TEST_46892,Not_E
TEST_46898,Not_E
TEST_46910,Not_E
TEST_46924,Not_E
TEST_46930,Not_E
TEST_46932,Not_E
TEST_46949,Not_E
TEST_46951,Not_E
TEST_46958,Not_E
TEST_46961,Not_E
TEST_46965,Not_E
TEST_46966,Not_E
TEST_46969,Not_E
TEST_46970,Not_E
TEST_46990,Not_E
TEST_46994,Not_E
TEST_47011,Not_E
TEST_47035,Not_E
TEST_47059,Not_E
TEST_47065,Not_E
TEST_47077,Not_E
TEST_47081,Not_E
TEST_47093,Not_E
TEST_47110,Not_E
TEST_47113,Not_E
TEST_47118,Not_E
TEST_47119,Not_E
TEST_47126,Not_E
TEST_47130,Not_E
TEST_47133,Not_E
TEST_47143,Not_E
TEST_47153,Not_E
TEST_47155,Not_E
TEST_47160,Not_E
TEST_47164,Not_E
TEST_47182,Not_E
TEST_47201,Not_E
TEST_47211,Not_E
TEST_47215,Not_E
TEST_47216,Not_E
TEST_47221,Not_E
TEST_47222,Not_E
TEST_47232,Not_E
TEST_47236,Not_E
TEST_47242,Not_E
TEST_47252,Not_E
TEST_47253,Not_E
TEST_47260,Not_E
TEST_47266,Not_E
TEST_47278,Not_E
TEST_47281,Not_E
TEST_47298,Not_E
TEST_47307,Not_E
TEST_47323,Not_E
TEST_47333,Not_E
TEST_47339,Not_E
TEST_47346,Not_E
TEST_47348,Not_E
TEST_47368,Not_E
TEST_47379,Not_E
TEST_47381,Not_E
TEST_47384,Not_E
TEST_47386,Not_E
TEST_47390,Not_E
TEST_47396,Not_E
TEST_47398,Not_E
TEST_47406,Not_E
TEST_47407,Not_E
TEST_47412,Not_E
TEST_47426,Not_E
TEST_47429,Not_E
TEST_47436,Not_E
TEST_47440,Not_E
TEST_47442,Not_E
TEST_47467,Not_E
TEST_47476,Not_E
TEST_47478,Not_E
TEST_47480,Not_E
TEST_47483,Not_E
TEST_47491,Not_E
TEST_47507,Not_E
TEST_47510,Not_E
TEST_47511,Not_E
TEST_47516,Not_E
TEST_47520,Not_E
TEST_47521,Not_E
TEST_47528,Not_E
TEST_47538,Not_E
TEST_47539,Not_E
TEST_47541,Not_E
TEST_47548,Not_E
TEST_47565,Not_E
TEST_47576,Not_E
TEST_47583,Not_E
TEST_47621,Not_E
TEST_47626,Not_E
TEST_47630,Not_E
TEST_47637,Not_E
TEST_47646,Not_E
TEST_47649,Not_E
TEST_47650,Not_E
TEST_47658,Not_E
TEST_47659,Not_E
TEST_47683,Not_E
TEST_47689,Not_E
TEST_47696,Not_E
TEST_47707,Not_E
TEST_47723,Not_E
TEST_47726,Not_E
TEST_47728,Not_E
TEST_47730,Not_E
TEST_47735,Not_E
TEST_47753,Not_E
TEST_47755,Not_E
TEST_47762,Not_E
TEST_47768,Not_E
TEST_47776,Not_E
TEST_47794,Not_E
TEST_47796,Not_E
TEST_47797,Not_E
TEST_47804,Not_E
TEST_47807,Not_E
TEST_47814,Not_E
TEST_47817,Not_E
TEST_47828,Not_E
TEST_47832,Not_E
TEST_47834,Not_E
TEST_47842,Not_E
TEST_47855,Not_E
TEST_47859,Not_E
TEST_47861,Not_E
TEST_47862,Not_E
TEST_47864,Not_E
TEST_47888,Not_E
TEST_47904,Not_E
TEST_47910,Not_E
TEST_47913,Not_E
TEST_47920,Not_E
TEST_47924,Not_E
TEST_47925,Not_E
TEST_47938,Not_E
TEST_47947,Not_E
TEST_47955,Not_E
TEST_47957,Not_E
TEST_47959,Not_E
TEST_47966,Not_E
TEST_47972,Not_E
TEST_47974,Not_E
TEST_47982,Not_E
TEST_47988,Not_E
TEST_48008,Not_E
TEST_48012,Not_E
TEST_48022,Not_E
TEST_48028,Not_E
TEST_48030,Not_E
TEST_48035,Not_E
TEST_48046,Not_E
TEST_48058,Not_E
TEST_48061,Not_E
TEST_48069,Not_E
TEST_48072,Not_E
TEST_48085,Not_E
TEST_48086,Not_E
TEST_48088,Not_E
TEST_48100,Not_E
TEST_48102,Not_E
TEST_48103,Not_E
TEST_48108,Not_E
TEST_48122,Not_E
TEST_48124,Not_E
TEST_48135,Not_E
TEST_48137,Not_E
TEST_48145,Not_E
TEST_48146,Not_E
TEST_48148,Not_E
TEST_48160,Not_E
TEST_48161,Not_E
TEST_48166,Not_E
TEST_48169,Not_E
TEST_48173,Not_E
TEST_48183,Not_E
TEST_48202,Not_E
TEST_48209,Not_E
TEST_48214,Not_E
TEST_48226,Not_E
TEST_48228,Not_E
TEST_48235,Not_E
TEST_48238,Not_E
TEST_48239,Not_E
TEST_48256,Not_E
TEST_48258,Not_E
TEST_48262,Not_E
TEST_48267,Not_E
TEST_48270,Not_E
TEST_48272,Not_E
TEST_48274,Not_E
TEST_48276,Not_E
TEST_48283,Not_E
TEST_48289,Not_E
TEST_48316,Not_E
TEST_48317,Not_E
TEST_48327,Not_E
TEST_48330,Not_E
TEST_48332,Not_E
TEST_48333,Not_E
TEST_48360,Not_E
TEST_48362,Not_E
TEST_48366,Not_E
TEST_48368,Not_E
TEST_48369,Not_E
TEST_48374,Not_E
TEST_48379,Not_E
TEST_48389,Not_E
TEST_48392,Not_E
TEST_48398,Not_E
TEST_48401,Not_E
TEST_48402,Not_E
TEST_48403,Not_E
TEST_48410,Not_E
TEST_48424,Not_E
TEST_48430,Not_E
TEST_48456,Not_E
TEST_48457,Not_E
TEST_48471,Not_E
TEST_48485,Not_E
TEST_48492,Not_E
TEST_48493,Not_E
TEST_48500,Not_E
TEST_48509,Not_E
TEST_48510,Not_E
TEST_48516,Not_E
TEST_48532,Not_E
TEST_48554,Not_E
TEST_48557,Not_E
TEST_48560,Not_E
TEST_48569,Not_E
TEST_48577,Not_E
TEST_48587,Not_E
TEST_48590,Not_E
TEST_48592,Not_E
TEST_48601,Not_E
TEST_48604,Not_E
TEST_48608,Not_E
TEST_48615,Not_E
TEST_48620,Not_E
TEST_48622,Not_E
TEST_48631,Not_E
TEST_48632,Not_E
TEST_48645,Not_E
TEST_48649,Not_E
TEST_48654,Not_E
TEST_48656,Not_E
TEST_48667,Not_E
TEST_48670,Not_E
TEST_48677,Not_E
TEST_48679,Not_E
TEST_48688,Not_E
TEST_48703,Not_E
TEST_48704,Not_E
TEST_48705,Not_E
TEST_48717,Not_E
TEST_48727,Not_E
TEST_48736,Not_E
TEST_48741,Not_E
TEST_48755,Not_E
TEST_48760,Not_E
TEST_48769,Not_E
TEST_48771,Not_E
TEST_48774,Not_E
TEST_48780,Not_E
TEST_48783,Not_E
TEST_48801,Not_E
TEST_48803,Not_E
TEST_48806,Not_E
TEST_48813,Not_E
TEST_48821,Not_E
TEST_48832,Not_E
TEST_48833,Not_E
TEST_48843,Not_E
TEST_48856,Not_E
TEST_48858,Not_E
TEST_48861,Not_E
TEST_48864,Not_E
TEST_48869,Not_E
TEST_48873,Not_E
TEST_48883,Not_E
TEST_48889,Not_E
TEST_48901,Not_E
TEST_48913,Not_E
TEST_48938,Not_E
TEST_48950,Not_E
TEST_48951,Not_E
TEST_48956,Not_E
TEST_48982,Not_E
TEST_48994,Not_E
TEST_49011,Not_E
TEST_49013,Not_E
TEST_49025,Not_E
TEST_49027,Not_E
TEST_49034,Not_E
TEST_49052,Not_E
TEST_49055,Not_E
TEST_49067,Not_E
TEST_49095,Not_E
TEST_49102,Not_E
TEST_49104,Not_E
TEST_49115,Not_E
TEST_49124,Not_E
TEST_49125,Not_E
TEST_49126,Not_E
TEST_49127,Not_E
TEST_49128,Not_E
TEST_49153,Not_E
TEST_49157,Not_E
TEST_49165,Not_E
TEST_49167,Not_E
TEST_49179,Not_E
TEST_49180,Not_E
TEST_49181,Not_E
TEST_49183,Not_E
TEST_49184,Not_E
TEST_49197,Not_E
TEST_49201,Not_E
TEST_49224,Not_E
TEST_49226,Not_E
TEST_49227,Not_E
TEST_49239,Not_E
TEST_49240,Not_E
TEST_49257,Not_E
TEST_49263,Not_E
TEST_49264,Not_E
TEST_49265,Not_E
TEST_49276,Not_E
TEST_49280,Not_E
TEST_49301,Not_E
TEST_49306,Not_E
TEST_49316,Not_E
TEST_49324,Not_E
TEST_49341,Not_E
TEST_49366,Not_E
TEST_49367,Not_E
TEST_49375,Not_E
TEST_49391,Not_E
TEST_49400,Not_E
TEST_49420,Not_E
TEST_49427,Not_E
TEST_49440,Not_E
TEST_49442,Not_E
TEST_49446,Not_E
TEST_49448,Not_E
TEST_49449,Not_E
TEST_49451,Not_E
TEST_49461,Not_E
TEST_49466,Not_E
TEST_49475,Not_E
TEST_49476,Not_E
TEST_49478,Not_E
TEST_49483,Not_E
TEST_49484,Not_E
TEST_49488,Not_E
TEST_49490,Not_E
TEST_49494,Not_E
TEST_49503,Not_E
TEST_49504,Not_E
TEST_49510,Not_E
TEST_49514,Not_E
TEST_49528,Not_E
TEST_49529,Not_E
TEST_49534,Not_E
TEST_49546,Not_E
TEST_49552,Not_E
TEST_49553,Not_E
TEST_49565,Not_E
TEST_49572,Not_E
TEST_49581,Not_E
TEST_49582,Not_E
TEST_49583,Not_E
TEST_49596,Not_E
TEST_49599,Not_E
TEST_49607,Not_E
TEST_49608,Not_E
TEST_49614,Not_E
TEST_49621,Not_E
TEST_49625,Not_E
TEST_49628,Not_E
TEST_49635,Not_E
TEST_49646,Not_E
TEST_49651,Not_E
TEST_49656,Not_E
TEST_49658,Not_E
TEST_49672,Not_E
TEST_49675,Not_E
TEST_49680,Not_E
TEST_49682,Not_E
TEST_49689,Not_E
TEST_49695,Not_E
TEST_49701,Not_E
TEST_49705,Not_E
TEST_49711,Not_E
TEST_49719,Not_E
TEST_49725,Not_E
TEST_49741,Not_E
TEST_49742,Not_E
TEST_49744,Not_E
TEST_49748,Not_E
TEST_49762,Not_E
TEST_49769,Not_E
TEST_49770,Not_E
TEST_49775,Not_E
TEST_49778,Not_E
TEST_49784,Not_E
TEST_49786,Not_E
TEST_49789,Not_E
TEST_49790,Not_E
TEST_49792,Not_E
TEST_49793,Not_E
TEST_49808,Not_E
TEST_49809,Not_E
TEST_49813,Not_E
TEST_49814,Not_E
TEST_49823,Not_E
TEST_49828,Not_E
TEST_49833,Not_E
TEST_49835,Not_E
TEST_49848,Not_E
TEST_49852,Not_E
TEST_49858,Not_E
TEST_49873,Not_E
TEST_49878,Not_E
TEST_49893,Not_E
TEST_49895,Not_E
TEST_49897,Not_E
TEST_49898,Not_E
TEST_49906,Not_E
TEST_49908,Not_E
TEST_49913,Not_E
TEST_49917,Not_E
TEST_49921,Not_E
TEST_49927,Not_E
TEST_49939,Not_E
TEST_49941,Not_E
TEST_49963,Not_E
TEST_49965,Not_E
TEST_49967,Not_E
TEST_49970,Not_E
TEST_49972,Not_E
TEST_49973,Not_E
TEST_49974,Not_E
TEST_49975,Not_E
TEST_49984,Not_E
TEST_49986,Not_E
TEST_49990,Not_E
TEST_50001,Not_E
TEST_50010,Not_E
TEST_50012,Not_E
TEST_50016,Not_E
TEST_50027,Not_E
TEST_50029,Not_E
TEST_50031,Not_E
TEST_50037,Not_E
TEST_50043,Not_E
TEST_50046,Not_E
TEST_50048,Not_E
TEST_50052,Not_E
TEST_50059,Not_E
TEST_50062,Not_E
TEST_50064,Not_E
TEST_50065,Not_E
TEST_50067,Not_E
TEST_50068,Not_E
TEST_50078,Not_E
TEST_50088,Not_E
TEST_50097,Not_E
TEST_50107,Not_E
TEST_50141,Not_E
TEST_50145,Not_E
TEST_50147,Not_E
TEST_50149,Not_E
TEST_50152,Not_E
TEST_50154,Not_E
TEST_50157,Not_E
TEST_50161,Not_E
TEST_50170,Not_E
TEST_50180,Not_E
TEST_50183,Not_E
TEST_50186,Not_E
TEST_50191,Not_E
TEST_50208,Not_E
TEST_50212,Not_E
TEST_50215,Not_E
TEST_50218,Not_E
TEST_50224,Not_E
TEST_50225,Not_E
TEST_50226,Not_E
TEST_50234,Not_E
TEST_50250,Not_E
TEST_50263,Not_E
TEST_50272,Not_E
TEST_50275,Not_E
TEST_50288,Not_E
TEST_50289,Not_E
TEST_50297,Not_E
TEST_50299,Not_E
TEST_50307,Not_E
TEST_50315,Not_E
TEST_50318,Not_E
TEST_50327,Not_E
TEST_50329,Not_E
TEST_50342,Not_E
TEST_50353,Not_E
TEST_50358,Not_E
TEST_50365,Not_E
TEST_50373,Not_E
TEST_50378,Not_E
TEST_50380,Not_E
TEST_50381,Not_E
TEST_50383,Not_E
TEST_50390,Not_E
TEST_50393,Not_E
TEST_50394,Not_E
TEST_50413,Not_E
TEST_50421,Not_E
TEST_50429,Not_E
TEST_50436,Not_E
TEST_50444,Not_E
TEST_50447,Not_E
TEST_50454,Not_E
TEST_50460,Not_E
TEST_50464,Not_E
TEST_50478,Not_E
TEST_50480,Not_E
TEST_50486,Not_E
TEST_50489,Not_E
TEST_50498,Not_E
TEST_50499,Not_E
TEST_50508,Not_E
TEST_50529,Not_E
TEST_50541,Not_E
TEST_50546,Not_E
TEST_50547,Not_E
TEST_50584,Not_E
TEST_50586,Not_E
TEST_50596,Not_E
TEST_50601,Not_E
TEST_50603,Not_E
TEST_50607,Not_E
TEST_50624,Not_E
TEST_50630,Not_E
TEST_50633,Not_E
TEST_50635,Not_E
TEST_50641,Not_E
TEST_50643,Not_E
TEST_50645,Not_E
TEST_50655,Not_E
TEST_50661,Not_E
TEST_50663,Not_E
TEST_50670,Not_E
TEST_50680,Not_E
TEST_50683,Not_E
TEST_50693,Not_E
TEST_50699,Not_E
TEST_50702,Not_E
TEST_50708,Not_E
TEST_50723,Not_E
TEST_50732,Not_E
TEST_50738,Not_E
TEST_50739,Not_E
TEST_50745,Not_E
TEST_50748,Not_E
TEST_50760,Not_E
TEST_50761,Not_E
TEST_50762,Not_E
TEST_50774,Not_E
TEST_50783,Not_E
TEST_50788,Not_E
TEST_50795,Not_E
TEST_50803,Not_E
TEST_50807,Not_E
TEST_50815,Not_E
TEST_50829,Not_E
TEST_50833,Not_E
TEST_50835,Not_E
TEST_50840,Not_E
TEST_50845,Not_E
TEST_50858,Not_E
TEST_50866,Not_E
TEST_50870,Not_E
TEST_50871,Not_E
TEST_50878,Not_E
TEST_50882,Not_E
TEST_50886,Not_E
TEST_50899,Not_E
TEST_50900,Not_E
TEST_50905,Not_E
TEST_50923,Not_E
TEST_50938,Not_E
TEST_50941,Not_E
TEST_50945,Not_E
TEST_50952,Not_E
TEST_50953,Not_E
TEST_50967,Not_E
TEST_50971,Not_E
TEST_50979,Not_E
TEST_50980,Not_E
TEST_50981,Not_E
TEST_50986,Not_E
TEST_50989,Not_E
TEST_50992,Not_E
TEST_51000,Not_E
TEST_51007,Not_E
TEST_51023,Not_E
TEST_51024,Not_E
TEST_51026,Not_E
TEST_51046,Not_E
TEST_51049,Not_E
TEST_51055,Not_E
TEST_51073,Not_E
TEST_51086,Not_E
TEST_51087,Not_E
TEST_51090,Not_E
TEST_51093,Not_E
TEST_51103,Not_E
TEST_51104,Not_E
TEST_51106,Not_E
TEST_51109,Not_E
TEST_51129,Not_E
TEST_51137,Not_E
TEST_51139,Not_E
TEST_51150,Not_E
TEST_51152,Not_E
TEST_51158,Not_E
TEST_51167,Not_E
TEST_51178,Not_E
TEST_51193,Not_E
TEST_51203,Not_E
TEST_51204,Not_E
TEST_51206,Not_E
TEST_51212,Not_E
TEST_51223,Not_E
TEST_51226,Not_E
TEST_51227,Not_E
TEST_51232,Not_E
TEST_51233,Not_E
TEST_51236,Not_E
TEST_51238,Not_E
TEST_51239,Not_E
TEST_51247,Not_E
TEST_51252,Not_E
TEST_51254,Not_E
TEST_51256,Not_E
TEST_51275,Not_E
TEST_51278,Not_E
TEST_51279,Not_E
TEST_51280,Not_E
TEST_51284,Not_E
TEST_51287,Not_E
TEST_51294,Not_E
TEST_51301,Not_E
TEST_51302,Not_E
TEST_51309,Not_E
TEST_51312,Not_E
TEST_51315,Not_E
TEST_51317,Not_E
TEST_51326,Not_E
TEST_51327,Not_E
TEST_51332,Not_E
TEST_51341,Not_E
TEST_51349,Not_E
TEST_51356,Not_E
TEST_51362,Not_E
TEST_51363,Not_E
TEST_51375,Not_E
TEST_51385,Not_E
TEST_51390,Not_E
TEST_51407,Not_E
TEST_51413,Not_E
TEST_51415,Not_E
TEST_51427,Not_E
TEST_51429,Not_E
TEST_51441,Not_E
TEST_51442,Not_E
TEST_51446,Not_E
TEST_51462,Not_E
TEST_51471,Not_E
TEST_51482,Not_E
TEST_51489,Not_E
TEST_51490,Not_E
TEST_51496,Not_E
TEST_51501,Not_E
TEST_51513,Not_E
TEST_51529,Not_E
TEST_51538,Not_E
TEST_51543,Not_E
TEST_51548,Not_E
TEST_51550,Not_E
TEST_51552,Not_E
TEST_51559,Not_E
TEST_51560,Not_E
TEST_51561,Not_E
TEST_51576,Not_E
TEST_51584,Not_E
TEST_51585,Not_E
TEST_51592,Not_E
TEST_51594,Not_E
TEST_51597,Not_E
TEST_51607,Not_E
TEST_51614,Not_E
TEST_51621,Not_E
TEST_51626,Not_E
TEST_51631,Not_E
TEST_51638,Not_E
TEST_51639,Not_E
TEST_51651,Not_E
TEST_51653,Not_E
TEST_51654,Not_E
TEST_51657,Not_E
TEST_51658,Not_E
TEST_51664,Not_E
TEST_51666,Not_E
TEST_51671,Not_E
TEST_51678,Not_E
TEST_51683,Not_E
TEST_51694,Not_E
TEST_51702,Not_E
TEST_51706,Not_E
TEST_51710,Not_E
TEST_51718,Not_E
TEST_51722,Not_E
TEST_51730,Not_E
TEST_51734,Not_E
TEST_51749,Not_E
TEST_51760,Not_E
TEST_51777,Not_E
TEST_51782,Not_E
TEST_51787,Not_E
TEST_51788,Not_E
TEST_51790,Not_E
TEST_51792,Not_E
TEST_51795,Not_E
TEST_51800,Not_E
TEST_51812,Not_E
TEST_51826,Not_E
TEST_51827,Not_E
TEST_51829,Not_E
TEST_51843,Not_E
TEST_51845,Not_E
TEST_51857,Not_E
TEST_51860,Not_E
TEST_51861,Not_E
TEST_51865,Not_E
TEST_51874,Not_E
TEST_51880,Not_E
TEST_51899,Not_E
TEST_51901,Not_E
TEST_51906,Not_E
TEST_51909,Not_E
TEST_51920,Not_E
TEST_51922,Not_E
TEST_51927,Not_E
TEST_51932,Not_E
TEST_51938,Not_E
TEST_51942,Not_E
TEST_51956,Not_E
TEST_51961,Not_E
TEST_51963,Not_E
TEST_51966,Not_E
TEST_51968,Not_E
TEST_51972,Not_E
TEST_51973,Not_E
TEST_51975,Not_E
TEST_52000,Not_E
TEST_52006,Not_E
TEST_52010,Not_E
TEST_52013,Not_E
TEST_52018,Not_E
TEST_52026,Not_E
TEST_52043,Not_E
TEST_52044,Not_E
TEST_52054,Not_E
TEST_52055,Not_E
TEST_52059,Not_E
TEST_52060,Not_E
TEST_52077,Not_E
TEST_52087,Not_E
TEST_52093,Not_E
TEST_52105,Not_E
TEST_52110,Not_E
TEST_52112,Not_E
TEST_52114,Not_E
TEST_52126,Not_E
TEST_52136,Not_E
TEST_52146,Not_E
TEST_52147,Not_E
TEST_52151,Not_E
TEST_52153,Not_E
TEST_52154,Not_E
TEST_52156,Not_E
TEST_52180,Not_E
TEST_52186,Not_E
TEST_52187,Not_E
TEST_52189,Not_E
TEST_52196,Not_E
TEST_52215,Not_E
TEST_52224,Not_E
TEST_52235,Not_E
TEST_52237,Not_E
TEST_52240,Not_E
TEST_52242,Not_E
TEST_52250,Not_E
TEST_52256,Not_E
TEST_52257,Not_E
TEST_52261,Not_E
TEST_52274,Not_E
TEST_52275,Not_E
TEST_52277,Not_E
TEST_52281,Not_E
TEST_52282,Not_E
TEST_52288,Not_E
TEST_52289,Not_E
TEST_52290,Not_E
TEST_52309,Not_E
TEST_52321,Not_E
TEST_52327,Not_E
TEST_52331,Not_E
TEST_52333,Not_E
TEST_52349,Not_E
TEST_52358,Not_E
TEST_52381,Not_E
TEST_52404,Not_E
TEST_52405,Not_E
TEST_52408,Not_E
TEST_52420,Not_E
TEST_52428,Not_E
TEST_52429,Not_E
TEST_52439,Not_E
TEST_52442,Not_E
TEST_52448,Not_E
TEST_52453,Not_E
TEST_52462,Not_E
TEST_52469,Not_E
TEST_52471,Not_E
TEST_52474,Not_E
TEST_52476,Not_E
TEST_52487,Not_E
TEST_52488,Not_E
TEST_52494,Not_E
TEST_52495,Not_E
TEST_52502,Not_E
TEST_52503,Not_E
TEST_52508,Not_E
TEST_52516,Not_E
TEST_52519,Not_E
TEST_52526,Not_E
TEST_52538,Not_E
TEST_52541,Not_E
TEST_52546,Not_E
TEST_52549,Not_E
TEST_52550,Not_E
TEST_52557,Not_E
TEST_52569,Not_E
TEST_52574,Not_E
TEST_52578,Not_E
TEST_52583,Not_E
TEST_52584,Not_E
TEST_52586,Not_E
TEST_52587,Not_E
TEST_52588,Not_E
TEST_52603,Not_E
TEST_52607,Not_E
TEST_52620,Not_E
TEST_52625,Not_E
TEST_52627,Not_E
TEST_52632,Not_E
TEST_52635,Not_E
TEST_52638,Not_E
TEST_52642,Not_E
TEST_52643,Not_E
TEST_52646,Not_E
TEST_52650,Not_E
TEST_52657,Not_E
TEST_52661,Not_E
TEST_52667,Not_E
TEST_52673,Not_E
TEST_52678,Not_E
TEST_52681,Not_E
TEST_52685,Not_E
TEST_52692,Not_E
TEST_52698,Not_E
TEST_52709,Not_E
TEST_52712,Not_E
TEST_52717,Not_E
TEST_52720,Not_E
TEST_52728,Not_E
TEST_52735,Not_E
TEST_52740,Not_E
TEST_52744,Not_E
TEST_52748,Not_E
TEST_52752,Not_E
TEST_52755,Not_E
TEST_52762,Not_E
TEST_52768,Not_E
TEST_52774,Not_E
TEST_52776,Not_E
TEST_52784,Not_E
TEST_52790,Not_E
TEST_52798,Not_E
TEST_52803,Not_E
TEST_52806,Not_E
TEST_52810,Not_E
TEST_52830,Not_E
TEST_52833,Not_E
TEST_52842,Not_E
TEST_52846,Not_E
TEST_52848,Not_E
TEST_52851,Not_E
TEST_52858,Not_E
TEST_52865,Not_E
TEST_52880,Not_E
TEST_52882,Not_E
TEST_52888,Not_E
TEST_52897,Not_E
TEST_52903,Not_E
TEST_52916,Not_E
TEST_52924,Not_E
TEST_52932,Not_E
TEST_52939,Not_E
TEST_52941,Not_E
TEST_52954,Not_E
TEST_52956,Not_E
TEST_52960,Not_E
TEST_52966,Not_E
TEST_52976,Not_E
TEST_52981,Not_E
TEST_52984,Not_E
TEST_52985,Not_E
TEST_52994,Not_E
TEST_53004,Not_E
TEST_53017,Not_E
TEST_53025,Not_E
TEST_53027,Not_E
TEST_53028,Not_E
TEST_53032,Not_E
TEST_53036,Not_E
TEST_53037,Not_E
TEST_53046,Not_E
TEST_53057,Not_E
TEST_53066,Not_E
TEST_53080,Not_E
TEST_53100,Not_E
TEST_53109,Not_E
TEST_53111,Not_E
TEST_53112,Not_E
TEST_53131,Not_E
TEST_53133,Not_E
TEST_53134,Not_E
TEST_53141,Not_E
TEST_53170,Not_E
TEST_53189,Not_E
TEST_53196,Not_E
TEST_53207,Not_E
TEST_53213,Not_E
TEST_53218,Not_E
TEST_53228,Not_E
TEST_53237,Not_E
TEST_53248,Not_E
TEST_53254,Not_E
TEST_53258,Not_E
TEST_53260,Not_E
TEST_53266,Not_E
TEST_53274,Not_E
TEST_53276,Not_E
TEST_53281,Not_E
TEST_53293,Not_E
TEST_53307,Not_E
TEST_53316,Not_E
TEST_53327,Not_E
TEST_53329,Not_E
TEST_53330,Not_E
TEST_53338,Not_E
TEST_53344,Not_E
TEST_53347,Not_E
TEST_53348,Not_E
TEST_53354,Not_E
TEST_53360,Not_E
TEST_53361,Not_E
TEST_53364,Not_E
TEST_53377,Not_E
TEST_53379,Not_E
TEST_53384,Not_E
TEST_53386,Not_E
TEST_53389,Not_E
TEST_53390,Not_E
TEST_53418,Not_E
TEST_53426,Not_E
TEST_53435,Not_E
TEST_53462,Not_E
TEST_53463,Not_E
TEST_53465,Not_E
TEST_53476,Not_E
TEST_53485,Not_E
TEST_53487,Not_E
TEST_53491,Not_E
TEST_53497,Not_E
TEST_53498,Not_E
TEST_53500,Not_E
TEST_53503,Not_E
TEST_53504,Not_E
TEST_53511,Not_E
TEST_53515,Not_E
TEST_53520,Not_E
TEST_53524,Not_E
TEST_53525,Not_E
TEST_53527,Not_E
TEST_53531,Not_E
TEST_53535,Not_E
TEST_53543,Not_E
TEST_53546,Not_E
TEST_53548,Not_E
TEST_53553,Not_E
TEST_53557,Not_E
TEST_53558,Not_E
TEST_53566,Not_E
TEST_53570,Not_E
TEST_53576,Not_E
TEST_53583,Not_E
TEST_53587,Not_E
TEST_53589,Not_E
TEST_53597,Not_E
TEST_53599,Not_E
TEST_53600,Not_E
TEST_53601,Not_E
TEST_53605,Not_E
TEST_53606,Not_E
TEST_53614,Not_E
TEST_53615,Not_E
TEST_53617,Not_E
TEST_53619,Not_E
TEST_53624,Not_E
TEST_53625,Not_E
TEST_53647,Not_E
TEST_53668,Not_E
TEST_53671,Not_E
TEST_53683,Not_E
TEST_53686,Not_E
TEST_53687,Not_E
TEST_53688,Not_E
TEST_53689,Not_E
TEST_53698,Not_E
TEST_53703,Not_E
TEST_53708,Not_E
TEST_53712,Not_E
TEST_53721,Not_E
TEST_53730,Not_E
TEST_53737,Not_E
TEST_53752,Not_E
TEST_53770,Not_E
TEST_53771,Not_E
TEST_53790,Not_E
TEST_53800,Not_E
TEST_53809,Not_E
TEST_53818,Not_E
TEST_53826,Not_E
TEST_53834,Not_E
TEST_53847,Not_E
TEST_53853,Not_E
TEST_53859,Not_E
TEST_53862,Not_E
TEST_53888,Not_E
TEST_53889,Not_E
TEST_53893,Not_E
TEST_53899,Not_E
TEST_53901,Not_E
TEST_53908,Not_E
TEST_53917,Not_E
TEST_53918,Not_E
TEST_53920,Not_E
TEST_53922,Not_E
TEST_53924,Not_E
TEST_53926,Not_E
TEST_53932,Not_E
TEST_53937,Not_E
TEST_53947,Not_E
TEST_53949,Not_E
TEST_53951,Not_E
TEST_53952,Not_E
TEST_53954,Not_E
TEST_53957,Not_E
TEST_53961,Not_E
TEST_53973,Not_E
TEST_53975,Not_E
TEST_53982,Not_E
TEST_53989,Not_E
TEST_53995,Not_E
TEST_53997,Not_E
TEST_54005,Not_E
TEST_54014,Not_E
TEST_54021,Not_E
TEST_54031,Not_E
TEST_54032,Not_E
TEST_54038,Not_E
TEST_54043,Not_E
TEST_54052,Not_E
TEST_54060,Not_E
TEST_54075,Not_E
TEST_54083,Not_E
TEST_54109,Not_E
TEST_54112,Not_E
TEST_54117,Not_E
TEST_54118,Not_E
TEST_54131,Not_E
TEST_54132,Not_E
TEST_54136,Not_E
TEST_54147,Not_E
TEST_54148,Not_E
TEST_54150,Not_E
TEST_54153,Not_E
TEST_54155,Not_E
TEST_54176,Not_E
TEST_54193,Not_E
TEST_54197,Not_E
TEST_54204,Not_E
TEST_54206,Not_E
TEST_54208,Not_E
TEST_54209,Not_E
TEST_54217,Not_E
TEST_54222,Not_E
TEST_54235,Not_E
TEST_54237,Not_E
TEST_54268,Not_E
TEST_54274,Not_E
TEST_54285,Not_E
TEST_54286,Not_E
TEST_54298,Not_E
TEST_54301,Not_E
TEST_54327,Not_E
TEST_54337,Not_E
TEST_54339,Not_E
TEST_54340,Not_E
TEST_54342,Not_E
TEST_54358,Not_E
TEST_54366,Not_E
TEST_54375,Not_E
TEST_54380,Not_E
TEST_54384,Not_E
TEST_54390,Not_E
TEST_54397,Not_E
TEST_54401,Not_E
TEST_54411,Not_E
TEST_54412,Not_E
TEST_54413,Not_E
TEST_54427,Not_E
TEST_54430,Not_E
TEST_54433,Not_E
TEST_54445,Not_E
TEST_54450,Not_E
TEST_54452,Not_E
TEST_54475,Not_E
TEST_54477,Not_E
TEST_54479,Not_E
TEST_54482,Not_E
TEST_54517,Not_E
TEST_54525,Not_E
TEST_54532,Not_E
TEST_54545,Not_E
TEST_54562,Not_E
TEST_54568,Not_E
TEST_54569,Not_E
TEST_54573,Not_E
TEST_54575,Not_E
TEST_54577,Not_E
TEST_54583,Not_E
TEST_54587,Not_E
TEST_54589,Not_E
TEST_54593,Not_E
TEST_54602,Not_E
TEST_54609,Not_E
TEST_54611,Not_E
TEST_54614,Not_E
TEST_54619,Not_E
TEST_54622,Not_E
TEST_54623,Not_E
TEST_54627,Not_E
TEST_54632,Not_E
TEST_54636,Not_E
TEST_54637,Not_E
TEST_54640,Not_E
TEST_54643,Not_E
TEST_54645,Not_E
TEST_54648,Not_E
TEST_54649,Not_E
TEST_54652,Not_E
TEST_54658,Not_E
TEST_54659,Not_E
TEST_54675,Not_E
TEST_54680,Not_E
TEST_54687,Not_E
TEST_54692,Not_E
TEST_54701,Not_E
TEST_54702,Not_E
TEST_54706,Not_E
TEST_54712,Not_E
TEST_54719,Not_E
TEST_54721,Not_E
TEST_54722,Not_E
TEST_54723,Not_E
TEST_54733,Not_E
TEST_54734,Not_E
TEST_54742,Not_E
TEST_54746,Not_E
TEST_54747,Not_E
TEST_54748,Not_E
TEST_54758,Not_E
TEST_54759,Not_E
TEST_54768,Not_E
TEST_54771,Not_E
TEST_54782,Not_E
TEST_54803,Not_E
TEST_54808,Not_E
TEST_54826,Not_E
TEST_54829,Not_E
TEST_54834,Not_E
TEST_54840,Not_E
TEST_54846,Not_E
TEST_54859,Not_E
TEST_54861,Not_E
TEST_54868,Not_E
TEST_54872,Not_E
TEST_54873,Not_E
TEST_54885,Not_E
TEST_54895,Not_E
TEST_54900,Not_E
TEST_54915,Not_E
TEST_54916,Not_E
TEST_54921,Not_E
TEST_54923,Not_E
TEST_54928,Not_E
TEST_54950,Not_E
TEST_54955,Not_E
TEST_54969,Not_E
TEST_54972,Not_E
TEST_54980,Not_E
TEST_54981,Not_E
TEST_55000,Not_E
TEST_55018,Not_E
TEST_55019,Not_E
TEST_55033,Not_E
TEST_55036,Not_E
TEST_55052,Not_E
TEST_55059,Not_E
TEST_55062,Not_E
TEST_55081,Not_E
TEST_55087,Not_E
TEST_55090,Not_E
TEST_55095,Not_E
TEST_55099,Not_E
TEST_55111,Not_E
TEST_55119,Not_E
TEST_55122,Not_E
TEST_55125,Not_E
TEST_55130,Not_E
TEST_55147,Not_E
TEST_55158,Not_E
TEST_55182,Not_E
TEST_55196,Not_E
TEST_55200,Not_E
TEST_55208,Not_E
TEST_55215,Not_E
TEST_55217,Not_E
TEST_55219,Not_E
TEST_55223,Not_E
TEST_55224,Not_E
TEST_55227,Not_E
TEST_55228,Not_E
TEST_55234,Not_E
TEST_55239,Not_E
TEST_55242,Not_E
TEST_55250,Not_E
TEST_55259,Not_E
TEST_55260,Not_E
TEST_55271,Not_E
TEST_55277,Not_E
TEST_55288,Not_E
TEST_55334,Not_E
TEST_55337,Not_E
TEST_55338,Not_E
TEST_55347,Not_E
TEST_55350,Not_E
TEST_55355,Not_E
TEST_55356,Not_E
TEST_55358,Not_E
TEST_55364,Not_E
TEST_55377,Not_E
TEST_55380,Not_E
TEST_55388,Not_E
TEST_55420,Not_E
TEST_55434,Not_E
TEST_55443,Not_E
TEST_55451,Not_E
TEST_55454,Not_E
TEST_55458,Not_E
TEST_55465,Not_E
TEST_55472,Not_E
TEST_55481,Not_E
TEST_55487,Not_E
TEST_55496,Not_E
TEST_55500,Not_E
TEST_55508,Not_E
TEST_55519,Not_E
TEST_55521,Not_E
TEST_55538,Not_E
TEST_55539,Not_E
TEST_55542,Not_E
TEST_55547,Not_E
TEST_55551,Not_E
TEST_55552,Not_E
TEST_55559,Not_E
TEST_55561,Not_E
TEST_55577,Not_E
TEST_55584,Not_E
TEST_55585,Not_E
TEST_55593,Not_E
TEST_55594,Not_E
TEST_55598,Not_E
TEST_55611,Not_E
TEST_55629,Not_E
TEST_55639,Not_E
TEST_55641,Not_E
TEST_55642,Not_E
TEST_55643,Not_E
TEST_55651,Not_E
TEST_55652,Not_E
TEST_55659,Not_E
TEST_55663,Not_E
TEST_55671,Not_E
TEST_55682,Not_E
TEST_55683,Not_E
TEST_55697,Not_E
TEST_55711,Not_E
TEST_55718,Not_E
TEST_55723,Not_E
TEST_55726,Not_E
TEST_55727,Not_E
TEST_55734,Not_E
TEST_55735,Not_E
TEST_55736,Not_E
TEST_55741,Not_E
TEST_55757,Not_E
TEST_55762,Not_E
TEST_55783,Not_E
TEST_55788,Not_E
TEST_55794,Not_E
TEST_55795,Not_E
TEST_55800,Not_E
TEST_55802,Not_E
TEST_55812,Not_E
TEST_55830,Not_E
TEST_55841,Not_E
TEST_55842,Not_E
TEST_55844,Not_E
TEST_55847,Not_E
TEST_55852,Not_E
TEST_55861,Not_E
TEST_55866,Not_E
TEST_55867,Not_E
TEST_55871,Not_E
TEST_55872,Not_E
TEST_55877,Not_E
TEST_55910,Not_E
TEST_55914,Not_E
TEST_55917,Not_E
TEST_55920,Not_E
TEST_55921,Not_E
TEST_55925,Not_E
TEST_55927,Not_E
TEST_55935,Not_E
TEST_55937,Not_E
TEST_55942,Not_E
TEST_55952,Not_E
TEST_55960,Not_E
TEST_55977,Not_E
TEST_55988,Not_E
TEST_55991,Not_E
TEST_55996,Not_E
TEST_56005,Not_E
TEST_56006,Not_E
TEST_56010,Not_E
TEST_56011,Not_E
TEST_56020,Not_E
TEST_56024,Not_E
TEST_56029,Not_E
TEST_56040,Not_E
TEST_56049,Not_E
TEST_56068,Not_E
TEST_56070,Not_E
TEST_56072,Not_E
TEST_56081,Not_E
TEST_56086,Not_E
TEST_56088,Not_E
TEST_56096,Not_E
TEST_56115,Not_E
TEST_56121,Not_E
TEST_56129,Not_E
TEST_56140,Not_E
TEST_56144,Not_E
TEST_56145,Not_E
TEST_56146,Not_E
TEST_56155,Not_E
TEST_56156,Not_E
TEST_56159,Not_E
TEST_56163,Not_E
TEST_56170,Not_E
TEST_56173,Not_E
TEST_56178,Not_E
TEST_56179,Not_E
TEST_56181,Not_E
TEST_56193,Not_E
TEST_56202,Not_E
TEST_56207,Not_E
TEST_56209,Not_E
TEST_56215,Not_E
TEST_56221,Not_E
TEST_56223,Not_E
TEST_56229,Not_E
TEST_56233,Not_E
TEST_56234,Not_E
TEST_56237,Not_E
TEST_56239,Not_E
TEST_56246,Not_E
TEST_56260,Not_E
TEST_56265,Not_E
TEST_56266,Not_E
TEST_56268,Not_E
TEST_56273,Not_E
TEST_56275,Not_E
TEST_56287,Not_E
TEST_56291,Not_E
TEST_56295,Not_E
TEST_56301,Not_E
TEST_56304,Not_E
TEST_56307,Not_E
TEST_56324,Not_E
TEST_56326,Not_E
TEST_56333,Not_E
TEST_56340,Not_E
TEST_56343,Not_E
TEST_56347,Not_E
TEST_56374,Not_E
TEST_56382,Not_E
TEST_56404,Not_E
TEST_56406,Not_E
TEST_56423,Not_E
TEST_56424,Not_E
TEST_56434,Not_E
TEST_56439,Not_E
TEST_56444,Not_E
TEST_56445,Not_E
TEST_56447,Not_E
TEST_56462,Not_E
TEST_56469,Not_E
TEST_56473,Not_E
TEST_56477,Not_E
TEST_56490,Not_E
TEST_56491,Not_E
TEST_56502,Not_E
TEST_56504,Not_E
TEST_56505,Not_E
TEST_56506,Not_E
TEST_56511,Not_E
TEST_56514,Not_E
TEST_56519,Not_E
TEST_56531,Not_E
TEST_56532,Not_E
TEST_56550,Not_E
TEST_56587,Not_E
TEST_56595,Not_E
TEST_56597,Not_E
TEST_56602,Not_E
TEST_56603,Not_E
TEST_56605,Not_E
TEST_56609,Not_E
TEST_56617,Not_E
TEST_56620,Not_E
TEST_56622,Not_E
TEST_56633,Not_E
TEST_56636,Not_E
TEST_56656,Not_E
TEST_56657,Not_E
TEST_56663,Not_E
TEST_56674,Not_E
TEST_56675,Not_E
TEST_56677,Not_E
TEST_56681,Not_E
TEST_56690,Not_E
TEST_56699,Not_E
TEST_56701,Not_E
TEST_56703,Not_E
TEST_56704,Not_E
TEST_56706,Not_E
TEST_56718,Not_E
TEST_56720,Not_E
TEST_56734,Not_E
TEST_56735,Not_E
TEST_56741,Not_E
TEST_56751,Not_E
TEST_56755,Not_E
TEST_56763,Not_E
TEST_56766,Not_E
TEST_56780,Not_E
TEST_56795,Not_E
TEST_56814,Not_E
TEST_56819,Not_E
TEST_56824,Not_E
TEST_56830,Not_E
TEST_56835,Not_E
TEST_56837,Not_E
TEST_56838,Not_E
TEST_56840,Not_E
TEST_56846,Not_E
TEST_56848,Not_E
TEST_56855,Not_E
TEST_56856,Not_E
TEST_56862,Not_E
TEST_56870,Not_E
TEST_56875,Not_E
TEST_56880,Not_E
TEST_56888,Not_E
TEST_56895,Not_E
TEST_56898,Not_E
TEST_56900,Not_E
TEST_56902,Not_E
TEST_56916,Not_E
TEST_56924,Not_E
TEST_56941,Not_E
TEST_56943,Not_E
TEST_56947,Not_E
TEST_56948,Not_E
TEST_56954,Not_E
TEST_56963,Not_E
TEST_56964,Not_E
TEST_56977,Not_E
TEST_56978,Not_E
TEST_56979,Not_E
TEST_56989,Not_E
TEST_56996,Not_E
TEST_57002,Not_E
TEST_57004,Not_E
TEST_57010,Not_E
TEST_57023,Not_E
TEST_57033,Not_E
TEST_57034,Not_E
TEST_57035,Not_E
TEST_57044,Not_E
TEST_57054,Not_E
TEST_57061,Not_E
TEST_57067,Not_E
TEST_57069,Not_E
TEST_57081,Not_E
TEST_57085,Not_E
TEST_57091,Not_E
TEST_57092,Not_E
TEST_57097,Not_E
TEST_57098,Not_E
TEST_57100,Not_E
TEST_57120,Not_E
TEST_57131,Not_E
TEST_57136,Not_E
TEST_57152,Not_E
TEST_57154,Not_E
TEST_57160,Not_E
TEST_57175,Not_E
TEST_57180,Not_E
TEST_57181,Not_E
TEST_57192,Not_E
TEST_57200,Not_E
TEST_57210,Not_E
TEST_57216,Not_E
TEST_57217,Not_E
TEST_57242,Not_E
TEST_57245,Not_E
TEST_57248,Not_E
TEST_57254,Not_E
TEST_57255,Not_E
TEST_57271,Not_E
TEST_57274,Not_E
TEST_57275,Not_E
TEST_57276,Not_E
TEST_57283,Not_E
TEST_57290,Not_E
TEST_57292,Not_E
TEST_57297,Not_E
TEST_57303,Not_E
TEST_57304,Not_E
TEST_57312,Not_E
TEST_57324,Not_E
TEST_57328,Not_E
TEST_57329,Not_E
TEST_57330,Not_E
TEST_57340,Not_E
TEST_57349,Not_E
TEST_57373,Not_E
TEST_57381,Not_E
TEST_57386,Not_E
TEST_57394,Not_E
TEST_57403,Not_E
TEST_57409,Not_E
TEST_57422,Not_E
TEST_57426,Not_E
TEST_57429,Not_E
TEST_57431,Not_E
TEST_57446,Not_E
TEST_57454,Not_E
TEST_57460,Not_E
TEST_57469,Not_E
TEST_57473,Not_E
TEST_57480,Not_E
TEST_57492,Not_E
TEST_57514,Not_E
TEST_57516,Not_E
TEST_57517,Not_E
TEST_57519,Not_E
TEST_57536,Not_E
TEST_57538,Not_E
TEST_57543,Not_E
TEST_57549,Not_E
TEST_57561,Not_E
TEST_57562,Not_E
TEST_57568,Not_E
TEST_57572,Not_E
TEST_57575,Not_E
TEST_57577,Not_E
TEST_57589,Not_E
TEST_57592,Not_E
TEST_57594,Not_E
TEST_57602,Not_E
TEST_57605,Not_E
TEST_57611,Not_E
TEST_57612,Not_E
TEST_57627,Not_E
TEST_57631,Not_E
TEST_57645,Not_E
TEST_57647,Not_E
TEST_57657,Not_E
TEST_57658,Not_E
TEST_57659,Not_E
TEST_57673,Not_E
TEST_57679,Not_E
TEST_57688,Not_E
TEST_57690,Not_E
TEST_57695,Not_E
TEST_57699,Not_E
TEST_57700,Not_E
TEST_57701,Not_E
TEST_57713,Not_E
TEST_57722,Not_E
TEST_57729,Not_E
TEST_57733,Not_E
TEST_57739,Not_E
TEST_57753,Not_E
TEST_57757,Not_E
TEST_57766,Not_E
TEST_57767,Not_E
TEST_57774,Not_E
TEST_57782,Not_E
TEST_57789,Not_E
TEST_57793,Not_E
TEST_57795,Not_E
TEST_57799,Not_E
TEST_57804,Not_E
TEST_57806,Not_E
TEST_57816,Not_E
TEST_57817,Not_E
TEST_57824,Not_E
TEST_57825,Not_E
TEST_57835,Not_E
TEST_57836,Not_E
TEST_57845,Not_E
TEST_57865,Not_E
TEST_57869,Not_E
TEST_57870,Not_E
TEST_57874,Not_E
TEST_57875,Not_E
TEST_57891,Not_E
TEST_57897,Not_E
TEST_57902,Not_E
TEST_57907,Not_E
TEST_57928,Not_E
TEST_57934,Not_E
TEST_57962,Not_E
TEST_57963,Not_E
TEST_57964,Not_E
TEST_57967,Not_E
TEST_57970,Not_E
TEST_57973,Not_E
TEST_57988,Not_E
TEST_57990,Not_E
TEST_58000,Not_E
TEST_58002,Not_E
TEST_58009,Not_E
TEST_58013,Not_E
TEST_58018,Not_E
TEST_58029,Not_E
TEST_58031,Not_E
TEST_58032,Not_E
TEST_58033,Not_E
TEST_58043,Not_E
TEST_58046,Not_E
TEST_58048,Not_E
TEST_58049,Not_E
TEST_58058,Not_E
TEST_58062,Not_E
TEST_58075,Not_E
TEST_58080,Not_E
TEST_58096,Not_E
TEST_58098,Not_E
TEST_58102,Not_E
TEST_58109,Not_E
TEST_58110,Not_E
TEST_58112,Not_E
TEST_58114,Not_E
TEST_58119,Not_E
TEST_58123,Not_E
TEST_58127,Not_E
TEST_58135,Not_E
TEST_58145,Not_E
TEST_58148,Not_E
TEST_58156,Not_E
TEST_58166,Not_E
TEST_58167,Not_E
TEST_58174,Not_E
TEST_58176,Not_E
TEST_58198,Not_E
TEST_58213,Not_E
TEST_58226,Not_E
TEST_58234,Not_E
TEST_58237,Not_E
TEST_58239,Not_E
TEST_58241,Not_E
TEST_58242,Not_E
TEST_58262,Not_E
TEST_58272,Not_E
TEST_58280,Not_E
TEST_58282,Not_E
TEST_58285,Not_E
TEST_58286,Not_E
TEST_58289,Not_E
TEST_58293,Not_E
TEST_58298,Not_E
TEST_58301,Not_E
TEST_58310,Not_E
TEST_58323,Not_E
TEST_58338,Not_E
TEST_58348,Not_E
TEST_58352,Not_E
TEST_58370,Not_E
TEST_58373,Not_E
TEST_58378,Not_E
TEST_58379,Not_E
TEST_58397,Not_E
TEST_58408,Not_E
TEST_58410,Not_E
TEST_58415,Not_E
TEST_58416,Not_E
TEST_58425,Not_E
TEST_58426,Not_E
TEST_58430,Not_E
TEST_58431,Not_E
TEST_58444,Not_E
TEST_58447,Not_E
TEST_58450,Not_E
TEST_58451,Not_E
TEST_58455,Not_E
TEST_58459,Not_E
TEST_58469,Not_E
TEST_58478,Not_E
TEST_58483,Not_E
TEST_58486,Not_E
TEST_58496,Not_E
TEST_58497,Not_E
TEST_58514,Not_E
TEST_58529,Not_E
TEST_58530,Not_E
TEST_58537,Not_E
TEST_58542,Not_E
TEST_58545,Not_E
TEST_58546,Not_E
TEST_58564,Not_E
TEST_58568,Not_E
TEST_58580,Not_E
TEST_58595,Not_E
TEST_58598,Not_E
TEST_58599,Not_E
TEST_58602,Not_E
TEST_58605,Not_E
TEST_58607,Not_E
TEST_58609,Not_E
TEST_58617,Not_E
TEST_58623,Not_E
TEST_58638,Not_E
TEST_58642,Not_E
TEST_58648,Not_E
TEST_58649,Not_E
TEST_58650,Not_E
TEST_58660,Not_E
TEST_58664,Not_E
TEST_58667,Not_E
TEST_58674,Not_E
TEST_58675,Not_E
TEST_58682,Not_E
TEST_58696,Not_E
TEST_58703,Not_E
TEST_58704,Not_E
TEST_58716,Not_E
TEST_58731,Not_E
TEST_58734,Not_E
TEST_58735,Not_E
TEST_58746,Not_E
TEST_58750,Not_E
TEST_58753,Not_E
TEST_58757,Not_E
TEST_58772,Not_E
TEST_58776,Not_E
TEST_58783,Not_E
TEST_58790,Not_E
TEST_58807,Not_E
TEST_58811,Not_E
TEST_58815,Not_E
TEST_58817,Not_E
TEST_58818,Not_E
TEST_58820,Not_E
TEST_58824,Not_E
TEST_58831,Not_E
TEST_58838,Not_E
TEST_58855,Not_E
TEST_58858,Not_E
TEST_58860,Not_E
TEST_58865,Not_E
TEST_58867,Not_E
TEST_58868,Not_E
TEST_58874,Not_E
TEST_58884,Not_E
TEST_58890,Not_E
TEST_58905,Not_E
TEST_58908,Not_E
TEST_58909,Not_E
TEST_58911,Not_E
TEST_58918,Not_E
TEST_58920,Not_E
TEST_58924,Not_E
TEST_58943,Not_E
TEST_58944,Not_E
TEST_58953,Not_E
TEST_58954,Not_E
TEST_58957,Not_E
TEST_58960,Not_E
TEST_58966,Not_E
TEST_58982,Not_E
TEST_58989,Not_E
TEST_58990,Not_E
TEST_58993,Not_E
TEST_58994,Not_E
TEST_58995,Not_E
TEST_58997,Not_E
TEST_59002,Not_E
TEST_59011,Not_E
TEST_59013,Not_E
TEST_59019,Not_E
TEST_59025,Not_E
TEST_59029,Not_E
TEST_59031,Not_E
TEST_59058,Not_E
TEST_59060,Not_E
TEST_59078,Not_E
TEST_59079,Not_E
TEST_59080,Not_E
TEST_59091,Not_E
TEST_59093,Not_E
TEST_59095,Not_E
TEST_59099,Not_E
TEST_59113,Not_E
TEST_59119,Not_E
TEST_59120,Not_E
TEST_59131,Not_E
TEST_59143,Not_E
TEST_59149,Not_E
TEST_59154,Not_E
TEST_59157,Not_E
TEST_59161,Not_E
TEST_59168,Not_E
TEST_59173,Not_E
TEST_59177,Not_E
TEST_59183,Not_E
TEST_59194,Not_E
TEST_59203,Not_E
TEST_59204,Not_E
TEST_59225,Not_E
TEST_59233,Not_E
TEST_59234,Not_E
TEST_59239,Not_E
TEST_59240,Not_E
TEST_59243,Not_E
TEST_59245,Not_E
TEST_59246,Not_E
TEST_59248,Not_E
TEST_59250,Not_E
TEST_59267,Not_E
TEST_59281,Not_E
TEST_59285,Not_E
TEST_59286,Not_E
TEST_59288,Not_E
TEST_59297,Not_E
TEST_59300,Not_E
TEST_59301,Not_E
TEST_59304,Not_E
TEST_59312,Not_E
TEST_59342,Not_E
TEST_59346,Not_E
TEST_59347,Not_E
TEST_59351,Not_E
TEST_59356,Not_E
TEST_59375,Not_E
TEST_59393,Not_E
TEST_59399,Not_E
TEST_59401,Not_E
TEST_59407,Not_E
TEST_59414,Not_E
TEST_59417,Not_E
TEST_59419,Not_E
TEST_59437,Not_E
TEST_59442,Not_E
TEST_59445,Not_E
TEST_59446,Not_E
TEST_59449,Not_E
TEST_59451,Not_E
TEST_59471,Not_E
TEST_59477,Not_E
TEST_59478,Not_E
TEST_59482,Not_E
TEST_59491,Not_E
TEST_59509,Not_E
TEST_59510,Not_E
TEST_59512,Not_E
TEST_59516,Not_E
TEST_59517,Not_E
TEST_59532,Not_E
TEST_59536,Not_E
TEST_59538,Not_E
TEST_59540,Not_E
TEST_59552,Not_E
TEST_59554,Not_E
TEST_59562,Not_E
TEST_59579,Not_E
TEST_59586,Not_E
TEST_59592,Not_E
TEST_59600,Not_E
TEST_59602,Not_E
TEST_59611,Not_E
TEST_59613,Not_E
TEST_59616,Not_E
TEST_59617,Not_E
TEST_59654,Not_E
TEST_59662,Not_E
TEST_59671,Not_E
TEST_59682,Not_E
TEST_59696,Not_E
TEST_59703,Not_E
TEST_59705,Not_E
TEST_59708,Not_E
TEST_59713,Not_E
TEST_59715,Not_E
TEST_59730,Not_E
TEST_59735,Not_E
TEST_59766,Not_E
TEST_59769,Not_E
TEST_59773,Not_E
TEST_59780,Not_E
TEST_59781,Not_E
TEST_59783,Not_E
TEST_59785,Not_E
TEST_59790,Not_E
TEST_59804,Not_E
TEST_59817,Not_E
TEST_59823,Not_E
TEST_59827,Not_E
TEST_59838,Not_E
TEST_59845,Not_E
TEST_59855,Not_E
TEST_59859,Not_E
TEST_59862,Not_E
TEST_59863,Not_E
TEST_59865,Not_E
TEST_59886,Not_E
TEST_59890,Not_E
TEST_59896,Not_E
TEST_59909,Not_E
TEST_59914,Not_E
TEST_59917,Not_E
TEST_59919,Not_E
TEST_59935,Not_E
TEST_59941,Not_E
TEST_59946,Not_E
TEST_59947,Not_E
TEST_59952,Not_E
TEST_59959,Not_E
TEST_59961,Not_E
TEST_59963,Not_E
TEST_59964,Not_E
TEST_59969,Not_E
TEST_59976,Not_E
TEST_59981,Not_E
TEST_59985,Not_E
TEST_59986,Not_E
TEST_59988,Not_E
TEST_59991,Not_E
TEST_59992,Not_E
TEST_59995,Not_E
TEST_60003,Not_E
TEST_60014,Not_E
TEST_60016,Not_E
TEST_60017,Not_E
TEST_60021,Not_E
TEST_60024,Not_E
TEST_60028,Not_E
TEST_60029,Not_E
TEST_60036,Not_E
TEST_60050,Not_E
TEST_60053,Not_E
TEST_60059,Not_E
TEST_60068,Not_E
TEST_60072,Not_E
TEST_60074,Not_E
TEST_60077,Not_E
TEST_60082,Not_E
TEST_60092,Not_E
TEST_60100,Not_E
TEST_60124,Not_E
TEST_60126,Not_E
TEST_60132,Not_E
TEST_60150,Not_E
TEST_60151,Not_E
TEST_60161,Not_E
TEST_60162,Not_E
TEST_60165,Not_E
TEST_60176,Not_E
TEST_60195,Not_E
TEST_60197,Not_E
TEST_60201,Not_E
TEST_60202,Not_E
TEST_60207,Not_E
TEST_60213,Not_E
TEST_60214,Not_E
TEST_60220,Not_E
TEST_60225,Not_E
TEST_60226,Not_E
TEST_60231,Not_E
TEST_60233,Not_E
TEST_60234,Not_E
TEST_60238,Not_E
TEST_60245,Not_E
TEST_60250,Not_E
TEST_60252,Not_E
TEST_60258,Not_E
TEST_60261,Not_E
TEST_60262,Not_E
TEST_60267,Not_E
TEST_60268,Not_E
TEST_60271,Not_E
TEST_60273,Not_E
TEST_60279,Not_E
TEST_60288,Not_E
TEST_60292,Not_E
TEST_60301,Not_E
TEST_60308,Not_E
TEST_60311,Not_E
TEST_60317,Not_E
TEST_60323,Not_E
TEST_60325,Not_E
TEST_60328,Not_E
TEST_60341,Not_E
TEST_60351,Not_E
TEST_60360,Not_E
TEST_60361,Not_E
TEST_60363,Not_E
TEST_60364,Not_E
TEST_60365,Not_E
TEST_60373,Not_E
TEST_60380,Not_E
TEST_60383,Not_E
TEST_60392,Not_E
TEST_60404,Not_E
TEST_60405,Not_E
TEST_60412,Not_E
TEST_60415,Not_E
TEST_60416,Not_E
TEST_60433,Not_E
TEST_60454,Not_E
TEST_60458,Not_E
TEST_60463,Not_E
TEST_60465,Not_E
TEST_60468,Not_E
TEST_60486,Not_E
TEST_60490,Not_E
TEST_60491,Not_E
TEST_60501,Not_E
TEST_60509,Not_E
TEST_60517,Not_E
TEST_60521,Not_E
TEST_60530,Not_E
TEST_60536,Not_E
TEST_60539,Not_E
TEST_60542,Not_E
TEST_60554,Not_E
TEST_60576,Not_E
TEST_60590,Not_E
TEST_60591,Not_E
TEST_60593,Not_E
TEST_60598,Not_E
TEST_60599,Not_E
TEST_60600,Not_E
TEST_60609,Not_E
TEST_60610,Not_E
TEST_60612,Not_E
TEST_60614,Not_E
TEST_60640,Not_E
TEST_60641,Not_E
TEST_60652,Not_E
TEST_60654,Not_E
TEST_60681,Not_E
TEST_60683,Not_E
TEST_60690,Not_E
TEST_60691,Not_E
TEST_60694,Not_E
TEST_60695,Not_E
TEST_60697,Not_E
TEST_60708,Not_E
TEST_60715,Not_E
TEST_60724,Not_E
TEST_60737,Not_E
TEST_60738,Not_E
TEST_60757,Not_E
TEST_60771,Not_E
TEST_60790,Not_E
TEST_60791,Not_E
TEST_60793,Not_E
TEST_60802,Not_E
TEST_60835,Not_E
TEST_60843,Not_E
TEST_60856,Not_E
TEST_60860,Not_E
TEST_60867,Not_E
TEST_60875,Not_E
TEST_60887,Not_E
TEST_60894,Not_E
TEST_60909,Not_E
TEST_60910,Not_E
TEST_60913,Not_E
TEST_60930,Not_E
TEST_60944,Not_E
TEST_60945,Not_E
TEST_60951,Not_E
TEST_60953,Not_E
TEST_60955,Not_E
TEST_60971,Not_E
TEST_60979,Not_E
TEST_60984,Not_E
TEST_60988,Not_E
TEST_60997,Not_E
TEST_60999,Not_E
TEST_61021,Not_E
TEST_61026,Not_E
TEST_61027,Not_E
TEST_61033,Not_E
TEST_61043,Not_E
TEST_61054,Not_E
TEST_61079,Not_E
TEST_61086,Not_E
TEST_61089,Not_E
TEST_61090,Not_E
TEST_61095,Not_E
TEST_61099,Not_E
TEST_61100,Not_E
TEST_61103,Not_E
TEST_61106,Not_E
TEST_61108,Not_E
TEST_61112,Not_E
TEST_61117,Not_E
TEST_61134,Not_E
TEST_61137,Not_E
TEST_61139,Not_E
TEST_61141,Not_E
TEST_61143,Not_E
TEST_61151,Not_E
TEST_61153,Not_E
TEST_61167,Not_E
TEST_61173,Not_E
TEST_61176,Not_E
TEST_61201,Not_E
TEST_61206,Not_E
TEST_61209,Not_E
TEST_61213,Not_E
TEST_61216,Not_E
TEST_61221,Not_E
TEST_61223,Not_E
TEST_61239,Not_E
TEST_61241,Not_E
TEST_61250,Not_E
TEST_61253,Not_E
TEST_61256,Not_E
TEST_61262,Not_E
TEST_61267,Not_E
TEST_61272,Not_E
TEST_61277,Not_E
TEST_61281,Not_E
TEST_61286,Not_E
TEST_61293,Not_E
TEST_61304,Not_E
TEST_61313,Not_E
TEST_61317,Not_E
TEST_61334,Not_E
TEST_61340,Not_E
TEST_61346,Not_E
TEST_61349,Not_E
TEST_61352,Not_E
TEST_61359,Not_E
TEST_61367,Not_E
TEST_61371,Not_E
TEST_61372,Not_E
TEST_61376,Not_E
TEST_61383,Not_E
TEST_61394,Not_E
TEST_61403,Not_E
TEST_61405,Not_E
TEST_61409,Not_E
TEST_61410,Not_E
TEST_61411,Not_E
TEST_61414,Not_E
TEST_61433,Not_E
TEST_61437,Not_E
TEST_61441,Not_E
TEST_61444,Not_E
TEST_61447,Not_E
TEST_61448,Not_E
TEST_61471,Not_E
TEST_61478,Not_E
TEST_61484,Not_E
TEST_61487,Not_E
TEST_61490,Not_E
TEST_61495,Not_E
TEST_61502,Not_E
TEST_61523,Not_E
TEST_61527,Not_E
TEST_61533,Not_E
TEST_61534,Not_E
TEST_61543,Not_E
TEST_61553,Not_E
TEST_61558,Not_E
TEST_61566,Not_E
TEST_61576,Not_E
TEST_61577,Not_E
TEST_61595,Not_E
TEST_61604,Not_E
TEST_61627,Not_E
TEST_61628,Not_E
TEST_61636,Not_E
TEST_61642,Not_E
TEST_61648,Not_E
TEST_61652,Not_E
TEST_61656,Not_E
TEST_61659,Not_E
TEST_61663,Not_E
TEST_61668,Not_E
TEST_61671,Not_E
TEST_61673,Not_E
TEST_61676,Not_E
TEST_61681,Not_E
TEST_61688,Not_E
TEST_61695,Not_E
TEST_61698,Not_E
TEST_61702,Not_E
TEST_61704,Not_E
TEST_61705,Not_E
TEST_61706,Not_E
TEST_61714,Not_E
TEST_61715,Not_E
TEST_61716,Not_E
TEST_61724,Not_E
TEST_61726,Not_E
TEST_61733,Not_E
TEST_61736,Not_E
TEST_61751,Not_E
TEST_61752,Not_E
TEST_61761,Not_E
TEST_61769,Not_E
TEST_61770,Not_E
TEST_61773,Not_E
TEST_61774,Not_E
TEST_61775,Not_E
TEST_61776,Not_E
TEST_61788,Not_E
TEST_61791,Not_E
TEST_61797,Not_E
TEST_61800,Not_E
TEST_61801,Not_E
TEST_61809,Not_E
TEST_61812,Not_E
TEST_61825,Not_E
TEST_61832,Not_E
TEST_61835,Not_E
TEST_61836,Not_E
TEST_61838,Not_E
TEST_61850,Not_E
TEST_61863,Not_E
TEST_61864,Not_E
TEST_61871,Not_E
TEST_61872,Not_E
TEST_61873,Not_E
TEST_61884,Not_E
TEST_61888,Not_E
TEST_61907,Not_E
TEST_61928,Not_E
TEST_61932,Not_E
TEST_61934,Not_E
TEST_61942,Not_E
TEST_61945,Not_E
TEST_61947,Not_E
TEST_61952,Not_E
TEST_61966,Not_E
TEST_61973,Not_E
TEST_61982,Not_E
TEST_62001,Not_E
TEST_62012,Not_E
TEST_62013,Not_E
TEST_62020,Not_E
TEST_62038,Not_E
TEST_62039,Not_E
TEST_62043,Not_E
TEST_62044,Not_E
TEST_62045,Not_E
TEST_62053,Not_E
TEST_62063,Not_E
TEST_62064,Not_E
TEST_62074,Not_E
TEST_62077,Not_E
TEST_62078,Not_E
TEST_62080,Not_E
TEST_62082,Not_E
TEST_62084,Not_E
TEST_62088,Not_E
TEST_62090,Not_E
TEST_62095,Not_E
TEST_62097,Not_E
TEST_62113,Not_E
TEST_62117,Not_E
TEST_62120,Not_E
TEST_62121,Not_E
TEST_62128,Not_E
TEST_62129,Not_E
TEST_62131,Not_E
TEST_62132,Not_E
TEST_62133,Not_E
TEST_62148,Not_E
TEST_62168,Not_E
TEST_62169,Not_E
TEST_62185,Not_E
TEST_62195,Not_E
TEST_62202,Not_E
TEST_62203,Not_E
TEST_62204,Not_E
TEST_62206,Not_E
TEST_62213,Not_E
TEST_62216,Not_E
TEST_62247,Not_E
TEST_62255,Not_E
TEST_62265,Not_E
TEST_62266,Not_E
TEST_62267,Not_E
TEST_62268,Not_E
TEST_62272,Not_E
TEST_62274,Not_E
TEST_62281,Not_E
TEST_62287,Not_E
TEST_62296,Not_E
TEST_62304,Not_E
TEST_62305,Not_E
TEST_62315,Not_E
TEST_62323,Not_E
TEST_62325,Not_E
TEST_62326,Not_E
TEST_62328,Not_E
TEST_62333,Not_E
TEST_62339,Not_E
TEST_62346,Not_E
TEST_62347,Not_E
TEST_62354,Not_E
TEST_62355,Not_E
TEST_62371,Not_E
TEST_62379,Not_E
TEST_62381,Not_E
TEST_62383,Not_E
TEST_62386,Not_E
TEST_62401,Not_E
TEST_62404,Not_E
TEST_62405,Not_E
TEST_62410,Not_E
TEST_62425,Not_E
TEST_62450,Not_E
TEST_62455,Not_E
TEST_62461,Not_E
TEST_62472,Not_E
TEST_62485,Not_E
TEST_62494,Not_E
TEST_62496,Not_E
TEST_62502,Not_E
TEST_62515,Not_E
TEST_62516,Not_E
TEST_62517,Not_E
TEST_62532,Not_E
TEST_62539,Not_E
TEST_62546,Not_E
TEST_62551,Not_E
TEST_62557,Not_E
TEST_62563,Not_E
TEST_62567,Not_E
TEST_62569,Not_E
TEST_62570,Not_E
TEST_62588,Not_E
TEST_62589,Not_E
TEST_62594,Not_E
TEST_62595,Not_E
TEST_62596,Not_E
TEST_62603,Not_E
TEST_62621,Not_E
TEST_62622,Not_E
TEST_62640,Not_E
TEST_62648,Not_E
TEST_62660,Not_E
TEST_62665,Not_E
TEST_62671,Not_E
TEST_62675,Not_E
TEST_62680,Not_E
TEST_62689,Not_E
TEST_62702,Not_E
TEST_62704,Not_E
TEST_62707,Not_E
TEST_62708,Not_E
TEST_62709,Not_E
TEST_62710,Not_E
TEST_62717,Not_E
TEST_62719,Not_E
TEST_62733,Not_E
TEST_62741,Not_E
TEST_62748,Not_E
TEST_62751,Not_E
TEST_62755,Not_E
TEST_62757,Not_E
TEST_62762,Not_E
TEST_62765,Not_E
TEST_62769,Not_E
TEST_62772,Not_E
TEST_62790,Not_E
TEST_62791,Not_E
TEST_62804,Not_E
TEST_62805,Not_E
TEST_62809,Not_E
TEST_62830,Not_E
TEST_62838,Not_E
TEST_62840,Not_E
TEST_62847,Not_E
TEST_62860,Not_E
TEST_62863,Not_E
TEST_62866,Not_E
TEST_62874,Not_E
TEST_62883,Not_E
TEST_62885,Not_E
TEST_62893,Not_E
TEST_62898,Not_E
TEST_62899,Not_E
TEST_62911,Not_E
TEST_62927,Not_E
TEST_62930,Not_E
TEST_62933,Not_E
TEST_62935,Not_E
TEST_62938,Not_E
TEST_62948,Not_E
TEST_62949,Not_E
TEST_62961,Not_E
TEST_62967,Not_E
TEST_62976,Not_E
TEST_62980,Not_E
TEST_62983,Not_E
TEST_62986,Not_E
TEST_62990,Not_E
TEST_62994,Not_E
TEST_63009,Not_E
TEST_63010,Not_E
TEST_63026,Not_E
TEST_63034,Not_E
TEST_63037,Not_E
TEST_63038,Not_E
TEST_63045,Not_E
TEST_63047,Not_E
TEST_63059,Not_E
TEST_63081,Not_E
TEST_63089,Not_E
TEST_63096,Not_E
TEST_63101,Not_E
TEST_63104,Not_E
TEST_63105,Not_E
TEST_63111,Not_E
TEST_63123,Not_E
TEST_63127,Not_E
TEST_63128,Not_E
TEST_63130,Not_E
TEST_63142,Not_E
TEST_63149,Not_E
TEST_63163,Not_E
TEST_63174,Not_E
TEST_63177,Not_E
TEST_63183,Not_E
TEST_63210,Not_E
TEST_63225,Not_E
TEST_63234,Not_E
TEST_63238,Not_E
TEST_63244,Not_E
TEST_63249,Not_E
TEST_63252,Not_E
TEST_63253,Not_E
TEST_63260,Not_E
TEST_63261,Not_E
TEST_63266,Not_E
TEST_63269,Not_E
TEST_63278,Not_E
TEST_63283,Not_E
TEST_63285,Not_E
TEST_63292,Not_E
TEST_63293,Not_E
TEST_63294,Not_E
TEST_63296,Not_E
TEST_63329,Not_E
TEST_63330,Not_E
TEST_63332,Not_E
TEST_63334,Not_E
TEST_63344,Not_E
TEST_63352,Not_E
TEST_63353,Not_E
TEST_63365,Not_E
TEST_63378,Not_E
TEST_63389,Not_E
TEST_63391,Not_E
TEST_63393,Not_E
TEST_63394,Not_E
TEST_63401,Not_E
TEST_63413,Not_E
TEST_63435,Not_E
TEST_63438,Not_E
TEST_63448,Not_E
TEST_63460,Not_E
TEST_63475,Not_E
TEST_63479,Not_E
TEST_63486,Not_E
TEST_63491,Not_E
TEST_63500,Not_E
TEST_63513,Not_E
TEST_63516,Not_E
TEST_63524,Not_E
TEST_63529,Not_E
TEST_63534,Not_E
TEST_63540,Not_E
TEST_63544,Not_E
TEST_63547,Not_E
TEST_63549,Not_E
TEST_63550,Not_E
TEST_63557,Not_E
TEST_63560,Not_E
TEST_63564,Not_E
TEST_63570,Not_E
TEST_63574,Not_E
TEST_63600,Not_E
TEST_63619,Not_E
TEST_63632,Not_E
TEST_63636,Not_E
TEST_63642,Not_E
TEST_63643,Not_E
TEST_63645,Not_E
TEST_63646,Not_E
TEST_63649,Not_E
TEST_63666,Not_E
TEST_63671,Not_E
TEST_63678,Not_E
TEST_63680,Not_E
TEST_63687,Not_E
TEST_63705,Not_E
TEST_63706,Not_E
TEST_63711,Not_E
TEST_63712,Not_E
TEST_63720,Not_E
TEST_63725,Not_E
TEST_63735,Not_E
TEST_63736,Not_E
TEST_63745,Not_E
TEST_63750,Not_E
TEST_63752,Not_E
TEST_63759,Not_E
TEST_63784,Not_E
TEST_63789,Not_E
TEST_63791,Not_E
TEST_63792,Not_E
TEST_63795,Not_E
TEST_63796,Not_E
TEST_63804,Not_E
TEST_63807,Not_E
TEST_63818,Not_E
TEST_63832,Not_E
TEST_63836,Not_E
TEST_63842,Not_E
TEST_63850,Not_E
TEST_63854,Not_E
TEST_63855,Not_E
TEST_63857,Not_E
TEST_63867,Not_E
TEST_63872,Not_E
TEST_63878,Not_E
TEST_63879,Not_E
TEST_63888,Not_E
TEST_63893,Not_E
TEST_63906,Not_E
TEST_63908,Not_E
TEST_63910,Not_E
TEST_63923,Not_E
TEST_63931,Not_E
TEST_63939,Not_E
TEST_63950,Not_E
TEST_63951,Not_E
TEST_63973,Not_E
TEST_63978,Not_E
TEST_63979,Not_E
TEST_63982,Not_E
TEST_63983,Not_E
TEST_63985,Not_E
TEST_63993,Not_E
TEST_63994,Not_E
TEST_64014,Not_E
TEST_64018,Not_E
TEST_64019,Not_E
TEST_64021,Not_E
TEST_64024,Not_E
TEST_64032,Not_E
TEST_64036,Not_E
TEST_64038,Not_E
TEST_64039,Not_E
TEST_64043,Not_E
TEST_64049,Not_E
TEST_64052,Not_E
TEST_64054,Not_E
TEST_64061,Not_E
TEST_64064,Not_E
TEST_64067,Not_E
TEST_64068,Not_E
TEST_64071,Not_E
TEST_64074,Not_E
TEST_64075,Not_E
TEST_64080,Not_E
TEST_64081,Not_E
TEST_64088,Not_E
TEST_64089,Not_E
TEST_64104,Not_E
TEST_64128,Not_E
TEST_64129,Not_E
TEST_64132,Not_E
TEST_64137,Not_E
TEST_64157,Not_E
TEST_64160,Not_E
TEST_64178,Not_E
TEST_64184,Not_E
TEST_64190,Not_E
TEST_64192,Not_E
TEST_64195,Not_E
TEST_64196,Not_E
TEST_64197,Not_E
TEST_64205,Not_E
TEST_64207,Not_E
TEST_64213,Not_E
TEST_64217,Not_E
TEST_64219,Not_E
TEST_64222,Not_E
TEST_64228,Not_E
TEST_64229,Not_E
TEST_64231,Not_E
TEST_64240,Not_E
TEST_64241,Not_E
TEST_64249,Not_E
TEST_64251,Not_E
TEST_64252,Not_E
TEST_64255,Not_E
TEST_64271,Not_E
TEST_64272,Not_E
TEST_64277,Not_E
TEST_64280,Not_E
TEST_64283,Not_E
TEST_64285,Not_E
TEST_64297,Not_E
TEST_64309,Not_E
TEST_64320,Not_E
TEST_64322,Not_E
TEST_64325,Not_E
TEST_64333,Not_E
TEST_64342,Not_E
TEST_64357,Not_E
TEST_64358,Not_E
TEST_64369,Not_E
TEST_64379,Not_E
TEST_64381,Not_E
TEST_64390,Not_E
TEST_64393,Not_E
TEST_64401,Not_E
TEST_64418,Not_E
TEST_64421,Not_E
TEST_64428,Not_E
TEST_64430,Not_E
TEST_64447,Not_E
TEST_64481,Not_E
TEST_64492,Not_E
TEST_64498,Not_E
TEST_64514,Not_E
TEST_64520,Not_E
TEST_64530,Not_E
TEST_64540,Not_E
TEST_64545,Not_E
TEST_64547,Not_E
TEST_64554,Not_E
TEST_64556,Not_E
TEST_64558,Not_E
TEST_64570,Not_E
TEST_64573,Not_E
TEST_64575,Not_E
TEST_64577,Not_E
TEST_64590,Not_E
TEST_64599,Not_E
TEST_64602,Not_E
TEST_64604,Not_E
TEST_64612,Not_E
TEST_64626,Not_E
TEST_64627,Not_E
TEST_64637,Not_E
TEST_64661,Not_E
TEST_64662,Not_E
TEST_64664,Not_E
TEST_64668,Not_E
TEST_64672,Not_E
TEST_64680,Not_E
TEST_64698,Not_E
TEST_64699,Not_E
TEST_64706,Not_E
TEST_64715,Not_E
TEST_64718,Not_E
TEST_64719,Not_E
TEST_64721,Not_E
TEST_64723,Not_E
TEST_64731,Not_E
TEST_64738,Not_E
TEST_64764,Not_E
TEST_64790,Not_E
TEST_64806,Not_E
TEST_64833,Not_E
TEST_64837,Not_E
TEST_64839,Not_E
TEST_64848,Not_E
TEST_64850,Not_E
TEST_64856,Not_E
TEST_64859,Not_E
TEST_64863,Not_E
TEST_64870,Not_E
TEST_64874,Not_E
TEST_64877,Not_E
TEST_64881,Not_E
TEST_64882,Not_E
TEST_64890,Not_E
TEST_64892,Not_E
TEST_64902,Not_E
TEST_64903,Not_E
TEST_64916,Not_E
TEST_64918,Not_E
TEST_64922,Not_E
TEST_64928,Not_E
TEST_64932,Not_E
TEST_64934,Not_E
TEST_64947,Not_E
TEST_64953,Not_E
TEST_64954,Not_E
TEST_64961,Not_E
TEST_64962,Not_E
TEST_64967,Not_E
TEST_64970,Not_E
TEST_64984,Not_E
TEST_64987,Not_E
TEST_64998,Not_E
TEST_65001,Not_E
TEST_65002,Not_E
TEST_65005,Not_E
TEST_65006,Not_E
TEST_65013,Not_E
TEST_65015,Not_E
TEST_65018,Not_E
TEST_65019,Not_E
TEST_65022,Not_E
TEST_65026,Not_E
TEST_65040,Not_E
TEST_65045,Not_E
TEST_65047,Not_E
TEST_65050,Not_E
TEST_65052,Not_E
TEST_65056,Not_E
TEST_65057,Not_E
TEST_65059,Not_E
TEST_65060,Not_E
TEST_65063,Not_E
TEST_65077,Not_E
TEST_65083,Not_E
TEST_65084,Not_E
TEST_65097,Not_E
TEST_65102,Not_E
TEST_65105,Not_E
TEST_65109,Not_E
TEST_65117,Not_E
TEST_65123,Not_E
TEST_65150,Not_E
TEST_65155,Not_E
TEST_65156,Not_E
TEST_65164,Not_E
TEST_65166,Not_E
TEST_65171,Not_E
TEST_65176,Not_E
TEST_65183,Not_E
TEST_65185,Not_E
TEST_65186,Not_E
TEST_65191,Not_E
TEST_65192,Not_E
TEST_65193,Not_E
TEST_65196,Not_E
TEST_65203,Not_E
TEST_65204,Not_E
TEST_65207,Not_E
TEST_65224,Not_E
TEST_65227,Not_E
TEST_65228,Not_E
TEST_65236,Not_E
TEST_65242,Not_E
TEST_65244,Not_E
TEST_65246,Not_E
TEST_65251,Not_E
TEST_65262,Not_E
TEST_65269,Not_E
TEST_65270,Not_E
TEST_65272,Not_E
TEST_65280,Not_E
TEST_65284,Not_E
TEST_65293,Not_E
TEST_65296,Not_E
TEST_65298,Not_E
TEST_65299,Not_E
TEST_65306,Not_E
TEST_65307,Not_E
TEST_65321,Not_E
TEST_65324,Not_E
TEST_65329,Not_E
TEST_65336,Not_E
TEST_65339,Not_E
TEST_65340,Not_E
TEST_65343,Not_E
TEST_65368,Not_E
TEST_65371,Not_E
TEST_65373,Not_E
TEST_65377,Not_E
TEST_65384,Not_E
TEST_65398,Not_E
TEST_65404,Not_E
TEST_65415,Not_E
TEST_65419,Not_E
TEST_65430,Not_E
TEST_65431,Not_E
TEST_65453,Not_E
TEST_65454,Not_E
TEST_65462,Not_E
TEST_65484,Not_E
TEST_65485,Not_E
TEST_65487,Not_E
TEST_65488,Not_E
TEST_65501,Not_E
TEST_65510,Not_E
TEST_65519,Not_E
TEST_65537,Not_E
TEST_65542,Not_E
TEST_65547,Not_E
TEST_65549,Not_E
TEST_65593,Not_E
TEST_65601,Not_E
TEST_65602,Not_E
TEST_65606,Not_E
TEST_65616,Not_E
TEST_65619,Not_E
TEST_65620,Not_E
TEST_65645,Not_E
TEST_65652,Not_E
TEST_65661,Not_E
TEST_65667,Not_E
TEST_65669,Not_E
TEST_65675,Not_E
TEST_65676,Not_E
TEST_65677,Not_E
TEST_65681,Not_E
TEST_65687,Not_E
TEST_65700,Not_E
TEST_65701,Not_E
TEST_65711,Not_E
TEST_65734,Not_E
TEST_65737,Not_E
TEST_65741,Not_E
TEST_65742,Not_E
TEST_65748,Not_E
TEST_65760,Not_E
TEST_65767,Not_E
TEST_65773,Not_E
TEST_65786,Not_E
TEST_65791,Not_E
TEST_65804,Not_E
TEST_65807,Not_E
TEST_65825,Not_E
TEST_65827,Not_E
TEST_65832,Not_E
TEST_65842,Not_E
TEST_65843,Not_E
TEST_65844,Not_E
TEST_65848,Not_E
TEST_65852,Not_E
TEST_65853,Not_E
TEST_65857,Not_E
TEST_65868,Not_E
TEST_65870,Not_E
TEST_65872,Not_E
TEST_65875,Not_E
TEST_65877,Not_E
TEST_65880,Not_E
TEST_65890,Not_E
TEST_65891,Not_E
TEST_65892,Not_E
TEST_65902,Not_E
TEST_65906,Not_E
TEST_65912,Not_E
TEST_65920,Not_E
TEST_65935,Not_E
TEST_65936,Not_E
TEST_65940,Not_E
TEST_65946,Not_E
TEST_65953,Not_E
TEST_65963,Not_E
TEST_65981,Not_E
TEST_65990,Not_E
TEST_66013,Not_E
TEST_66021,Not_E
TEST_66023,Not_E
TEST_66031,Not_E
TEST_66033,Not_E
TEST_66036,Not_E
TEST_66039,Not_E
TEST_66050,Not_E
TEST_66055,Not_E
TEST_66061,Not_E
TEST_66062,Not_E
TEST_66074,Not_E
TEST_66077,Not_E
TEST_66081,Not_E
TEST_66083,Not_E
TEST_66090,Not_E
TEST_66094,Not_E
TEST_66100,Not_E
TEST_66109,Not_E
TEST_66111,Not_E
TEST_66112,Not_E
TEST_66114,Not_E
TEST_66124,Not_E
TEST_66127,Not_E
TEST_66128,Not_E
TEST_66133,Not_E
TEST_66138,Not_E
TEST_66146,Not_E
TEST_66150,Not_E
TEST_66181,Not_E
TEST_66184,Not_E
TEST_66191,Not_E
TEST_66196,Not_E
TEST_66199,Not_E
TEST_66206,Not_E
TEST_66218,Not_E
TEST_66223,Not_E
TEST_66226,Not_E
TEST_66230,Not_E
TEST_66253,Not_E
TEST_66261,Not_E
TEST_66265,Not_E
TEST_66268,Not_E
TEST_66277,Not_E
TEST_66281,Not_E
TEST_66288,Not_E
TEST_66294,Not_E
TEST_66304,Not_E
TEST_66311,Not_E
TEST_66314,Not_E
TEST_66317,Not_E
TEST_66318,Not_E
TEST_66320,Not_E
TEST_66329,Not_E
TEST_66335,Not_E
TEST_66340,Not_E
TEST_66342,Not_E
TEST_66345,Not_E
TEST_66348,Not_E
TEST_66351,Not_E
TEST_66357,Not_E
TEST_66367,Not_E
TEST_66368,Not_E
TEST_66380,Not_E
TEST_66393,Not_E
TEST_66394,Not_E
TEST_66410,Not_E
TEST_66419,Not_E
TEST_66424,Not_E
TEST_66426,Not_E
TEST_66427,Not_E
TEST_66430,Not_E
TEST_66454,Not_E
TEST_66456,Not_E
TEST_66461,Not_E
TEST_66472,Not_E
TEST_66494,Not_E
TEST_66506,Not_E
TEST_66512,Not_E
TEST_66519,Not_E
TEST_66521,Not_E
TEST_66543,Not_E
TEST_66548,Not_E
TEST_66559,Not_E
TEST_66560,Not_E
TEST_66561,Not_E
TEST_66563,Not_E
TEST_66570,Not_E
TEST_66580,Not_E
TEST_66582,Not_E
TEST_66584,Not_E
TEST_66595,Not_E
TEST_66611,Not_E
TEST_66612,Not_E
TEST_66614,Not_E
TEST_66615,Not_E
TEST_66627,Not_E
TEST_66640,Not_E
TEST_66642,Not_E
TEST_66647,Not_E
TEST_66651,Not_E
TEST_66654,Not_E
TEST_66660,Not_E
TEST_66671,Not_E
TEST_66677,Not_E
TEST_66678,Not_E
TEST_66679,Not_E
TEST_66693,Not_E
TEST_66697,Not_E
TEST_66703,Not_E
TEST_66705,Not_E
TEST_66715,Not_E
TEST_66716,Not_E
TEST_66730,Not_E
TEST_66734,Not_E
TEST_66764,Not_E
TEST_66775,Not_E
TEST_66782,Not_E
TEST_66792,Not_E
TEST_66795,Not_E
TEST_66797,Not_E
TEST_66803,Not_E
TEST_66805,Not_E
TEST_66808,Not_E
TEST_66810,Not_E
TEST_66817,Not_E
TEST_66820,Not_E
TEST_66826,Not_E
TEST_66827,Not_E
TEST_66828,Not_E
TEST_66830,Not_E
TEST_66831,Not_E
TEST_66838,Not_E
TEST_66848,Not_E
TEST_66855,Not_E
TEST_66857,Not_E
TEST_66869,Not_E
TEST_66872,Not_E
TEST_66882,Not_E
TEST_66890,Not_E
TEST_66902,Not_E
TEST_66907,Not_E
TEST_66908,Not_E
TEST_66912,Not_E
TEST_66917,Not_E
TEST_66933,Not_E
TEST_66934,Not_E
TEST_66942,Not_E
TEST_66945,Not_E
TEST_66946,Not_E
TEST_66947,Not_E
TEST_66956,Not_E
TEST_66965,Not_E
TEST_66966,Not_E
TEST_66971,Not_E
TEST_66983,Not_E
TEST_66986,Not_E
TEST_66988,Not_E
TEST_66992,Not_E
TEST_66994,Not_E
TEST_67009,Not_E
TEST_67021,Not_E
TEST_67041,Not_E
TEST_67050,Not_E
TEST_67054,Not_E
TEST_67059,Not_E
TEST_67060,Not_E
TEST_67066,Not_E
TEST_67070,Not_E
TEST_67077,Not_E
TEST_67092,Not_E
TEST_67095,Not_E
TEST_67099,Not_E
TEST_67100,Not_E
TEST_67103,Not_E
TEST_67112,Not_E
TEST_67136,Not_E
TEST_67137,Not_E
TEST_67160,Not_E
TEST_67162,Not_E
TEST_67185,Not_E
TEST_67193,Not_E
TEST_67194,Not_E
TEST_67196,Not_E
TEST_67197,Not_E
TEST_67210,Not_E
TEST_67213,Not_E
TEST_67221,Not_E
TEST_67224,Not_E
TEST_67229,Not_E
TEST_67230,Not_E
TEST_67236,Not_E
TEST_67239,Not_E
TEST_67267,Not_E
TEST_67268,Not_E
TEST_67276,Not_E
TEST_67277,Not_E
TEST_67279,Not_E
TEST_67281,Not_E
TEST_67286,Not_E
TEST_67288,Not_E
TEST_67290,Not_E
TEST_67297,Not_E
TEST_67316,Not_E
TEST_67320,Not_E
TEST_67322,Not_E
TEST_67328,Not_E
TEST_67329,Not_E
TEST_67340,Not_E
TEST_67341,Not_E
TEST_67343,Not_E
TEST_67344,Not_E
TEST_67353,Not_E
TEST_67357,Not_E
TEST_67360,Not_E
TEST_67365,Not_E
TEST_67370,Not_E
TEST_67387,Not_E
TEST_67407,Not_E
TEST_67415,Not_E
TEST_67417,Not_E
TEST_67424,Not_E
TEST_67430,Not_E
TEST_67431,Not_E
TEST_67450,Not_E
TEST_67457,Not_E
TEST_67458,Not_E
TEST_67464,Not_E
TEST_67473,Not_E
TEST_67484,Not_E
TEST_67492,Not_E
TEST_67509,Not_E
TEST_67515,Not_E
TEST_67527,Not_E
TEST_67528,Not_E
TEST_67532,Not_E
TEST_67538,Not_E
TEST_67539,Not_E
TEST_67546,Not_E
TEST_67551,Not_E
TEST_67555,Not_E
TEST_67564,Not_E
TEST_67569,Not_E
TEST_67584,Not_E
TEST_67588,Not_E
TEST_67591,Not_E
TEST_67598,Not_E
TEST_67606,Not_E
TEST_67609,Not_E
TEST_67614,Not_E
TEST_67621,Not_E
TEST_67625,Not_E
TEST_67637,Not_E
TEST_67646,Not_E
TEST_67651,Not_E
TEST_67653,Not_E
TEST_67657,Not_E
TEST_67665,Not_E
TEST_67669,Not_E
TEST_67677,Not_E
TEST_67680,Not_E
TEST_67699,Not_E
TEST_67706,Not_E
TEST_67708,Not_E
TEST_67711,Not_E
TEST_67712,Not_E
TEST_67716,Not_E
TEST_67717,Not_E
TEST_67724,Not_E
TEST_67731,Not_E
TEST_67735,Not_E
TEST_67747,Not_E
TEST_67755,Not_E
TEST_67769,Not_E
TEST_67782,Not_E
TEST_67789,Not_E
TEST_67799,Not_E
TEST_67804,Not_E
TEST_67810,Not_E
TEST_67814,Not_E
TEST_67820,Not_E
TEST_67821,Not_E
TEST_67831,Not_E
TEST_67833,Not_E
TEST_67838,Not_E
TEST_67863,Not_E
TEST_67865,Not_E
TEST_67866,Not_E
TEST_67872,Not_E
TEST_67874,Not_E
TEST_67878,Not_E
TEST_67883,Not_E
TEST_67895,Not_E
TEST_67898,Not_E
TEST_67906,Not_E
TEST_67911,Not_E
TEST_67917,Not_E
TEST_67938,Not_E
TEST_67945,Not_E
TEST_67955,Not_E
TEST_67957,Not_E
TEST_67963,Not_E
TEST_67965,Not_E
TEST_67966,Not_E
TEST_67968,Not_E
TEST_67970,Not_E
TEST_67977,Not_E
TEST_67984,Not_E
TEST_67986,Not_E
TEST_67999,Not_E
TEST_68001,Not_E
TEST_68002,Not_E
TEST_68014,Not_E
TEST_68016,Not_E
TEST_68020,Not_E
TEST_68022,Not_E
TEST_68032,Not_E
TEST_68038,Not_E
TEST_68047,Not_E
TEST_68050,Not_E
TEST_68051,Not_E
TEST_68059,Not_E
TEST_68064,Not_E
TEST_68066,Not_E
TEST_68068,Not_E
TEST_68071,Not_E
TEST_68072,Not_E
TEST_68077,Not_E
TEST_68081,Not_E
TEST_68098,Not_E
TEST_68101,Not_E
TEST_68104,Not_E
TEST_68106,Not_E
TEST_68121,Not_E
TEST_68149,Not_E
TEST_68152,Not_E
TEST_68154,Not_E
TEST_68168,Not_E
TEST_68170,Not_E
TEST_68174,Not_E
TEST_68175,Not_E
TEST_68178,Not_E
TEST_68196,Not_E
TEST_68197,Not_E
TEST_68199,Not_E
TEST_68214,Not_E
TEST_68218,Not_E
TEST_68219,Not_E
TEST_68222,Not_E
TEST_68224,Not_E
TEST_68230,Not_E
TEST_68244,Not_E
TEST_68245,Not_E
TEST_68259,Not_E
TEST_68268,Not_E
TEST_68271,Not_E
TEST_68272,Not_E
TEST_68282,Not_E
TEST_68293,Not_E
TEST_68306,Not_E
TEST_68309,Not_E
TEST_68313,Not_E
TEST_68328,Not_E
TEST_68335,Not_E
TEST_68342,Not_E
TEST_68346,Not_E
TEST_68349,Not_E
TEST_68354,Not_E
TEST_68362,Not_E
TEST_68367,Not_E
TEST_68371,Not_E
TEST_68378,Not_E
TEST_68379,Not_E
TEST_68380,Not_E
TEST_68383,Not_E
TEST_68385,Not_E
TEST_68392,Not_E
TEST_68393,Not_E
TEST_68409,Not_E
TEST_68427,Not_E
TEST_68434,Not_E
TEST_68466,Not_E
TEST_68473,Not_E
TEST_68483,Not_E
TEST_68491,Not_E
TEST_68494,Not_E
TEST_68496,Not_E
TEST_68497,Not_E
TEST_68499,Not_E
TEST_68500,Not_E
TEST_68503,Not_E
TEST_68504,Not_E
TEST_68514,Not_E
TEST_68515,Not_E
TEST_68525,Not_E
TEST_68526,Not_E
TEST_68530,Not_E
TEST_68539,Not_E
TEST_68540,Not_E
TEST_68542,Not_E
TEST_68543,Not_E
TEST_68552,Not_E
TEST_68558,Not_E
TEST_68561,Not_E
TEST_68564,Not_E
TEST_68579,Not_E
TEST_68589,Not_E
TEST_68590,Not_E
TEST_68598,Not_E
TEST_68602,Not_E
TEST_68612,Not_E
TEST_68614,Not_E
TEST_68627,Not_E
TEST_68636,Not_E
TEST_68637,Not_E
TEST_68647,Not_E
TEST_68663,Not_E
TEST_68670,Not_E
TEST_68672,Not_E
TEST_68674,Not_E
TEST_68676,Not_E
TEST_68685,Not_E
TEST_68693,Not_E
TEST_68697,Not_E
TEST_68699,Not_E
TEST_68704,Not_E
TEST_68713,Not_E
TEST_68716,Not_E
TEST_68720,Not_E
TEST_68730,Not_E
TEST_68740,Not_E
TEST_68744,Not_E
TEST_68762,Not_E
TEST_68764,Not_E
TEST_68768,Not_E
TEST_68771,Not_E
TEST_68775,Not_E
TEST_68780,Not_E
TEST_68784,Not_E
TEST_68793,Not_E
TEST_68794,Not_E
TEST_68797,Not_E
TEST_68816,Not_E
TEST_68818,Not_E
TEST_68823,Not_E
TEST_68829,Not_E
TEST_68838,Not_E
TEST_68848,Not_E
TEST_68868,Not_E
TEST_68877,Not_E
TEST_68880,Not_E
TEST_68886,Not_E
TEST_68892,Not_E
TEST_68894,Not_E
TEST_68897,Not_E
TEST_68906,Not_E
TEST_68913,Not_E
TEST_68927,Not_E
TEST_68929,Not_E
TEST_68953,Not_E
TEST_68955,Not_E
TEST_68969,Not_E
TEST_68973,Not_E
TEST_68974,Not_E
TEST_68979,Not_E
TEST_68986,Not_E
TEST_68988,Not_E
TEST_68990,Not_E
TEST_69008,Not_E
TEST_69017,Not_E
TEST_69019,Not_E
TEST_69029,Not_E
TEST_69034,Not_E
TEST_69036,Not_E
TEST_69041,Not_E
TEST_69044,Not_E
TEST_69049,Not_E
TEST_69058,Not_E
TEST_69072,Not_E
TEST_69073,Not_E
TEST_69078,Not_E
TEST_69082,Not_E
TEST_69096,Not_E
TEST_69100,Not_E
TEST_69103,Not_E
TEST_69104,Not_E
TEST_69106,Not_E
TEST_69107,Not_E
TEST_69110,Not_E
TEST_69120,Not_E
TEST_69123,Not_E
TEST_69131,Not_E
TEST_69140,Not_E
TEST_69150,Not_E
TEST_69164,Not_E
TEST_69167,Not_E
TEST_69172,Not_E
TEST_69186,Not_E
TEST_69193,Not_E
TEST_69200,Not_E
TEST_69205,Not_E
TEST_69210,Not_E
TEST_69213,Not_E
TEST_69224,Not_E
TEST_69231,Not_E
TEST_69235,Not_E
TEST_69266,Not_E
TEST_69267,Not_E
TEST_69275,Not_E
TEST_69296,Not_E
TEST_69300,Not_E
TEST_69304,Not_E
TEST_69306,Not_E
TEST_69310,Not_E
TEST_69315,Not_E
TEST_69320,Not_E
TEST_69329,Not_E
TEST_69342,Not_E
TEST_69357,Not_E
TEST_69363,Not_E
TEST_69364,Not_E
TEST_69365,Not_E
TEST_69375,Not_E
TEST_69385,Not_E
TEST_69389,Not_E
TEST_69392,Not_E
TEST_69406,Not_E
TEST_69407,Not_E
TEST_69412,Not_E
TEST_69416,Not_E
TEST_69429,Not_E
TEST_69435,Not_E
TEST_69442,Not_E
TEST_69450,Not_E
TEST_69453,Not_E
TEST_69459,Not_E
TEST_69462,Not_E
TEST_69470,Not_E
TEST_69477,Not_E
TEST_69489,Not_E
TEST_69491,Not_E
TEST_69507,Not_E
TEST_69514,Not_E
TEST_69539,Not_E
TEST_69543,Not_E
TEST_69552,Not_E
TEST_69557,Not_E
TEST_69561,Not_E
TEST_69563,Not_E
TEST_69565,Not_E
TEST_69579,Not_E
TEST_69595,Not_E
TEST_69596,Not_E
TEST_69597,Not_E
TEST_69608,Not_E
TEST_69614,Not_E
TEST_69621,Not_E
TEST_69623,Not_E
TEST_69628,Not_E
TEST_69634,Not_E
TEST_69635,Not_E
TEST_69649,Not_E
TEST_69665,Not_E
TEST_69680,Not_E
TEST_69691,Not_E
TEST_69695,Not_E
TEST_69700,Not_E
TEST_69702,Not_E
TEST_69708,Not_E
TEST_69709,Not_E
TEST_69711,Not_E
TEST_69719,Not_E
TEST_69722,Not_E
TEST_69741,Not_E
TEST_69745,Not_E
TEST_69748,Not_E
TEST_69750,Not_E
TEST_69757,Not_E
TEST_69765,Not_E
TEST_69767,Not_E
TEST_69769,Not_E
TEST_69773,Not_E
TEST_69786,Not_E
TEST_69801,Not_E
TEST_69808,Not_E
TEST_69824,Not_E
TEST_69835,Not_E
TEST_69839,Not_E
TEST_69848,Not_E
TEST_69849,Not_E
TEST_69855,Not_E
TEST_69870,Not_E
TEST_69879,Not_E
TEST_69880,Not_E
TEST_69881,Not_E
TEST_69895,Not_E
TEST_69896,Not_E
TEST_69897,Not_E
TEST_69909,Not_E
TEST_69915,Not_E
TEST_69921,Not_E
TEST_69939,Not_E
TEST_69948,Not_E
TEST_69951,Not_E
TEST_69960,Not_E
TEST_69968,Not_E
TEST_69970,Not_E
TEST_69978,Not_E
TEST_69981,Not_E
TEST_69991,Not_E
TEST_69994,Not_E
TEST_70012,Not_E
TEST_70031,Not_E
TEST_70042,Not_E
TEST_70053,Not_E
TEST_70064,Not_E
TEST_70070,Not_E
TEST_70072,Not_E
TEST_70086,Not_E
TEST_70091,Not_E
TEST_70105,Not_E
TEST_70109,Not_E
TEST_70118,Not_E
TEST_70119,Not_E
TEST_70121,Not_E
TEST_70128,Not_E
TEST_70132,Not_E
TEST_70141,Not_E
TEST_70149,Not_E
TEST_70152,Not_E
TEST_70156,Not_E
TEST_70160,Not_E
TEST_70166,Not_E
TEST_70168,Not_E
TEST_70171,Not_E
TEST_70177,Not_E
TEST_70192,Not_E
TEST_70195,Not_E
TEST_70206,Not_E
TEST_70213,Not_E
TEST_70214,Not_E
TEST_70232,Not_E
TEST_70233,Not_E
TEST_70238,Not_E
TEST_70239,Not_E
TEST_70243,Not_E
TEST_70246,Not_E
TEST_70253,Not_E
TEST_70255,Not_E
TEST_70259,Not_E
TEST_70264,Not_E
TEST_70266,Not_E
TEST_70271,Not_E
TEST_70272,Not_E
TEST_70279,Not_E
TEST_70283,Not_E
TEST_70287,Not_E
TEST_70299,Not_E
TEST_70304,Not_E
TEST_70305,Not_E
TEST_70331,Not_E
TEST_70335,Not_E
TEST_70339,Not_E
TEST_70342,Not_E
TEST_70344,Not_E
TEST_70347,Not_E
TEST_70348,Not_E
TEST_70354,Not_E
TEST_70356,Not_E
TEST_70358,Not_E
TEST_70363,Not_E
TEST_70365,Not_E
TEST_70371,Not_E
TEST_70373,Not_E
TEST_70381,Not_E
TEST_70382,Not_E
TEST_70385,Not_E
TEST_70388,Not_E
TEST_70389,Not_E
TEST_70390,Not_E
TEST_70396,Not_E
TEST_70399,Not_E
TEST_70413,Not_E
TEST_70419,Not_E
TEST_70439,Not_E
TEST_70444,Not_E
TEST_70445,Not_E
TEST_70456,Not_E
TEST_70474,Not_E
TEST_70478,Not_E
TEST_70483,Not_E
TEST_70490,Not_E
TEST_70504,Not_E
TEST_70509,Not_E
TEST_70517,Not_E
TEST_70519,Not_E
TEST_70527,Not_E
TEST_70539,Not_E
TEST_70540,Not_E
TEST_70548,Not_E
TEST_70552,Not_E
TEST_70554,Not_E
TEST_70560,Not_E
TEST_70566,Not_E
TEST_70568,Not_E
TEST_70571,Not_E
TEST_70584,Not_E
TEST_70587,Not_E
TEST_70593,Not_E
TEST_70599,Not_E
TEST_70602,Not_E
TEST_70608,Not_E
TEST_70629,Not_E
TEST_70648,Not_E
TEST_70649,Not_E
TEST_70654,Not_E
TEST_70665,Not_E
TEST_70675,Not_E
TEST_70677,Not_E
TEST_70685,Not_E
TEST_70694,Not_E
TEST_70710,Not_E
TEST_70716,Not_E
TEST_70723,Not_E
TEST_70724,Not_E
TEST_70734,Not_E
TEST_70738,Not_E
TEST_70741,Not_E
TEST_70747,Not_E
TEST_70748,Not_E
TEST_70754,Not_E
TEST_70762,Not_E
TEST_70766,Not_E
TEST_70769,Not_E
TEST_70772,Not_E
TEST_70782,Not_E
TEST_70783,Not_E
TEST_70787,Not_E
TEST_70788,Not_E
TEST_70800,Not_E
TEST_70801,Not_E
TEST_70810,Not_E
TEST_70812,Not_E
TEST_70813,Not_E
TEST_70818,Not_E
TEST_70834,Not_E
TEST_70839,Not_E
TEST_70844,Not_E
TEST_70847,Not_E
TEST_70853,Not_E
TEST_70864,Not_E
TEST_70877,Not_E
TEST_70883,Not_E
TEST_70884,Not_E
TEST_70889,Not_E
TEST_70892,Not_E
TEST_70906,Not_E
TEST_70909,Not_E
TEST_70912,Not_E
TEST_70914,Not_E
TEST_70922,Not_E
TEST_70928,Not_E
TEST_70930,Not_E
TEST_70931,Not_E
TEST_70932,Not_E
TEST_70944,Not_E
TEST_70955,Not_E
TEST_70971,Not_E
TEST_70973,Not_E
TEST_70976,Not_E
TEST_70983,Not_E
TEST_70984,Not_E
TEST_70985,Not_E
TEST_70989,Not_E
TEST_71003,Not_E
TEST_71007,Not_E
TEST_71011,Not_E
TEST_71016,Not_E
TEST_71017,Not_E
TEST_71018,Not_E
TEST_71020,Not_E
TEST_71031,Not_E
TEST_71047,Not_E
TEST_71048,Not_E
TEST_71055,Not_E
TEST_71056,Not_E
TEST_71058,Not_E
TEST_71071,Not_E
TEST_71076,Not_E
TEST_71081,Not_E
TEST_71084,Not_E
TEST_71086,Not_E
TEST_71087,Not_E
TEST_71101,Not_E
TEST_71102,Not_E
TEST_71107,Not_E
TEST_71108,Not_E
TEST_71113,Not_E
TEST_71116,Not_E
TEST_71129,Not_E
TEST_71144,Not_E
TEST_71151,Not_E
TEST_71155,Not_E
TEST_71165,Not_E
TEST_71171,Not_E
TEST_71176,Not_E
TEST_71182,Not_E
TEST_71186,Not_E
TEST_71189,Not_E
TEST_71191,Not_E
TEST_71197,Not_E
TEST_71199,Not_E
TEST_71200,Not_E
TEST_71203,Not_E
TEST_71212,Not_E
TEST_71214,Not_E
TEST_71225,Not_E
TEST_71246,Not_E
TEST_71248,Not_E
TEST_71251,Not_E
TEST_71254,Not_E
TEST_71261,Not_E
TEST_71265,Not_E
TEST_71271,Not_E
TEST_71284,Not_E
TEST_71290,Not_E
TEST_71299,Not_E
TEST_71300,Not_E
TEST_71306,Not_E
TEST_71320,Not_E
TEST_71326,Not_E
TEST_71327,Not_E
TEST_71330,Not_E
TEST_71335,Not_E
TEST_71344,Not_E
TEST_71351,Not_E
TEST_71357,Not_E
TEST_71358,Not_E
TEST_71362,Not_E
TEST_71365,Not_E
TEST_71371,Not_E
TEST_71383,Not_E
TEST_71396,Not_E
TEST_71410,Not_E
TEST_71411,Not_E
TEST_71412,Not_E
TEST_71414,Not_E
TEST_71435,Not_E
TEST_71457,Not_E
TEST_71461,Not_E
TEST_71465,Not_E
TEST_71476,Not_E
TEST_71477,Not_E
TEST_71486,Not_E
TEST_71491,Not_E
TEST_71492,Not_E
TEST_71495,Not_E
TEST_71496,Not_E
TEST_71499,Not_E
TEST_71505,Not_E
TEST_71509,Not_E
TEST_71518,Not_E
TEST_71524,Not_E
TEST_71529,Not_E
TEST_71537,Not_E
TEST_71544,Not_E
TEST_71553,Not_E
TEST_71564,Not_E
TEST_71578,Not_E
TEST_71581,Not_E
TEST_71583,Not_E
TEST_71584,Not_E
TEST_71598,Not_E
TEST_71601,Not_E
TEST_71604,Not_E
TEST_71612,Not_E
TEST_71615,Not_E
TEST_71622,Not_E
TEST_71635,Not_E
TEST_71649,Not_E
TEST_71652,Not_E
TEST_71654,Not_E
TEST_71659,Not_E
TEST_71670,Not_E
TEST_71676,Not_E
TEST_71678,Not_E
TEST_71680,Not_E
TEST_71691,Not_E
TEST_71702,Not_E
TEST_71706,Not_E
TEST_71708,Not_E
TEST_71713,Not_E
TEST_71716,Not_E
TEST_71720,Not_E
TEST_71724,Not_E
TEST_71726,Not_E
TEST_71739,Not_E
TEST_71741,Not_E
TEST_71742,Not_E
TEST_71743,Not_E
TEST_71747,Not_E
TEST_71748,Not_E
TEST_71753,Not_E
TEST_71759,Not_E
TEST_71762,Not_E
TEST_71770,Not_E
TEST_71773,Not_E
TEST_71775,Not_E
TEST_71781,Not_E
TEST_71791,Not_E
TEST_71792,Not_E
TEST_71794,Not_E
TEST_71799,Not_E
TEST_71805,Not_E
TEST_71816,Not_E
TEST_71830,Not_E
TEST_71834,Not_E
TEST_71846,Not_E
TEST_71864,Not_E
TEST_71867,Not_E
TEST_71868,Not_E
TEST_71871,Not_E
TEST_71899,Not_E
TEST_71909,Not_E
TEST_71911,Not_E
TEST_71918,Not_E
TEST_71923,Not_E
TEST_71930,Not_E
TEST_71932,Not_E
TEST_71934,Not_E
TEST_71935,Not_E
TEST_71937,Not_E
TEST_71938,Not_E
TEST_71942,Not_E
TEST_71943,Not_E
TEST_71946,Not_E
TEST_71948,Not_E
TEST_71953,Not_E
TEST_71956,Not_E
TEST_71966,Not_E
TEST_71973,Not_E
TEST_71984,Not_E
TEST_71990,Not_E
TEST_71991,Not_E
TEST_71996,Not_E
TEST_72000,Not_E
TEST_72013,Not_E
TEST_72024,Not_E
TEST_72035,Not_E
TEST_72037,Not_E
TEST_72043,Not_E
TEST_72046,Not_E
TEST_72047,Not_E
TEST_72051,Not_E
TEST_72052,Not_E
TEST_72057,Not_E
TEST_72062,Not_E
TEST_72065,Not_E
TEST_72082,Not_E
TEST_72086,Not_E
TEST_72095,Not_E
TEST_72096,Not_E
TEST_72099,Not_E
TEST_72108,Not_E
TEST_72109,Not_E
TEST_72111,Not_E
TEST_72112,Not_E
TEST_72113,Not_E
TEST_72122,Not_E
TEST_72127,Not_E
TEST_72135,Not_E
TEST_72141,Not_E
TEST_72144,Not_E
TEST_72148,Not_E
TEST_72149,Not_E
TEST_72152,Not_E
TEST_72159,Not_E
TEST_72160,Not_E
TEST_72164,Not_E
TEST_72165,Not_E
TEST_72172,Not_E
TEST_72177,Not_E
TEST_72180,Not_E
TEST_72182,Not_E
TEST_72184,Not_E
TEST_72188,Not_E
TEST_72190,Not_E
TEST_72191,Not_E
TEST_72198,Not_E
TEST_72203,Not_E
TEST_72206,Not_E
TEST_72212,Not_E
TEST_72215,Not_E
TEST_72216,Not_E
TEST_72224,Not_E
TEST_72226,Not_E
TEST_72232,Not_E
TEST_72236,Not_E
TEST_72244,Not_E
TEST_72247,Not_E
TEST_72248,Not_E
TEST_72249,Not_E
TEST_72252,Not_E
TEST_72263,Not_E
TEST_72267,Not_E
TEST_72269,Not_E
TEST_72270,Not_E
TEST_72271,Not_E
TEST_72272,Not_E
TEST_72275,Not_E
TEST_72284,Not_E
TEST_72303,Not_E
TEST_72304,Not_E
TEST_72308,Not_E
TEST_72311,Not_E
TEST_72315,Not_E
TEST_72324,Not_E
TEST_72329,Not_E
TEST_72331,Not_E
TEST_72343,Not_E
TEST_72347,Not_E
TEST_72352,Not_E
TEST_72354,Not_E
TEST_72356,Not_E
TEST_72370,Not_E
TEST_72389,Not_E
TEST_72390,Not_E
TEST_72391,Not_E
TEST_72392,Not_E
TEST_72393,Not_E
TEST_72395,Not_E
TEST_72415,Not_E
TEST_72421,Not_E
TEST_72424,Not_E
TEST_72429,Not_E
TEST_72430,Not_E
TEST_72434,Not_E
TEST_72439,Not_E
TEST_72473,Not_E
TEST_72487,Not_E
TEST_72499,Not_E
TEST_72501,Not_E
TEST_72506,Not_E
TEST_72510,Not_E
TEST_72513,Not_E
TEST_72517,Not_E
TEST_72521,Not_E
TEST_72528,Not_E
TEST_72529,Not_E
TEST_72531,Not_E
TEST_72532,Not_E
TEST_72534,Not_E
TEST_72538,Not_E
TEST_72540,Not_E
TEST_72551,Not_E
TEST_72558,Not_E
TEST_72560,Not_E
TEST_72564,Not_E
TEST_72566,Not_E
TEST_72568,Not_E
TEST_72571,Not_E
TEST_72583,Not_E
TEST_72584,Not_E
TEST_72607,Not_E
TEST_72611,Not_E
TEST_72614,Not_E
TEST_72618,Not_E
TEST_72622,Not_E
TEST_72623,Not_E
TEST_72626,Not_E
TEST_72628,Not_E
TEST_72636,Not_E
TEST_72639,Not_E
TEST_72640,Not_E
TEST_72649,Not_E
TEST_72650,Not_E
TEST_72674,Not_E
TEST_72682,Not_E
TEST_72685,Not_E
TEST_72697,Not_E
TEST_72703,Not_E
TEST_72711,Not_E
TEST_72716,Not_E
TEST_72717,Not_E
TEST_72727,Not_E
TEST_72745,Not_E
TEST_72751,Not_E
TEST_72755,Not_E
TEST_72756,Not_E
TEST_72759,Not_E
TEST_72763,Not_E
TEST_72767,Not_E
TEST_72771,Not_E
TEST_72774,Not_E
TEST_72779,Not_E
TEST_72781,Not_E
TEST_72807,Not_E
TEST_72813,Not_E
TEST_72816,Not_E
TEST_72818,Not_E
TEST_72821,Not_E
TEST_72836,Not_E
TEST_72845,Not_E
TEST_72857,Not_E
TEST_72858,Not_E
TEST_72868,Not_E
TEST_72876,Not_E
TEST_72877,Not_E
TEST_72893,Not_E
TEST_72894,Not_E
TEST_72900,Not_E
TEST_72907,Not_E
TEST_72908,Not_E
TEST_72909,Not_E
TEST_72916,Not_E
TEST_72918,Not_E
TEST_72923,Not_E
TEST_72927,Not_E
TEST_72928,Not_E
TEST_72930,Not_E
TEST_72941,Not_E
TEST_72942,Not_E
TEST_72953,Not_E
TEST_72960,Not_E
TEST_72967,Not_E
TEST_72986,Not_E
TEST_72990,Not_E
TEST_72999,Not_E
TEST_73004,Not_E
TEST_73005,Not_E
TEST_73007,Not_E
TEST_73015,Not_E
TEST_73017,Not_E
TEST_73019,Not_E
TEST_73020,Not_E
TEST_73024,Not_E
TEST_73027,Not_E
TEST_73038,Not_E
TEST_73040,Not_E
TEST_73049,Not_E
TEST_73053,Not_E
TEST_73058,Not_E
TEST_73059,Not_E
TEST_73062,Not_E
TEST_73066,Not_E
TEST_73073,Not_E
TEST_73079,Not_E
TEST_73088,Not_E
TEST_73100,Not_E
TEST_73103,Not_E
TEST_73114,Not_E
TEST_73118,Not_E
TEST_73130,Not_E
TEST_73134,Not_E
TEST_73138,Not_E
TEST_73140,Not_E
TEST_73142,Not_E
TEST_73146,Not_E
TEST_73158,Not_E
TEST_73180,Not_E
TEST_73186,Not_E
TEST_73197,Not_E
TEST_73200,Not_E
TEST_73206,Not_E
TEST_73209,Not_E
TEST_73210,Not_E
TEST_73215,Not_E
TEST_73219,Not_E
TEST_73222,Not_E
TEST_73246,Not_E
TEST_73251,Not_E
TEST_73266,Not_E
TEST_73275,Not_E
TEST_73279,Not_E
TEST_73280,Not_E
TEST_73301,Not_E
TEST_73312,Not_E
TEST_73324,Not_E
TEST_73331,Not_E
TEST_73332,Not_E
TEST_73340,Not_E
TEST_73346,Not_E
TEST_73348,Not_E
TEST_73350,Not_E
TEST_73360,Not_E
TEST_73365,Not_E
TEST_73383,Not_E
TEST_73384,Not_E
TEST_73388,Not_E
TEST_73389,Not_E
TEST_73390,Not_E
TEST_73398,Not_E
TEST_73402,Not_E
TEST_73409,Not_E
TEST_73410,Not_E
TEST_73412,Not_E
TEST_73417,Not_E
TEST_73420,Not_E
TEST_73431,Not_E
TEST_73433,Not_E
TEST_73444,Not_E
TEST_73450,Not_E
TEST_73455,Not_E
TEST_73456,Not_E
TEST_73462,Not_E
TEST_73464,Not_E
TEST_73466,Not_E
TEST_73471,Not_E
TEST_73475,Not_E
TEST_73485,Not_E
TEST_73492,Not_E
TEST_73496,Not_E
TEST_73498,Not_E
TEST_73503,Not_E
TEST_73507,Not_E
TEST_73510,Not_E
TEST_73516,Not_E
TEST_73520,Not_E
TEST_73523,Not_E
TEST_73528,Not_E
TEST_73529,Not_E
TEST_73582,Not_E
TEST_73588,Not_E
TEST_73594,Not_E
TEST_73603,Not_E
TEST_73605,Not_E
TEST_73606,Not_E
TEST_73610,Not_E
TEST_73612,Not_E
TEST_73625,Not_E
TEST_73627,Not_E
TEST_73629,Not_E
TEST_73638,Not_E
TEST_73640,Not_E
TEST_73642,Not_E
TEST_73648,Not_E
TEST_73655,Not_E
TEST_73659,Not_E
TEST_73663,Not_E
TEST_73664,Not_E
TEST_73665,Not_E
TEST_73669,Not_E
TEST_73683,Not_E
TEST_73688,Not_E
TEST_73689,Not_E
TEST_73692,Not_E
TEST_73696,Not_E
TEST_73699,Not_E
TEST_73700,Not_E
TEST_73701,Not_E
TEST_73705,Not_E
TEST_73716,Not_E
TEST_73720,Not_E
TEST_73725,Not_E
TEST_73734,Not_E
TEST_73748,Not_E
TEST_73756,Not_E
TEST_73760,Not_E
TEST_73772,Not_E
TEST_73778,Not_E
TEST_73781,Not_E
TEST_73786,Not_E
TEST_73794,Not_E
TEST_73796,Not_E
TEST_73800,Not_E
TEST_73803,Not_E
TEST_73805,Not_E
TEST_73807,Not_E
TEST_73814,Not_E
TEST_73815,Not_E
TEST_73828,Not_E
TEST_73832,Not_E
TEST_73834,Not_E
TEST_73835,Not_E
TEST_73854,Not_E
TEST_73857,Not_E
TEST_73863,Not_E
TEST_73867,Not_E
TEST_73870,Not_E
TEST_73875,Not_E
TEST_73885,Not_E
TEST_73910,Not_E
TEST_73919,Not_E
TEST_73920,Not_E
TEST_73921,Not_E
TEST_73924,Not_E
TEST_73929,Not_E
TEST_73932,Not_E
TEST_73948,Not_E
TEST_73949,Not_E
TEST_73953,Not_E
TEST_73959,Not_E
TEST_73963,Not_E
TEST_73965,Not_E
TEST_73969,Not_E
TEST_73973,Not_E
TEST_73976,Not_E
TEST_73977,Not_E
TEST_73979,Not_E
TEST_73986,Not_E
TEST_73991,Not_E
TEST_73994,Not_E
TEST_73997,Not_E
TEST_74000,Not_E
TEST_74009,Not_E
TEST_74012,Not_E
TEST_74015,Not_E
TEST_74019,Not_E
TEST_74026,Not_E
TEST_74027,Not_E
TEST_74050,Not_E
TEST_74053,Not_E
TEST_74055,Not_E
TEST_74057,Not_E
TEST_74059,Not_E
TEST_74060,Not_E
TEST_74065,Not_E
TEST_74076,Not_E
TEST_74077,Not_E
TEST_74081,Not_E
TEST_74084,Not_E
TEST_74097,Not_E
TEST_74100,Not_E
TEST_74108,Not_E
TEST_74111,Not_E
TEST_74112,Not_E
TEST_74116,Not_E
TEST_74121,Not_E
TEST_74125,Not_E
TEST_74128,Not_E
TEST_74134,Not_E
TEST_74135,Not_E
TEST_74171,Not_E
TEST_74188,Not_E
TEST_74193,Not_E
TEST_74202,Not_E
TEST_74203,Not_E
TEST_74209,Not_E
TEST_74210,Not_E
TEST_74228,Not_E
TEST_74232,Not_E
TEST_74235,Not_E
TEST_74247,Not_E
TEST_74250,Not_E
TEST_74263,Not_E
TEST_74267,Not_E
TEST_74268,Not_E
TEST_74276,Not_E
TEST_74302,Not_E
TEST_74304,Not_E
TEST_74306,Not_E
TEST_74310,Not_E
TEST_74313,Not_E
TEST_74326,Not_E
TEST_74327,Not_E
TEST_74336,Not_E
TEST_74339,Not_E
TEST_74344,Not_E
TEST_74351,Not_E
TEST_74353,Not_E
TEST_74354,Not_E
TEST_74372,Not_E
TEST_74374,Not_E
TEST_74392,Not_E
TEST_74399,Not_E
TEST_74402,Not_E
TEST_74403,Not_E
TEST_74406,Not_E
TEST_74412,Not_E
TEST_74427,Not_E
TEST_74430,Not_E
TEST_74440,Not_E
TEST_74442,Not_E
TEST_74445,Not_E
TEST_74453,Not_E
TEST_74456,Not_E
TEST_74463,Not_E
TEST_74472,Not_E
TEST_74473,Not_E
TEST_74475,Not_E
TEST_74489,Not_E
TEST_74491,Not_E
TEST_74496,Not_E
TEST_74509,Not_E
TEST_74510,Not_E
TEST_74516,Not_E
TEST_74530,Not_E
TEST_74537,Not_E
TEST_74558,Not_E
TEST_74570,Not_E
TEST_74575,Not_E
TEST_74578,Not_E
TEST_74581,Not_E
TEST_74584,Not_E
TEST_74593,Not_E
TEST_74600,Not_E
TEST_74602,Not_E
TEST_74609,Not_E
TEST_74619,Not_E
TEST_74625,Not_E
TEST_74626,Not_E
TEST_74628,Not_E
TEST_74630,Not_E
TEST_74633,Not_E
TEST_74667,Not_E
TEST_74673,Not_E
TEST_74682,Not_E
TEST_74684,Not_E
TEST_74690,Not_E
TEST_74692,Not_E
TEST_74700,Not_E
TEST_74711,Not_E
TEST_74719,Not_E
TEST_74723,Not_E
TEST_74740,Not_E
TEST_74754,Not_E
TEST_74805,Not_E
TEST_74806,Not_E
TEST_74809,Not_E
TEST_74814,Not_E
TEST_74816,Not_E
TEST_74825,Not_E
TEST_74836,Not_E
TEST_74837,Not_E
TEST_74841,Not_E
TEST_74842,Not_E
TEST_74846,Not_E
TEST_74853,Not_E
TEST_74877,Not_E
TEST_74880,Not_E
TEST_74882,Not_E
TEST_74889,Not_E
TEST_74899,Not_E
TEST_74906,Not_E
TEST_74913,Not_E
TEST_74916,Not_E
TEST_74921,Not_E
TEST_74931,Not_E
TEST_74934,Not_E
TEST_74939,Not_E
TEST_74946,Not_E
TEST_74949,Not_E
TEST_74953,Not_E
TEST_74956,Not_E
TEST_74965,Not_E
TEST_74973,Not_E
TEST_74979,Not_E
TEST_74980,Not_E
TEST_74986,Not_E
TEST_74988,Not_E
TEST_74992,Not_E
TEST_74998,Not_E
TEST_75006,Not_E
TEST_75010,Not_E
TEST_75011,Not_E
TEST_75017,Not_E
TEST_75019,Not_E
TEST_75020,Not_E
TEST_75039,Not_E
TEST_75055,Not_E
TEST_75059,Not_E
TEST_75060,Not_E
TEST_75078,Not_E
TEST_75081,Not_E
TEST_75082,Not_E
TEST_75090,Not_E
TEST_75096,Not_E
TEST_75097,Not_E
TEST_75100,Not_E
TEST_75105,Not_E
TEST_75113,Not_E
TEST_75115,Not_E
TEST_75119,Not_E
TEST_75120,Not_E
TEST_75123,Not_E
TEST_75124,Not_E
TEST_75127,Not_E
TEST_75136,Not_E
TEST_75142,Not_E
TEST_75145,Not_E
TEST_75153,Not_E
TEST_75164,Not_E
TEST_75182,Not_E
TEST_75195,Not_E
TEST_75196,Not_E
TEST_75202,Not_E
TEST_75207,Not_E
TEST_75220,Not_E
TEST_75224,Not_E
TEST_75229,Not_E
TEST_75232,Not_E
TEST_75248,Not_E
TEST_75250,Not_E
TEST_75252,Not_E
TEST_75262,Not_E
TEST_75266,Not_E
TEST_75277,Not_E
TEST_75283,Not_E
TEST_75287,Not_E
TEST_75288,Not_E
TEST_75317,Not_E
TEST_75319,Not_E
TEST_75320,Not_E
TEST_75332,Not_E
TEST_75337,Not_E
TEST_75349,Not_E
TEST_75350,Not_E
TEST_75357,Not_E
TEST_75359,Not_E
TEST_75364,Not_E
TEST_75366,Not_E
TEST_75372,Not_E
TEST_75376,Not_E
TEST_75384,Not_E
TEST_75390,Not_E
TEST_75391,Not_E
TEST_75393,Not_E
TEST_75402,Not_E
TEST_75410,Not_E
TEST_75417,Not_E
TEST_75418,Not_E
TEST_75419,Not_E
TEST_75428,Not_E
TEST_75429,Not_E
TEST_75433,Not_E
TEST_75436,Not_E
TEST_75445,Not_E
TEST_75446,Not_E
TEST_75449,Not_E
TEST_75451,Not_E
TEST_75461,Not_E
TEST_75462,Not_E
TEST_75464,Not_E
TEST_75470,Not_E
TEST_75476,Not_E
TEST_75484,Not_E
TEST_75492,Not_E
TEST_75501,Not_E
TEST_75509,Not_E
TEST_75511,Not_E
TEST_75520,Not_E
TEST_75524,Not_E
TEST_75525,Not_E
TEST_75527,Not_E
TEST_75528,Not_E
TEST_75537,Not_E
TEST_75548,Not_E
TEST_75556,Not_E
TEST_75561,Not_E
TEST_75563,Not_E
TEST_75566,Not_E
TEST_75567,Not_E
TEST_75575,Not_E
TEST_75584,Not_E
TEST_75585,Not_E
TEST_75587,Not_E
TEST_75592,Not_E
TEST_75593,Not_E
TEST_75605,Not_E
TEST_75609,Not_E
TEST_75613,Not_E
TEST_75614,Not_E
TEST_75623,Not_E
TEST_75625,Not_E
TEST_75627,Not_E
TEST_75631,Not_E
TEST_75638,Not_E
TEST_75640,Not_E
TEST_75648,Not_E
TEST_75655,Not_E
TEST_75656,Not_E
TEST_75673,Not_E
TEST_75677,Not_E
TEST_75682,Not_E
TEST_75690,Not_E
TEST_75701,Not_E
TEST_75706,Not_E
TEST_75708,Not_E
TEST_75715,Not_E
TEST_75722,Not_E
TEST_75724,Not_E
TEST_75725,Not_E
TEST_75728,Not_E
TEST_75729,Not_E
TEST_75735,Not_E
TEST_75740,Not_E
TEST_75745,Not_E
TEST_75747,Not_E
TEST_75750,Not_E
TEST_75753,Not_E
TEST_75763,Not_E
TEST_75765,Not_E
TEST_75767,Not_E
TEST_75770,Not_E
TEST_75779,Not_E
TEST_75783,Not_E
TEST_75788,Not_E
TEST_75793,Not_E
TEST_75796,Not_E
TEST_75806,Not_E
TEST_75812,Not_E
TEST_75815,Not_E
TEST_75819,Not_E
TEST_75828,Not_E
TEST_75833,Not_E
TEST_75835,Not_E
TEST_75836,Not_E
TEST_75837,Not_E
TEST_75842,Not_E
TEST_75850,Not_E
TEST_75855,Not_E
TEST_75860,Not_E
TEST_75862,Not_E
TEST_75863,Not_E
TEST_75865,Not_E
TEST_75877,Not_E
TEST_75882,Not_E
TEST_75884,Not_E
TEST_75885,Not_E
TEST_75887,Not_E
TEST_75902,Not_E
TEST_75913,Not_E
TEST_75918,Not_E
TEST_75924,Not_E
TEST_75935,Not_E
TEST_75940,Not_E
TEST_75945,Not_E
TEST_75947,Not_E
TEST_75948,Not_E
TEST_75961,Not_E
TEST_75971,Not_E
TEST_75978,Not_E
TEST_75982,Not_E
TEST_75984,Not_E
TEST_75990,Not_E
TEST_75994,Not_E
TEST_75997,Not_E
TEST_76000,Not_E
TEST_76001,Not_E
TEST_76008,Not_E
TEST_76016,Not_E
TEST_76019,Not_E
TEST_76028,Not_E
TEST_76030,Not_E
TEST_76045,Not_E
TEST_76054,Not_E
TEST_76072,Not_E
TEST_76084,Not_E
TEST_76087,Not_E
TEST_76091,Not_E
TEST_76096,Not_E
TEST_76100,Not_E
TEST_76101,Not_E
TEST_76107,Not_E
TEST_76109,Not_E
TEST_76125,Not_E
TEST_76126,Not_E
TEST_76130,Not_E
TEST_76137,Not_E
TEST_76144,Not_E
TEST_76145,Not_E
TEST_76153,Not_E
TEST_76156,Not_E
TEST_76157,Not_E
TEST_76162,Not_E
TEST_76164,Not_E
TEST_76168,Not_E
TEST_76174,Not_E
TEST_76178,Not_E
TEST_76181,Not_E
TEST_76185,Not_E
TEST_76194,Not_E
TEST_76218,Not_E
TEST_76223,Not_E
TEST_76224,Not_E
TEST_76226,Not_E
TEST_76227,Not_E
TEST_76234,Not_E
TEST_76240,Not_E
TEST_76241,Not_E
TEST_76251,Not_E
TEST_76252,Not_E
TEST_76254,Not_E
TEST_76256,Not_E
TEST_76262,Not_E
TEST_76273,Not_E
TEST_76274,Not_E
TEST_76285,Not_E
TEST_76290,Not_E
TEST_76294,Not_E
TEST_76303,Not_E
TEST_76311,Not_E
TEST_76317,Not_E
TEST_76319,Not_E
TEST_76326,Not_E
TEST_76329,Not_E
TEST_76330,Not_E
TEST_76332,Not_E
TEST_76338,Not_E
TEST_76339,Not_E
TEST_76353,Not_E
TEST_76370,Not_E
TEST_76376,Not_E
TEST_76379,Not_E
TEST_76386,Not_E
TEST_76387,Not_E
TEST_76390,Not_E
TEST_76393,Not_E
TEST_76394,Not_E
TEST_76401,Not_E
TEST_76402,Not_E
TEST_76415,Not_E
TEST_76417,Not_E
TEST_76421,Not_E
TEST_76430,Not_E
TEST_76432,Not_E
TEST_76435,Not_E
TEST_76450,Not_E
TEST_76455,Not_E
TEST_76457,Not_E
TEST_76462,Not_E
TEST_76482,Not_E
TEST_76484,Not_E
TEST_76490,Not_E
TEST_76495,Not_E
TEST_76508,Not_E
TEST_76509,Not_E
TEST_76513,Not_E
TEST_76514,Not_E
TEST_76519,Not_E
TEST_76532,Not_E
TEST_76533,Not_E
TEST_76536,Not_E
TEST_76547,Not_E
TEST_76549,Not_E
TEST_76552,Not_E
TEST_76554,Not_E
TEST_76560,Not_E
TEST_76562,Not_E
TEST_76563,Not_E
TEST_76566,Not_E
TEST_76580,Not_E
TEST_76582,Not_E
TEST_76600,Not_E
TEST_76615,Not_E
TEST_76616,Not_E
TEST_76623,Not_E
TEST_76628,Not_E
TEST_76629,Not_E
TEST_76631,Not_E
TEST_76637,Not_E
TEST_76645,Not_E
TEST_76646,Not_E
TEST_76649,Not_E
TEST_76650,Not_E
TEST_76671,Not_E
TEST_76683,Not_E
TEST_76689,Not_E
TEST_76709,Not_E
TEST_76713,Not_E
TEST_76720,Not_E
TEST_76722,Not_E
TEST_76728,Not_E
TEST_76729,Not_E
TEST_76732,Not_E
TEST_76734,Not_E
TEST_76735,Not_E
TEST_76741,Not_E
TEST_76746,Not_E
TEST_76749,Not_E
TEST_76750,Not_E
TEST_76752,Not_E
TEST_76754,Not_E
TEST_76755,Not_E
TEST_76760,Not_E
TEST_76771,Not_E
TEST_76774,Not_E
TEST_76776,Not_E
TEST_76778,Not_E
TEST_76785,Not_E
TEST_76810,Not_E
TEST_76820,Not_E
TEST_76827,Not_E
TEST_76828,Not_E
TEST_76832,Not_E
TEST_76834,Not_E
TEST_76841,Not_E
TEST_76852,Not_E
TEST_76860,Not_E
TEST_76870,Not_E
TEST_76891,Not_E
TEST_76894,Not_E
TEST_76899,Not_E
TEST_76924,Not_E
TEST_76928,Not_E
TEST_76935,Not_E
TEST_76940,Not_E
TEST_76955,Not_E
TEST_76957,Not_E
TEST_76961,Not_E
TEST_76963,Not_E
TEST_76968,Not_E
TEST_76972,Not_E
TEST_76974,Not_E
TEST_76979,Not_E
TEST_76980,Not_E
TEST_76983,Not_E
TEST_76989,Not_E
TEST_76998,Not_E
TEST_77009,Not_E
TEST_77023,Not_E
TEST_77040,Not_E
TEST_77044,Not_E
TEST_77045,Not_E
TEST_77055,Not_E
TEST_77077,Not_E
TEST_77079,Not_E
TEST_77083,Not_E
TEST_77087,Not_E
TEST_77091,Not_E
TEST_77092,Not_E
TEST_77096,Not_E
TEST_77100,Not_E
TEST_77102,Not_E
TEST_77107,Not_E
TEST_77110,Not_E
TEST_77114,Not_E
TEST_77120,Not_E
TEST_77121,Not_E
TEST_77126,Not_E
TEST_77136,Not_E
TEST_77167,Not_E
TEST_77187,Not_E
TEST_77188,Not_E
TEST_77190,Not_E
TEST_77200,Not_E
TEST_77210,Not_E
TEST_77216,Not_E
TEST_77222,Not_E
TEST_77226,Not_E
TEST_77230,Not_E
TEST_77233,Not_E
TEST_77243,Not_E
TEST_77247,Not_E
TEST_77252,Not_E
TEST_77253,Not_E
TEST_77257,Not_E
TEST_77263,Not_E
TEST_77268,Not_E
TEST_77272,Not_E
TEST_77273,Not_E
TEST_77277,Not_E
TEST_77278,Not_E
TEST_77280,Not_E
TEST_77312,Not_E
TEST_77314,Not_E
TEST_77343,Not_E
TEST_77361,Not_E
TEST_77362,Not_E
TEST_77363,Not_E
TEST_77370,Not_E
TEST_77372,Not_E
TEST_77376,Not_E
TEST_77383,Not_E
TEST_77385,Not_E
TEST_77389,Not_E
TEST_77390,Not_E
TEST_77393,Not_E
TEST_77397,Not_E
TEST_77400,Not_E
TEST_77415,Not_E
TEST_77416,Not_E
TEST_77418,Not_E
TEST_77426,Not_E
TEST_77446,Not_E
TEST_77458,Not_E
TEST_77460,Not_E
TEST_77462,Not_E
TEST_77463,Not_E
TEST_77465,Not_E
TEST_77475,Not_E
TEST_77485,Not_E
TEST_77486,Not_E
TEST_77487,Not_E
TEST_77492,Not_E
TEST_77503,Not_E
TEST_77505,Not_E
TEST_77506,Not_E
TEST_77518,Not_E
TEST_77526,Not_E
TEST_77529,Not_E
TEST_77536,Not_E
TEST_77538,Not_E
TEST_77540,Not_E
TEST_77544,Not_E
TEST_77560,Not_E
TEST_77583,Not_E
TEST_77584,Not_E
TEST_77590,Not_E
TEST_77593,Not_E
TEST_77596,Not_E
TEST_77601,Not_E
TEST_77602,Not_E
TEST_77608,Not_E
TEST_77614,Not_E
TEST_77616,Not_E
TEST_77623,Not_E
TEST_77627,Not_E
TEST_77639,Not_E
TEST_77642,Not_E
TEST_77660,Not_E
TEST_77663,Not_E
TEST_77683,Not_E
TEST_77690,Not_E
TEST_77699,Not_E
TEST_77715,Not_E
TEST_77719,Not_E
TEST_77720,Not_E
TEST_77727,Not_E
TEST_77729,Not_E
TEST_77732,Not_E
TEST_77734,Not_E
TEST_77739,Not_E
TEST_77741,Not_E
TEST_77750,Not_E
TEST_77760,Not_E
TEST_77763,Not_E
TEST_77768,Not_E
TEST_77774,Not_E
TEST_77784,Not_E
TEST_77792,Not_E
TEST_77800,Not_E
TEST_77816,Not_E
TEST_77820,Not_E
TEST_77835,Not_E
TEST_77836,Not_E
TEST_77839,Not_E
TEST_77845,Not_E
TEST_77858,Not_E
TEST_77866,Not_E
TEST_77868,Not_E
TEST_77869,Not_E
TEST_77890,Not_E
TEST_77897,Not_E
TEST_77898,Not_E
TEST_77902,Not_E
TEST_77907,Not_E
TEST_77908,Not_E
TEST_77923,Not_E
TEST_77925,Not_E
TEST_77936,Not_E
TEST_77937,Not_E
TEST_77943,Not_E
TEST_77947,Not_E
TEST_77952,Not_E
TEST_77974,Not_E
TEST_77978,Not_E
TEST_77996,Not_E
TEST_77998,Not_E
TEST_78011,Not_E
TEST_78013,Not_E
TEST_78015,Not_E
TEST_78020,Not_E
TEST_78033,Not_E
TEST_78036,Not_E
TEST_78041,Not_E
TEST_78045,Not_E
TEST_78046,Not_E
TEST_78054,Not_E
TEST_78058,Not_E
TEST_78076,Not_E
TEST_78077,Not_E
TEST_78080,Not_E
TEST_78082,Not_E
TEST_78085,Not_E
TEST_78092,Not_E
TEST_78112,Not_E
TEST_78116,Not_E
TEST_78117,Not_E
TEST_78118,Not_E
TEST_78120,Not_E
TEST_78122,Not_E
TEST_78123,Not_E
TEST_78130,Not_E
TEST_78132,Not_E
TEST_78143,Not_E
TEST_78144,Not_E
TEST_78149,Not_E
TEST_78157,Not_E
TEST_78165,Not_E
TEST_78166,Not_E
TEST_78167,Not_E
TEST_78182,Not_E
TEST_78183,Not_E
TEST_78188,Not_E
TEST_78190,Not_E
TEST_78196,Not_E
TEST_78200,Not_E
TEST_78202,Not_E
TEST_78217,Not_E
TEST_78220,Not_E
TEST_78234,Not_E
TEST_78238,Not_E
TEST_78246,Not_E
TEST_78249,Not_E
TEST_78255,Not_E
TEST_78256,Not_E
TEST_78257,Not_E
TEST_78259,Not_E
TEST_78264,Not_E
TEST_78267,Not_E
TEST_78271,Not_E
TEST_78288,Not_E
TEST_78289,Not_E
TEST_78291,Not_E
TEST_78296,Not_E
TEST_78307,Not_E
TEST_78308,Not_E
TEST_78313,Not_E
TEST_78322,Not_E
TEST_78329,Not_E
TEST_78337,Not_E
TEST_78338,Not_E
TEST_78346,Not_E
TEST_78354,Not_E
TEST_78368,Not_E
TEST_78369,Not_E
TEST_78370,Not_E
TEST_78371,Not_E
TEST_78378,Not_E
TEST_78382,Not_E
TEST_78389,Not_E
TEST_78392,Not_E
TEST_78395,Not_E
TEST_78396,Not_E
TEST_78403,Not_E
TEST_78406,Not_E
TEST_78415,Not_E
TEST_78417,Not_E
TEST_78430,Not_E
TEST_78440,Not_E
TEST_78446,Not_E
TEST_78470,Not_E
TEST_78476,Not_E
TEST_78491,Not_E
TEST_78492,Not_E
TEST_78515,Not_E
TEST_78519,Not_E
TEST_78527,Not_E
TEST_78528,Not_E
TEST_78537,Not_E
TEST_78548,Not_E
TEST_78572,Not_E
TEST_78577,Not_E
TEST_78584,Not_E
TEST_78588,Not_E
TEST_78592,Not_E
TEST_78598,Not_E
TEST_78606,Not_E
TEST_78609,Not_E
TEST_78623,Not_E
TEST_78631,Not_E
TEST_78632,Not_E
TEST_78643,Not_E
TEST_78661,Not_E
TEST_78665,Not_E
TEST_78668,Not_E
TEST_78672,Not_E
TEST_78677,Not_E
TEST_78682,Not_E
TEST_78685,Not_E
TEST_78691,Not_E
TEST_78704,Not_E
TEST_78710,Not_E
TEST_78723,Not_E
TEST_78727,Not_E
TEST_78734,Not_E
TEST_78735,Not_E
TEST_78739,Not_E
TEST_78740,Not_E
TEST_78742,Not_E
TEST_78743,Not_E
TEST_78750,Not_E
TEST_78752,Not_E
TEST_78754,Not_E
TEST_78756,Not_E
TEST_78759,Not_E
TEST_78769,Not_E
TEST_78772,Not_E
TEST_78782,Not_E
TEST_78784,Not_E
TEST_78788,Not_E
TEST_78796,Not_E
TEST_78799,Not_E
TEST_78806,Not_E
TEST_78808,Not_E
TEST_78816,Not_E
TEST_78817,Not_E
TEST_78819,Not_E
TEST_78824,Not_E
TEST_78830,Not_E
TEST_78836,Not_E
TEST_78840,Not_E
TEST_78875,Not_E
TEST_78902,Not_E
TEST_78927,Not_E
TEST_78935,Not_E
TEST_78937,Not_E
TEST_78942,Not_E
TEST_78948,Not_E
TEST_78950,Not_E
TEST_78954,Not_E
TEST_78956,Not_E
TEST_78999,Not_E
TEST_79009,Not_E
TEST_79012,Not_E
TEST_79013,Not_E
TEST_79016,Not_E
TEST_79028,Not_E
TEST_79034,Not_E
TEST_79064,Not_E
TEST_79065,Not_E
TEST_79067,Not_E
TEST_79069,Not_E
TEST_79071,Not_E
TEST_79072,Not_E
TEST_79093,Not_E
TEST_79099,Not_E
TEST_79105,Not_E
TEST_79114,Not_E
TEST_79124,Not_E
TEST_79134,Not_E
TEST_79141,Not_E
TEST_79153,Not_E
TEST_79156,Not_E
TEST_79168,Not_E
TEST_79174,Not_E
TEST_79176,Not_E
TEST_79184,Not_E
TEST_79189,Not_E
TEST_79191,Not_E
TEST_79198,Not_E
TEST_79206,Not_E
TEST_79213,Not_E
TEST_79239,Not_E
TEST_79251,Not_E
TEST_79256,Not_E
TEST_79282,Not_E
TEST_79283,Not_E
TEST_79284,Not_E
TEST_79293,Not_E
TEST_79295,Not_E
TEST_79301,Not_E
TEST_79304,Not_E
TEST_79305,Not_E
TEST_79312,Not_E
TEST_79315,Not_E
TEST_79337,Not_E
TEST_79352,Not_E
TEST_79365,Not_E
TEST_79377,Not_E
TEST_79382,Not_E
TEST_79385,Not_E
TEST_79391,Not_E
TEST_79393,Not_E
TEST_79398,Not_E
TEST_79401,Not_E
TEST_79402,Not_E
TEST_79407,Not_E
TEST_79415,Not_E
TEST_79418,Not_E
TEST_79421,Not_E
TEST_79427,Not_E
TEST_79449,Not_E
TEST_79456,Not_E
TEST_79461,Not_E
TEST_79463,Not_E
TEST_79467,Not_E
TEST_79475,Not_E
TEST_79481,Not_E
TEST_79482,Not_E
TEST_79485,Not_E
TEST_79486,Not_E
TEST_79487,Not_E
TEST_79488,Not_E
TEST_79496,Not_E
TEST_79503,Not_E
TEST_79506,Not_E
TEST_79512,Not_E
TEST_79514,Not_E
TEST_79515,Not_E
TEST_79519,Not_E
TEST_79531,Not_E
TEST_79532,Not_E
TEST_79540,Not_E
TEST_79544,Not_E
TEST_79548,Not_E
TEST_79552,Not_E
TEST_79558,Not_E
TEST_79563,Not_E
TEST_79578,Not_E
TEST_79585,Not_E
TEST_79592,Not_E
TEST_79601,Not_E
TEST_79604,Not_E
TEST_79611,Not_E
TEST_79613,Not_E
TEST_79617,Not_E
TEST_79627,Not_E
TEST_79628,Not_E
TEST_79644,Not_E
TEST_79645,Not_E
TEST_79648,Not_E
TEST_79662,Not_E
TEST_79668,Not_E
TEST_79685,Not_E
TEST_79691,Not_E
TEST_79692,Not_E
TEST_79693,Not_E
TEST_79707,Not_E
TEST_79711,Not_E
TEST_79713,Not_E
TEST_79730,Not_E
TEST_79742,Not_E
TEST_79743,Not_E
TEST_79746,Not_E
TEST_79749,Not_E
TEST_79750,Not_E
TEST_79752,Not_E
TEST_79754,Not_E
TEST_79766,Not_E
TEST_79775,Not_E
TEST_79776,Not_E
TEST_79789,Not_E
TEST_79795,Not_E
TEST_79806,Not_E
TEST_79808,Not_E
TEST_79816,Not_E
TEST_79824,Not_E
TEST_79836,Not_E
TEST_79838,Not_E
TEST_79839,Not_E
TEST_79847,Not_E
TEST_79851,Not_E
TEST_79864,Not_E
TEST_79877,Not_E
TEST_79878,Not_E
TEST_79890,Not_E
TEST_79911,Not_E
TEST_79930,Not_E
TEST_79932,Not_E
TEST_79947,Not_E
TEST_79951,Not_E
TEST_79956,Not_E
TEST_79958,Not_E
TEST_79961,Not_E
TEST_79975,Not_E
TEST_79983,Not_E
TEST_79988,Not_E
TEST_79992,Not_E
TEST_79993,Not_E
TEST_79996,Not_E
TEST_79997,Not_E
TEST_80000,Not_E
TEST_80006,Not_E
TEST_80024,Not_E
TEST_80026,Not_E
TEST_80032,Not_E
TEST_80051,Not_E
TEST_80061,Not_E
TEST_80065,Not_E
TEST_80067,Not_E
TEST_80068,Not_E
TEST_80075,Not_E
TEST_80078,Not_E
TEST_80082,Not_E
TEST_80083,Not_E
TEST_80094,Not_E
TEST_80102,Not_E
TEST_80109,Not_E
TEST_80114,Not_E
TEST_80120,Not_E
TEST_80121,Not_E
TEST_80132,Not_E
TEST_80139,Not_E
TEST_80146,Not_E
TEST_80150,Not_E
TEST_80154,Not_E
TEST_80163,Not_E
TEST_80169,Not_E
TEST_80178,Not_E
TEST_80179,Not_E
TEST_80185,Not_E
TEST_80206,Not_E
TEST_80212,Not_E
TEST_80217,Not_E
TEST_80221,Not_E
TEST_80225,Not_E
TEST_80231,Not_E
TEST_80236,Not_E
TEST_80242,Not_E
TEST_80245,Not_E
TEST_80257,Not_E
TEST_80260,Not_E
TEST_80263,Not_E
TEST_80266,Not_E
TEST_80270,Not_E
TEST_80274,Not_E
TEST_80275,Not_E
TEST_80276,Not_E
TEST_80277,Not_E
TEST_80278,Not_E
TEST_80279,Not_E
TEST_80281,Not_E
TEST_80288,Not_E
TEST_80292,Not_E
TEST_80296,Not_E
TEST_80297,Not_E
TEST_80312,Not_E
TEST_80319,Not_E
TEST_80326,Not_E
TEST_80328,Not_E
TEST_80341,Not_E
TEST_80347,Not_E
TEST_80356,Not_E
TEST_80369,Not_E
TEST_80377,Not_E
TEST_80390,Not_E
TEST_80392,Not_E
TEST_80395,Not_E
TEST_80400,Not_E
TEST_80406,Not_E
TEST_80409,Not_E
TEST_80414,Not_E
TEST_80415,Not_E
TEST_80421,Not_E
TEST_80428,Not_E
TEST_80430,Not_E
TEST_80438,Not_E
TEST_80444,Not_E
TEST_80447,Not_E
TEST_80450,Not_E
TEST_80451,Not_E
TEST_80463,Not_E
TEST_80475,Not_E
TEST_80477,Not_E
TEST_80485,Not_E
TEST_80487,Not_E
TEST_80488,Not_E
TEST_80490,Not_E
TEST_80498,Not_E
TEST_80509,Not_E
TEST_80512,Not_E
TEST_80514,Not_E
TEST_80518,Not_E
TEST_80527,Not_E
TEST_80528,Not_E
TEST_80529,Not_E
TEST_80539,Not_E
TEST_80542,Not_E
TEST_80553,Not_E
TEST_80572,Not_E
TEST_80578,Not_E
TEST_80595,Not_E
TEST_80601,Not_E
TEST_80606,Not_E
TEST_80615,Not_E
TEST_80624,Not_E
TEST_80642,Not_E
TEST_80648,Not_E
TEST_80651,Not_E
TEST_80652,Not_E
TEST_80653,Not_E
TEST_80662,Not_E
TEST_80670,Not_E
TEST_80673,Not_E
TEST_80676,Not_E
TEST_80690,Not_E
TEST_80709,Not_E
TEST_80713,Not_E
TEST_80714,Not_E
TEST_80717,Not_E
TEST_80725,Not_E
TEST_80733,Not_E
TEST_80740,Not_E
TEST_80742,Not_E
TEST_80743,Not_E
TEST_80749,Not_E
TEST_80757,Not_E
TEST_80758,Not_E
TEST_80769,Not_E
TEST_80772,Not_E
TEST_80782,Not_E
TEST_80798,Not_E
TEST_80800,Not_E
TEST_80816,Not_E
TEST_80817,Not_E
TEST_80820,Not_E
TEST_80824,Not_E
TEST_80825,Not_E
TEST_80832,Not_E
TEST_80844,Not_E
TEST_80846,Not_E
TEST_80848,Not_E
TEST_80849,Not_E
TEST_80850,Not_E
TEST_80854,Not_E
TEST_80856,Not_E
TEST_80868,Not_E
TEST_80873,Not_E
TEST_80883,Not_E
TEST_80891,Not_E
TEST_80897,Not_E
TEST_80899,Not_E
TEST_80903,Not_E
TEST_80904,Not_E
TEST_80915,Not_E
TEST_80919,Not_E
TEST_80926,Not_E
TEST_80931,Not_E
TEST_80936,Not_E
TEST_80939,Not_E
TEST_80942,Not_E
TEST_80947,Not_E
TEST_80951,Not_E
TEST_80953,Not_E
TEST_80955,Not_E
TEST_80957,Not_E
TEST_80958,Not_E
TEST_80963,Not_E
TEST_80970,Not_E
TEST_80982,Not_E
TEST_80983,Not_E
TEST_80985,Not_E
TEST_80998,Not_E
TEST_81008,Not_E
TEST_81013,Not_E
TEST_81014,Not_E
TEST_81018,Not_E
TEST_81019,Not_E
TEST_81024,Not_E
TEST_81028,Not_E
TEST_81029,Not_E
TEST_81033,Not_E
TEST_81037,Not_E
TEST_81038,Not_E
TEST_81042,Not_E
TEST_81050,Not_E
TEST_81055,Not_E
TEST_81056,Not_E
TEST_81058,Not_E
TEST_81060,Not_E
TEST_81066,Not_E
TEST_81068,Not_E
TEST_81081,Not_E
TEST_81083,Not_E
TEST_81092,Not_E
TEST_81097,Not_E
TEST_81098,Not_E
TEST_81101,Not_E
TEST_81109,Not_E
TEST_81114,Not_E
TEST_81116,Not_E
TEST_81123,Not_E
TEST_81124,Not_E
TEST_81132,Not_E
TEST_81134,Not_E
TEST_81143,Not_E
TEST_81151,Not_E
TEST_81159,Not_E
TEST_81164,Not_E
TEST_81173,Not_E
TEST_81191,Not_E
TEST_81195,Not_E
TEST_81196,Not_E
TEST_81203,Not_E
TEST_81206,Not_E
TEST_81208,Not_E
TEST_81210,Not_E
TEST_81213,Not_E
TEST_81216,Not_E
TEST_81258,Not_E
TEST_81262,Not_E
TEST_81265,Not_E
TEST_81270,Not_E
TEST_81273,Not_E
TEST_81282,Not_E
TEST_81284,Not_E
TEST_81285,Not_E
TEST_81298,Not_E
TEST_81304,Not_E
TEST_81305,Not_E
TEST_81315,Not_E
TEST_81321,Not_E
TEST_81322,Not_E
TEST_81339,Not_E
TEST_81342,Not_E
TEST_81357,Not_E
TEST_81367,Not_E
TEST_81374,Not_E
TEST_81388,Not_E
TEST_81398,Not_E
TEST_81412,Not_E
TEST_81415,Not_E
TEST_81420,Not_E
TEST_81422,Not_E
TEST_81424,Not_E
TEST_81436,Not_E
TEST_81452,Not_E
TEST_81464,Not_E
TEST_81482,Not_E
TEST_81493,Not_E
TEST_81509,Not_E
TEST_81512,Not_E
TEST_81520,Not_E
TEST_81524,Not_E
TEST_81529,Not_E
TEST_81532,Not_E
TEST_81536,Not_E
TEST_81537,Not_E
TEST_81548,Not_E
TEST_81549,Not_E
TEST_81556,Not_E
TEST_81561,Not_E
TEST_81574,Not_E
TEST_81576,Not_E
TEST_81585,Not_E
TEST_81589,Not_E
TEST_81598,Not_E
TEST_81610,Not_E
TEST_81611,Not_E
TEST_81617,Not_E
TEST_81631,Not_E
TEST_81636,Not_E
TEST_81638,Not_E
TEST_81640,Not_E
TEST_81644,Not_E
TEST_81647,Not_E
TEST_81649,Not_E
TEST_81658,Not_E
TEST_81659,Not_E
TEST_81662,Not_E
TEST_81663,Not_E
TEST_81672,Not_E
TEST_81677,Not_E
TEST_81679,Not_E
TEST_81692,Not_E
TEST_81696,Not_E
TEST_81705,Not_E
TEST_81710,Not_E
TEST_81711,Not_E
TEST_81712,Not_E
TEST_81715,Not_E
TEST_81717,Not_E
TEST_81721,Not_E
TEST_81723,Not_E
TEST_81726,Not_E
TEST_81743,Not_E
TEST_81763,Not_E
TEST_81764,Not_E
TEST_81766,Not_E
TEST_81772,Not_E
TEST_81774,Not_E
TEST_81778,Not_E
TEST_81779,Not_E
TEST_81784,Not_E
TEST_81785,Not_E
TEST_81791,Not_E
TEST_81793,Not_E
TEST_81796,Not_E
TEST_81797,Not_E
TEST_81799,Not_E
TEST_81800,Not_E
TEST_81801,Not_E
TEST_81805,Not_E
TEST_81806,Not_E
TEST_81807,Not_E
TEST_81810,Not_E
TEST_81811,Not_E
TEST_81812,Not_E
TEST_81813,Not_E
TEST_81817,Not_E
TEST_81820,Not_E
TEST_81829,Not_E
TEST_81831,Not_E
TEST_81833,Not_E
TEST_81834,Not_E
TEST_81843,Not_E
TEST_81849,Not_E
TEST_81856,Not_E
TEST_81858,Not_E
TEST_81864,Not_E
TEST_81867,Not_E
TEST_81868,Not_E
TEST_81871,Not_E
TEST_81876,Not_E
TEST_81879,Not_E
TEST_81884,Not_E
TEST_81899,Not_E
TEST_81900,Not_E
TEST_81904,Not_E
TEST_81916,Not_E
TEST_81921,Not_E
TEST_81923,Not_E
TEST_81927,Not_E
TEST_81933,Not_E
TEST_81937,Not_E
TEST_81940,Not_E
TEST_81946,Not_E
TEST_81958,Not_E
TEST_81964,Not_E
TEST_81966,Not_E
TEST_81971,Not_E
TEST_81988,Not_E
TEST_81991,Not_E
TEST_81993,Not_E
TEST_81994,Not_E
TEST_82001,Not_E
TEST_82015,Not_E
TEST_82019,Not_E
TEST_82020,Not_E
TEST_82025,Not_E
TEST_82037,Not_E
TEST_82047,Not_E
TEST_82048,Not_E
TEST_82050,Not_E
TEST_82055,Not_E
TEST_82069,Not_E
TEST_82076,Not_E
TEST_82080,Not_E
TEST_82083,Not_E
TEST_82090,Not_E
TEST_82091,Not_E
TEST_82104,Not_E
TEST_82107,Not_E
TEST_82114,Not_E
TEST_82119,Not_E
TEST_82121,Not_E
TEST_82136,Not_E
TEST_82142,Not_E
TEST_82147,Not_E
TEST_82150,Not_E
TEST_82152,Not_E
TEST_82153,Not_E
TEST_82156,Not_E
TEST_82158,Not_E
TEST_82161,Not_E
TEST_82162,Not_E
TEST_82172,Not_E
TEST_82173,Not_E
TEST_82178,Not_E
TEST_82187,Not_E
TEST_82190,Not_E
TEST_82201,Not_E
TEST_82202,Not_E
TEST_82203,Not_E
TEST_82211,Not_E
TEST_82220,Not_E
TEST_82235,Not_E
TEST_82237,Not_E
TEST_82246,Not_E
TEST_82248,Not_E
TEST_82260,Not_E
TEST_82265,Not_E
TEST_82273,Not_E
TEST_82275,Not_E
TEST_82277,Not_E
TEST_82290,Not_E
TEST_82312,Not_E
TEST_82313,Not_E
TEST_82317,Not_E
TEST_82321,Not_E
TEST_82323,Not_E
TEST_82328,Not_E
TEST_82333,Not_E
TEST_82335,Not_E
TEST_82337,Not_E
TEST_82340,Not_E
TEST_82342,Not_E
TEST_82351,Not_E
TEST_82357,Not_E
TEST_82359,Not_E
TEST_82362,Not_E
TEST_82375,Not_E
TEST_82376,Not_E
TEST_82393,Not_E
TEST_82402,Not_E
TEST_82403,Not_E
TEST_82420,Not_E
TEST_82421,Not_E
TEST_82422,Not_E
TEST_82431,Not_E
TEST_82439,Not_E
TEST_82442,Not_E
TEST_82444,Not_E
TEST_82451,Not_E
TEST_82455,Not_E
TEST_82460,Not_E
TEST_82465,Not_E
TEST_82466,Not_E
TEST_82469,Not_E
TEST_82470,Not_E
TEST_82475,Not_E
TEST_82483,Not_E
TEST_82486,Not_E
TEST_82487,Not_E
TEST_82497,Not_E
TEST_82498,Not_E
TEST_82506,Not_E
TEST_82518,Not_E
TEST_82521,Not_E
TEST_82522,Not_E
TEST_82524,Not_E
TEST_82528,Not_E
TEST_82534,Not_E
TEST_82538,Not_E
TEST_82542,Not_E
TEST_82548,Not_E
TEST_82560,Not_E
TEST_82561,Not_E
TEST_82563,Not_E
TEST_82571,Not_E
TEST_82575,Not_E
TEST_82576,Not_E
TEST_82577,Not_E
TEST_82578,Not_E
TEST_82584,Not_E
TEST_82591,Not_E
TEST_82610,Not_E
TEST_82615,Not_E
TEST_82617,Not_E
TEST_82625,Not_E
TEST_82644,Not_E
TEST_82645,Not_E
TEST_82661,Not_E
TEST_82668,Not_E
TEST_82673,Not_E
TEST_82674,Not_E
TEST_82675,Not_E
TEST_82677,Not_E
TEST_82686,Not_E
TEST_82695,Not_E
TEST_82698,Not_E
TEST_82704,Not_E
TEST_82713,Not_E
TEST_82721,Not_E
TEST_82725,Not_E
TEST_82734,Not_E
TEST_82744,Not_E
TEST_82765,Not_E
TEST_82767,Not_E
TEST_82770,Not_E
TEST_82776,Not_E
TEST_82778,Not_E
TEST_82791,Not_E
TEST_82793,Not_E
TEST_82798,Not_E
TEST_82803,Not_E
TEST_82806,Not_E
TEST_82814,Not_E
TEST_82817,Not_E
TEST_82819,Not_E
TEST_82836,Not_E
TEST_82837,Not_E
TEST_82838,Not_E
TEST_82850,Not_E
TEST_82851,Not_E
TEST_82855,Not_E
TEST_82858,Not_E
TEST_82866,Not_E
TEST_82867,Not_E
TEST_82877,Not_E
TEST_82880,Not_E
TEST_82883,Not_E
TEST_82903,Not_E
TEST_82925,Not_E
TEST_82942,Not_E
TEST_82943,Not_E
TEST_82957,Not_E
TEST_82968,Not_E
TEST_82973,Not_E
TEST_82990,Not_E
TEST_82993,Not_E
TEST_82994,Not_E
TEST_82999,Not_E
TEST_83001,Not_E
TEST_83004,Not_E
TEST_83010,Not_E
TEST_83014,Not_E
TEST_83019,Not_E
TEST_83034,Not_E
TEST_83043,Not_E
TEST_83045,Not_E
TEST_83059,Not_E
TEST_83061,Not_E
TEST_83066,Not_E
TEST_83067,Not_E
TEST_83082,Not_E
TEST_83085,Not_E
TEST_83086,Not_E
TEST_83097,Not_E
TEST_83111,Not_E
TEST_83116,Not_E
TEST_83117,Not_E
TEST_83119,Not_E
TEST_83123,Not_E
TEST_83128,Not_E
TEST_83131,Not_E
TEST_83132,Not_E
TEST_83149,Not_E
TEST_83151,Not_E
TEST_83154,Not_E
TEST_83155,Not_E
TEST_83156,Not_E
TEST_83160,Not_E
TEST_83161,Not_E
TEST_83167,Not_E
TEST_83174,Not_E
TEST_83176,Not_E
TEST_83177,Not_E
TEST_83185,Not_E
TEST_83190,Not_E
TEST_83192,Not_E
TEST_83202,Not_E
TEST_83207,Not_E
TEST_83213,Not_E
TEST_83219,Not_E
TEST_83220,Not_E
TEST_83226,Not_E
TEST_83227,Not_E
TEST_83235,Not_E
TEST_83236,Not_E
TEST_83238,Not_E
TEST_83239,Not_E
TEST_83242,Not_E
TEST_83243,Not_E
TEST_83254,Not_E
TEST_83256,Not_E
TEST_83260,Not_E
TEST_83261,Not_E
TEST_83264,Not_E
TEST_83267,Not_E
TEST_83271,Not_E
TEST_83272,Not_E
TEST_83277,Not_E
TEST_83284,Not_E
TEST_83300,Not_E
TEST_83308,Not_E
TEST_83309,Not_E
TEST_83313,Not_E
TEST_83319,Not_E
TEST_83324,Not_E
TEST_83327,Not_E
TEST_83328,Not_E
TEST_83332,Not_E
TEST_83340,Not_E
TEST_83342,Not_E
TEST_83343,Not_E
TEST_83346,Not_E
TEST_83356,Not_E
TEST_83359,Not_E
TEST_83362,Not_E
TEST_83363,Not_E
TEST_83371,Not_E
TEST_83372,Not_E
TEST_83373,Not_E
TEST_83376,Not_E
TEST_83378,Not_E
TEST_83379,Not_E
TEST_83381,Not_E
TEST_83387,Not_E
TEST_83391,Not_E
TEST_83398,Not_E
TEST_83402,Not_E
TEST_83405,Not_E
TEST_83428,Not_E
TEST_83430,Not_E
TEST_83435,Not_E
TEST_83440,Not_E
TEST_83443,Not_E
TEST_83470,Not_E
TEST_83484,Not_E
TEST_83486,Not_E
TEST_83489,Not_E
TEST_83490,Not_E
TEST_83497,Not_E
TEST_83505,Not_E
TEST_83506,Not_E
TEST_83513,Not_E
TEST_83514,Not_E
TEST_83524,Not_E
TEST_83538,Not_E
TEST_83543,Not_E
TEST_83546,Not_E
TEST_83548,Not_E
TEST_83549,Not_E
TEST_83552,Not_E
TEST_83555,Not_E
TEST_83563,Not_E
TEST_83566,Not_E
TEST_83567,Not_E
TEST_83568,Not_E
TEST_83569,Not_E
TEST_83572,Not_E
TEST_83587,Not_E
TEST_83603,Not_E
TEST_83605,Not_E
TEST_83607,Not_E
TEST_83608,Not_E
TEST_83614,Not_E
TEST_83618,Not_E
TEST_83629,Not_E
TEST_83641,Not_E
TEST_83644,Not_E
TEST_83655,Not_E
TEST_83657,Not_E
TEST_83672,Not_E
TEST_83673,Not_E
TEST_83674,Not_E
TEST_83676,Not_E
TEST_83678,Not_E
TEST_83688,Not_E
TEST_83690,Not_E
TEST_83693,Not_E
TEST_83706,Not_E
TEST_83717,Not_E
TEST_83718,Not_E
TEST_83727,Not_E
TEST_83730,Not_E
TEST_83735,Not_E
TEST_83740,Not_E
TEST_83744,Not_E
TEST_83755,Not_E
TEST_83757,Not_E
TEST_83761,Not_E
TEST_83763,Not_E
TEST_83771,Not_E
TEST_83778,Not_E
TEST_83792,Not_E
TEST_83805,Not_E
TEST_83807,Not_E
TEST_83808,Not_E
TEST_83812,Not_E
TEST_83813,Not_E
TEST_83815,Not_E
TEST_83819,Not_E
TEST_83821,Not_E
TEST_83826,Not_E
TEST_83830,Not_E
TEST_83835,Not_E
TEST_83842,Not_E
TEST_83847,Not_E
TEST_83850,Not_E
TEST_83852,Not_E
TEST_83857,Not_E
TEST_83865,Not_E
TEST_83868,Not_E
TEST_83869,Not_E
TEST_83872,Not_E
TEST_83873,Not_E
TEST_83888,Not_E
TEST_83890,Not_E
TEST_83897,Not_E
TEST_83901,Not_E
TEST_83906,Not_E
TEST_83912,Not_E
TEST_83917,Not_E
TEST_83920,Not_E
TEST_83929,Not_E
TEST_83933,Not_E
TEST_83934,Not_E
TEST_83935,Not_E
TEST_83949,Not_E
TEST_83952,Not_E
TEST_83958,Not_E
TEST_83959,Not_E
TEST_83972,Not_E
TEST_83974,Not_E
TEST_83977,Not_E
TEST_84001,Not_E
TEST_84009,Not_E
TEST_84012,Not_E
TEST_84030,Not_E
TEST_84038,Not_E
TEST_84041,Not_E
TEST_84046,Not_E
TEST_84049,Not_E
TEST_84050,Not_E
TEST_84058,Not_E
TEST_84069,Not_E
TEST_84072,Not_E
TEST_84073,Not_E
TEST_84074,Not_E
TEST_84076,Not_E
TEST_84082,Not_E
TEST_84099,Not_E
TEST_84100,Not_E
TEST_84102,Not_E
TEST_84110,Not_E
TEST_84120,Not_E
TEST_84129,Not_E
TEST_84145,Not_E
TEST_84159,Not_E
TEST_84165,Not_E
TEST_84172,Not_E
TEST_84173,Not_E
TEST_84175,Not_E
TEST_84182,Not_E
TEST_84185,Not_E
TEST_84220,Not_E
TEST_84222,Not_E
TEST_84225,Not_E
TEST_84241,Not_E
TEST_84244,Not_E
TEST_84250,Not_E
TEST_84252,Not_E
TEST_84253,Not_E
TEST_84256,Not_E
TEST_84261,Not_E
TEST_84265,Not_E
TEST_84266,Not_E
TEST_84268,Not_E
TEST_84271,Not_E
TEST_84272,Not_E
TEST_84280,Not_E
TEST_84288,Not_E
TEST_84292,Not_E
TEST_84294,Not_E
TEST_84317,Not_E
TEST_84319,Not_E
TEST_84330,Not_E
TEST_84333,Not_E
TEST_84334,Not_E
TEST_84344,Not_E
TEST_84374,Not_E
TEST_84375,Not_E
TEST_84384,Not_E
TEST_84392,Not_E
TEST_84395,Not_E
TEST_84401,Not_E
TEST_84427,Not_E
TEST_84432,Not_E
TEST_84438,Not_E
TEST_84440,Not_E
TEST_84442,Not_E
TEST_84453,Not_E
TEST_84458,Not_E
TEST_84459,Not_E
TEST_84462,Not_E
TEST_84477,Not_E
TEST_84478,Not_E
TEST_84479,Not_E
TEST_84482,Not_E
TEST_84495,Not_E
TEST_84501,Not_E
TEST_84505,Not_E
TEST_84506,Not_E
TEST_84513,Not_E
TEST_84514,Not_E
TEST_84515,Not_E
TEST_84516,Not_E
TEST_84517,Not_E
TEST_84530,Not_E
TEST_84531,Not_E
TEST_84532,Not_E
TEST_84543,Not_E
TEST_84547,Not_E
TEST_84549,Not_E
TEST_84557,Not_E
TEST_84563,Not_E
TEST_84570,Not_E
TEST_84582,Not_E
TEST_84598,Not_E
TEST_84601,Not_E
TEST_84609,Not_E
TEST_84617,Not_E
TEST_84622,Not_E
TEST_84624,Not_E
TEST_84648,Not_E
TEST_84652,Not_E
TEST_84657,Not_E
TEST_84664,Not_E
TEST_84680,Not_E
TEST_84684,Not_E
TEST_84689,Not_E
TEST_84692,Not_E
TEST_84694,Not_E
TEST_84700,Not_E
TEST_84709,Not_E
TEST_84712,Not_E
TEST_84722,Not_E
TEST_84748,Not_E
TEST_84752,Not_E
TEST_84755,Not_E
TEST_84761,Not_E
TEST_84785,Not_E
TEST_84790,Not_E
TEST_84792,Not_E
TEST_84797,Not_E
TEST_84799,Not_E
TEST_84804,Not_E
TEST_84807,Not_E
TEST_84808,Not_E
TEST_84810,Not_E
TEST_84812,Not_E
TEST_84841,Not_E
TEST_84849,Not_E
TEST_84860,Not_E
TEST_84861,Not_E
TEST_84865,Not_E
TEST_84866,Not_E
TEST_84867,Not_E
TEST_84879,Not_E
TEST_84894,Not_E
TEST_84899,Not_E
TEST_84901,Not_E
TEST_84904,Not_E
TEST_84908,Not_E
TEST_84913,Not_E
TEST_84935,Not_E
TEST_84962,Not_E
TEST_84971,Not_E
TEST_84974,Not_E
TEST_84978,Not_E
TEST_84979,Not_E
TEST_84984,Not_E
TEST_84993,Not_E
TEST_85001,Not_E
TEST_85003,Not_E
TEST_85008,Not_E
TEST_85017,Not_E
TEST_85019,Not_E
TEST_85020,Not_E
TEST_85022,Not_E
TEST_85027,Not_E
TEST_85028,Not_E
TEST_85052,Not_E
TEST_85054,Not_E
TEST_85055,Not_E
TEST_85056,Not_E
TEST_85057,Not_E
TEST_85060,Not_E
TEST_85071,Not_E
TEST_85078,Not_E
TEST_85084,Not_E
TEST_85089,Not_E
TEST_85092,Not_E
TEST_85096,Not_E
TEST_85098,Not_E
TEST_85102,Not_E
TEST_85107,Not_E
TEST_85113,Not_E
TEST_85119,Not_E
TEST_85121,Not_E
TEST_85124,Not_E
TEST_85126,Not_E
TEST_85132,Not_E
TEST_85145,Not_E
TEST_85149,Not_E
TEST_85150,Not_E
TEST_85153,Not_E
TEST_85157,Not_E
TEST_85162,Not_E
TEST_85170,Not_E
TEST_85171,Not_E
TEST_85176,Not_E
TEST_85180,Not_E
TEST_85193,Not_E
TEST_85194,Not_E
TEST_85203,Not_E
TEST_85224,Not_E
TEST_85235,Not_E
TEST_85241,Not_E
TEST_85244,Not_E
TEST_85253,Not_E
TEST_85258,Not_E
TEST_85272,Not_E
TEST_85278,Not_E
TEST_85283,Not_E
TEST_85298,Not_E
TEST_85302,Not_E
TEST_85305,Not_E
TEST_85307,Not_E
TEST_85312,Not_E
TEST_85313,Not_E
TEST_85322,Not_E
TEST_85324,Not_E
TEST_85325,Not_E
TEST_85332,Not_E
TEST_85335,Not_E
TEST_85337,Not_E
TEST_85339,Not_E
TEST_85349,Not_E
TEST_85368,Not_E
TEST_85380,Not_E
TEST_85385,Not_E
TEST_85386,Not_E
TEST_85396,Not_E
TEST_85397,Not_E
TEST_85402,Not_E
TEST_85407,Not_E
TEST_85415,Not_E
TEST_85417,Not_E
TEST_85419,Not_E
TEST_85431,Not_E
TEST_85437,Not_E
TEST_85440,Not_E
TEST_85449,Not_E
TEST_85470,Not_E
TEST_85490,Not_E
TEST_85491,Not_E
TEST_85492,Not_E
TEST_85497,Not_E
TEST_85498,Not_E
TEST_85500,Not_E
TEST_85503,Not_E
TEST_85530,Not_E
TEST_85533,Not_E
TEST_85537,Not_E
TEST_85546,Not_E
TEST_85549,Not_E
TEST_85556,Not_E
TEST_85560,Not_E
TEST_85567,Not_E
TEST_85569,Not_E
TEST_85571,Not_E
TEST_85577,Not_E
TEST_85581,Not_E
TEST_85594,Not_E
TEST_85597,Not_E
TEST_85603,Not_E
TEST_85615,Not_E
TEST_85616,Not_E
TEST_85618,Not_E
TEST_85626,Not_E
TEST_85628,Not_E
TEST_85632,Not_E
TEST_85636,Not_E
TEST_85638,Not_E
TEST_85644,Not_E
TEST_85647,Not_E
TEST_85650,Not_E
TEST_85681,Not_E
TEST_85686,Not_E
TEST_85697,Not_E
TEST_85714,Not_E
TEST_85718,Not_E
TEST_85729,Not_E
TEST_85741,Not_E
TEST_85745,Not_E
TEST_85746,Not_E
TEST_85751,Not_E
TEST_85772,Not_E
TEST_85777,Not_E
TEST_85779,Not_E
TEST_85781,Not_E
TEST_85783,Not_E
TEST_85787,Not_E
TEST_85798,Not_E
TEST_85800,Not_E
TEST_85806,Not_E
TEST_85809,Not_E
TEST_85813,Not_E
TEST_85814,Not_E
TEST_85820,Not_E
TEST_85825,Not_E
TEST_85831,Not_E
TEST_85842,Not_E
TEST_85843,Not_E
TEST_85856,Not_E
TEST_85869,Not_E
TEST_85875,Not_E
TEST_85878,Not_E
TEST_85883,Not_E
TEST_85886,Not_E
TEST_85889,Not_E
TEST_85901,Not_E
TEST_85902,Not_E
TEST_85907,Not_E
TEST_85928,Not_E
TEST_85932,Not_E
TEST_85935,Not_E
TEST_85937,Not_E
TEST_85939,Not_E
TEST_85941,Not_E
TEST_85942,Not_E
TEST_85966,Not_E
TEST_85974,Not_E
TEST_85977,Not_E
TEST_85978,Not_E
TEST_85990,Not_E
TEST_86006,Not_E
TEST_86008,Not_E
TEST_86009,Not_E
TEST_86015,Not_E
TEST_86018,Not_E
TEST_86022,Not_E
TEST_86024,Not_E
TEST_86044,Not_E
TEST_86046,Not_E
TEST_86047,Not_E
TEST_86051,Not_E
TEST_86064,Not_E
TEST_86066,Not_E
TEST_86068,Not_E
TEST_86074,Not_E
TEST_86081,Not_E
TEST_86089,Not_E
TEST_86091,Not_E
TEST_86100,Not_E
TEST_86101,Not_E
TEST_86103,Not_E
TEST_86106,Not_E
TEST_86122,Not_E
TEST_86128,Not_E
TEST_86147,Not_E
TEST_86151,Not_E
TEST_86154,Not_E
TEST_86167,Not_E
TEST_86174,Not_E
TEST_86175,Not_E
TEST_86178,Not_E
TEST_86188,Not_E
TEST_86198,Not_E
TEST_86199,Not_E
TEST_86218,Not_E
TEST_86244,Not_E
TEST_86246,Not_E
TEST_86251,Not_E
TEST_86259,Not_E
TEST_86264,Not_E
TEST_86269,Not_E
TEST_86270,Not_E
TEST_86286,Not_E
TEST_86293,Not_E
TEST_86304,Not_E
TEST_86305,Not_E
TEST_86306,Not_E
TEST_86310,Not_E
TEST_86313,Not_E
TEST_86315,Not_E
TEST_86319,Not_E
TEST_86328,Not_E
TEST_86331,Not_E
TEST_86335,Not_E
TEST_86344,Not_E
TEST_86350,Not_E
TEST_86355,Not_E
TEST_86357,Not_E
TEST_86363,Not_E
TEST_86365,Not_E
TEST_86372,Not_E
TEST_86373,Not_E
TEST_86380,Not_E
TEST_86382,Not_E
TEST_86394,Not_E
TEST_86395,Not_E
TEST_86397,Not_E
TEST_86402,Not_E
TEST_86407,Not_E
TEST_86421,Not_E
TEST_86431,Not_E
TEST_86435,Not_E
TEST_86437,Not_E
TEST_86445,Not_E
TEST_86476,Not_E
TEST_86489,Not_E
TEST_86497,Not_E
TEST_86508,Not_E
TEST_86532,Not_E
TEST_86534,Not_E
TEST_86541,Not_E
TEST_86557,Not_E
TEST_86566,Not_E
TEST_86575,Not_E
TEST_86576,Not_E
TEST_86577,Not_E
TEST_86579,Not_E
TEST_86580,Not_E
TEST_86586,Not_E
TEST_86590,Not_E
TEST_86600,Not_E
TEST_86605,Not_E
TEST_86620,Not_E
TEST_86624,Not_E
TEST_86625,Not_E
TEST_86644,Not_E
TEST_86650,Not_E
TEST_86662,Not_E
TEST_86664,Not_E
TEST_86666,Not_E
TEST_86670,Not_E
TEST_86673,Not_E
TEST_86687,Not_E
TEST_86688,Not_E
TEST_86693,Not_E
TEST_86705,Not_E
TEST_86707,Not_E
TEST_86709,Not_E
TEST_86715,Not_E
TEST_86716,Not_E
TEST_86721,Not_E
TEST_86724,Not_E
TEST_86735,Not_E
TEST_86736,Not_E
TEST_86749,Not_E
TEST_86752,Not_E
TEST_86756,Not_E
TEST_86763,Not_E
TEST_86765,Not_E
TEST_86786,Not_E
TEST_86798,Not_E
TEST_86817,Not_E
TEST_86826,Not_E
TEST_86838,Not_E
TEST_86841,Not_E
TEST_86855,Not_E
TEST_86856,Not_E
TEST_86860,Not_E
TEST_86863,Not_E
TEST_86881,Not_E
TEST_86885,Not_E
TEST_86890,Not_E
TEST_86906,Not_E
TEST_86913,Not_E
TEST_86914,Not_E
TEST_86915,Not_E
TEST_86924,Not_E
TEST_86932,Not_E
TEST_86933,Not_E
TEST_86944,Not_E
TEST_86952,Not_E
TEST_86953,Not_E
TEST_86955,Not_E
TEST_86956,Not_E
TEST_86967,Not_E
TEST_86975,Not_E
TEST_86982,Not_E
TEST_86991,Not_E
TEST_86993,Not_E
TEST_86998,Not_E
TEST_86999,Not_E
TEST_87006,Not_E
TEST_87010,Not_E
TEST_87012,Not_E
TEST_87020,Not_E
TEST_87029,Not_E
TEST_87030,Not_E
TEST_87037,Not_E
TEST_87049,Not_E
TEST_87057,Not_E
TEST_87060,Not_E
TEST_87067,Not_E
TEST_87087,Not_E
TEST_87089,Not_E
TEST_87096,Not_E
TEST_87105,Not_E
TEST_87106,Not_E
TEST_87107,Not_E
TEST_87113,Not_E
TEST_87116,Not_E
TEST_87124,Not_E
TEST_87141,Not_E
TEST_87142,Not_E
TEST_87155,Not_E
TEST_87165,Not_E
TEST_87171,Not_E
TEST_87200,Not_E
TEST_87201,Not_E
TEST_87212,Not_E
TEST_87213,Not_E
TEST_87230,Not_E
TEST_87235,Not_E
TEST_87237,Not_E
TEST_87241,Not_E
TEST_87249,Not_E
TEST_87250,Not_E
TEST_87257,Not_E
TEST_87266,Not_E
TEST_87282,Not_E
TEST_87283,Not_E
TEST_87292,Not_E
TEST_87296,Not_E
TEST_87301,Not_E
TEST_87307,Not_E
TEST_87313,Not_E
TEST_87317,Not_E
TEST_87318,Not_E
TEST_87328,Not_E
TEST_87338,Not_E
TEST_87345,Not_E
TEST_87353,Not_E
TEST_87358,Not_E
TEST_87369,Not_E
TEST_87384,Not_E
TEST_87391,Not_E
TEST_87393,Not_E
TEST_87398,Not_E
TEST_87404,Not_E
TEST_87412,Not_E
TEST_87416,Not_E
TEST_87423,Not_E
TEST_87443,Not_E
TEST_87457,Not_E
TEST_87464,Not_E
TEST_87471,Not_E
TEST_87472,Not_E
TEST_87481,Not_E
TEST_87495,Not_E
TEST_87496,Not_E
TEST_87500,Not_E
TEST_87504,Not_E
TEST_87508,Not_E
TEST_87517,Not_E
TEST_87521,Not_E
TEST_87526,Not_E
TEST_87529,Not_E
TEST_87531,Not_E
TEST_87536,Not_E
TEST_87546,Not_E
TEST_87549,Not_E
TEST_87550,Not_E
TEST_87553,Not_E
TEST_87555,Not_E
TEST_87557,Not_E
TEST_87558,Not_E
TEST_87563,Not_E
TEST_87572,Not_E
TEST_87577,Not_E
TEST_87580,Not_E
TEST_87591,Not_E
TEST_87593,Not_E
TEST_87602,Not_E
TEST_87610,Not_E
TEST_87613,Not_E
TEST_87615,Not_E
TEST_87618,Not_E
TEST_87620,Not_E
TEST_87622,Not_E
TEST_87634,Not_E
TEST_87637,Not_E
TEST_87648,Not_E
TEST_87654,Not_E
TEST_87660,Not_E
TEST_87662,Not_E
TEST_87664,Not_E
TEST_87667,Not_E
TEST_87679,Not_E
TEST_87680,Not_E
TEST_87691,Not_E
TEST_87695,Not_E
TEST_87714,Not_E
TEST_87718,Not_E
TEST_87723,Not_E
TEST_87729,Not_E
TEST_87741,Not_E
TEST_87747,Not_E
TEST_87751,Not_E
TEST_87752,Not_E
TEST_87757,Not_E
TEST_87763,Not_E
TEST_87774,Not_E
TEST_87780,Not_E
TEST_87781,Not_E
TEST_87783,Not_E
TEST_87784,Not_E
TEST_87793,Not_E
TEST_87797,Not_E
TEST_87799,Not_E
TEST_87802,Not_E
TEST_87806,Not_E
TEST_87815,Not_E
TEST_87822,Not_E
TEST_87828,Not_E
TEST_87833,Not_E
TEST_87844,Not_E
TEST_87861,Not_E
TEST_87865,Not_E
TEST_87872,Not_E
TEST_87873,Not_E
TEST_87885,Not_E
TEST_87886,Not_E
TEST_87897,Not_E
TEST_87905,Not_E
TEST_87908,Not_E
TEST_87909,Not_E
TEST_87917,Not_E
TEST_87919,Not_E
TEST_87920,Not_E
TEST_87933,Not_E
TEST_87938,Not_E
TEST_87939,Not_E
TEST_87944,Not_E
TEST_87952,Not_E
TEST_87958,Not_E
TEST_87961,Not_E
TEST_87962,Not_E
TEST_87965,Not_E
TEST_87966,Not_E
TEST_87969,Not_E
TEST_87970,Not_E
TEST_87974,Not_E
TEST_87977,Not_E
TEST_87986,Not_E
TEST_87994,Not_E
TEST_88008,Not_E
TEST_88012,Not_E
TEST_88022,Not_E
TEST_88024,Not_E
TEST_88025,Not_E
TEST_88038,Not_E
TEST_88056,Not_E
TEST_88065,Not_E
TEST_88071,Not_E
TEST_88077,Not_E
TEST_88088,Not_E
TEST_88110,Not_E
TEST_88113,Not_E
TEST_88117,Not_E
TEST_88120,Not_E
TEST_88124,Not_E
TEST_88125,Not_E
TEST_88126,Not_E
TEST_88139,Not_E
TEST_88140,Not_E
TEST_88145,Not_E
TEST_88153,Not_E
TEST_88157,Not_E
TEST_88159,Not_E
TEST_88161,Not_E
TEST_88176,Not_E
TEST_88179,Not_E
TEST_88185,Not_E
TEST_88209,Not_E
TEST_88214,Not_E
TEST_88215,Not_E
TEST_88239,Not_E
TEST_88247,Not_E
TEST_88249,Not_E
TEST_88251,Not_E
TEST_88252,Not_E
TEST_88254,Not_E
TEST_88256,Not_E
TEST_88257,Not_E
TEST_88260,Not_E
TEST_88261,Not_E
TEST_88269,Not_E
TEST_88270,Not_E
TEST_88273,Not_E
TEST_88276,Not_E
TEST_88278,Not_E
TEST_88280,Not_E
TEST_88284,Not_E
TEST_88287,Not_E
TEST_88290,Not_E
TEST_88302,Not_E
TEST_88307,Not_E
TEST_88308,Not_E
TEST_88313,Not_E
TEST_88327,Not_E
TEST_88337,Not_E
TEST_88342,Not_E
TEST_88354,Not_E
TEST_88359,Not_E
TEST_88367,Not_E
TEST_88375,Not_E
TEST_88382,Not_E
TEST_88388,Not_E
TEST_88390,Not_E
TEST_88394,Not_E
TEST_88398,Not_E
TEST_88404,Not_E
TEST_88405,Not_E
TEST_88406,Not_E
TEST_88412,Not_E
TEST_88418,Not_E
TEST_88419,Not_E
TEST_88421,Not_E
TEST_88422,Not_E
TEST_88429,Not_E
TEST_88431,Not_E
TEST_88445,Not_E
TEST_88446,Not_E
TEST_88451,Not_E
TEST_88455,Not_E
TEST_88460,Not_E
TEST_88469,Not_E
TEST_88474,Not_E
TEST_88480,Not_E
TEST_88506,Not_E
TEST_88520,Not_E
TEST_88536,Not_E
TEST_88540,Not_E
TEST_88541,Not_E
TEST_88558,Not_E
TEST_88559,Not_E
TEST_88561,Not_E
TEST_88589,Not_E
TEST_88590,Not_E
TEST_88592,Not_E
TEST_88619,Not_E
TEST_88620,Not_E
TEST_88622,Not_E
TEST_88633,Not_E
TEST_88642,Not_E
TEST_88643,Not_E
TEST_88646,Not_E
TEST_88647,Not_E
TEST_88665,Not_E
TEST_88676,Not_E
TEST_88683,Not_E
TEST_88689,Not_E
TEST_88691,Not_E
TEST_88693,Not_E
TEST_88699,Not_E
TEST_88711,Not_E
TEST_88724,Not_E
TEST_88743,Not_E
TEST_88746,Not_E
TEST_88749,Not_E
TEST_88750,Not_E
TEST_88765,Not_E
TEST_88767,Not_E
TEST_88780,Not_E
TEST_88791,Not_E
TEST_88793,Not_E
TEST_88794,Not_E
TEST_88795,Not_E
TEST_88805,Not_E
TEST_88809,Not_E
TEST_88811,Not_E
TEST_88823,Not_E
TEST_88832,Not_E
TEST_88834,Not_E
TEST_88838,Not_E
TEST_88840,Not_E
TEST_88852,Not_E
TEST_88857,Not_E
TEST_88864,Not_E
TEST_88865,Not_E
TEST_88869,Not_E
TEST_88871,Not_E
TEST_88872,Not_E
TEST_88873,Not_E
TEST_88884,Not_E
TEST_88890,Not_E
TEST_88892,Not_E
TEST_88899,Not_E
TEST_88906,Not_E
TEST_88907,Not_E
TEST_88918,Not_E
TEST_88920,Not_E
TEST_88922,Not_E
TEST_88927,Not_E
TEST_88930,Not_E
TEST_88933,Not_E
TEST_88939,Not_E
TEST_88952,Not_E
TEST_88953,Not_E
TEST_88960,Not_E
TEST_88975,Not_E
TEST_88988,Not_E
TEST_88991,Not_E
TEST_89004,Not_E
TEST_89005,Not_E
TEST_89006,Not_E
TEST_89010,Not_E
TEST_89011,Not_E
TEST_89022,Not_E
TEST_89029,Not_E
TEST_89044,Not_E
TEST_89049,Not_E
TEST_89051,Not_E
TEST_89055,Not_E
TEST_89060,Not_E
TEST_89071,Not_E
TEST_89083,Not_E
TEST_89088,Not_E
TEST_89089,Not_E
TEST_89091,Not_E
TEST_89097,Not_E
TEST_89099,Not_E
TEST_89120,Not_E
TEST_89121,Not_E
TEST_89132,Not_E
TEST_89139,Not_E
TEST_89143,Not_E
TEST_89144,Not_E
TEST_89146,Not_E
TEST_89147,Not_E
TEST_89148,Not_E
TEST_89154,Not_E
TEST_89159,Not_E
TEST_89164,Not_E
TEST_89168,Not_E
TEST_89169,Not_E
TEST_89170,Not_E
TEST_89174,Not_E
TEST_89175,Not_E
TEST_89184,Not_E
TEST_89186,Not_E
TEST_89204,Not_E
TEST_89208,Not_E
TEST_89217,Not_E
TEST_89225,Not_E
TEST_89229,Not_E
TEST_89231,Not_E
TEST_89232,Not_E
TEST_89234,Not_E
TEST_89250,Not_E
TEST_89256,Not_E
TEST_89257,Not_E
TEST_89263,Not_E
TEST_89267,Not_E
TEST_89268,Not_E
TEST_89269,Not_E
TEST_89276,Not_E
TEST_89279,Not_E
TEST_89281,Not_E
TEST_89283,Not_E
TEST_89288,Not_E
TEST_89302,Not_E
TEST_89308,Not_E
TEST_89323,Not_E
TEST_89335,Not_E
TEST_89336,Not_E
TEST_89339,Not_E
TEST_89341,Not_E
TEST_89359,Not_E
TEST_89360,Not_E
TEST_89365,Not_E
TEST_89367,Not_E
TEST_89377,Not_E
TEST_89378,Not_E
TEST_89384,Not_E
TEST_89391,Not_E
TEST_89393,Not_E
TEST_89400,Not_E
TEST_89407,Not_E
TEST_89416,Not_E
TEST_89420,Not_E
TEST_89434,Not_E
TEST_89443,Not_E
TEST_89450,Not_E
TEST_89453,Not_E
TEST_89464,Not_E
TEST_89469,Not_E
TEST_89476,Not_E
TEST_89480,Not_E
TEST_89483,Not_E
TEST_89486,Not_E
TEST_89487,Not_E
TEST_89496,Not_E
TEST_89503,Not_E
TEST_89506,Not_E
TEST_89509,Not_E
TEST_89520,Not_E
TEST_89533,Not_E
TEST_89535,Not_E
TEST_89539,Not_E
TEST_89548,Not_E
TEST_89555,Not_E
TEST_89558,Not_E
TEST_89565,Not_E
TEST_89577,Not_E
TEST_89587,Not_E
TEST_89594,Not_E
TEST_89597,Not_E
TEST_89600,Not_E
TEST_89611,Not_E
TEST_89619,Not_E
TEST_89624,Not_E
TEST_89627,Not_E
TEST_89633,Not_E
TEST_89636,Not_E
TEST_89639,Not_E
TEST_89646,Not_E
TEST_89649,Not_E
TEST_89653,Not_E
TEST_89654,Not_E
TEST_89658,Not_E
TEST_89659,Not_E
TEST_89675,Not_E
TEST_89690,Not_E
TEST_89692,Not_E
TEST_89699,Not_E
TEST_89701,Not_E
TEST_89708,Not_E
TEST_89717,Not_E
TEST_89731,Not_E
TEST_89737,Not_E
TEST_89742,Not_E
TEST_89749,Not_E
TEST_89754,Not_E
TEST_89755,Not_E
TEST_89761,Not_E
TEST_89773,Not_E
TEST_89774,Not_E
TEST_89780,Not_E
TEST_89790,Not_E
TEST_89807,Not_E
TEST_89815,Not_E
TEST_89834,Not_E
TEST_89838,Not_E
TEST_89842,Not_E
TEST_89874,Not_E
TEST_89880,Not_E
TEST_89887,Not_E
TEST_89895,Not_E
TEST_89911,Not_E
TEST_89914,Not_E
TEST_89920,Not_E
TEST_89930,Not_E
TEST_89933,Not_E
TEST_89938,Not_E
TEST_89939,Not_E
TEST_89941,Not_E
TEST_89942,Not_E
TEST_89946,Not_E
TEST_89950,Not_E
TEST_89956,Not_E
TEST_89957,Not_E
TEST_89958,Not_E
TEST_89960,Not_E
TEST_89965,Not_E
TEST_89967,Not_E
TEST_89978,Not_E
TEST_89979,Not_E
TEST_89981,Not_E
TEST_89989,Not_E
TEST_89997,Not_E
TEST_89999,Not_E
TEST_90005,Not_E
TEST_90006,Not_E
TEST_90017,Not_E
TEST_90021,Not_E
TEST_90027,Not_E
TEST_90030,Not_E
TEST_90036,Not_E
TEST_90037,Not_E
TEST_90039,Not_E
TEST_90041,Not_E
TEST_90042,Not_E
TEST_90047,Not_E
TEST_90053,Not_E
TEST_90067,Not_E
TEST_90090,Not_E
TEST_90093,Not_E
TEST_90110,Not_E
TEST_90112,Not_E
TEST_90128,Not_E
TEST_90134,Not_E
TEST_90137,Not_E
TEST_90141,Not_E
TEST_90154,Not_E
TEST_90162,Not_E
TEST_90165,Not_E
TEST_90174,Not_E
TEST_90175,Not_E
TEST_90177,Not_E
TEST_90186,Not_E
TEST_90187,Not_E
TEST_90209,Not_E
TEST_90210,Not_E
TEST_90216,Not_E
TEST_90219,Not_E
TEST_90222,Not_E
TEST_90225,Not_E
TEST_90229,Not_E
TEST_90233,Not_E
TEST_90244,Not_E
TEST_90266,Not_E
TEST_90267,Not_E
TEST_90273,Not_E
TEST_90274,Not_E
TEST_90278,Not_E
TEST_90279,Not_E
TEST_90283,Not_E
TEST_90284,Not_E
TEST_90288,Not_E
TEST_90289,Not_E
TEST_90296,Not_E
TEST_90302,Not_E
TEST_90305,Not_E
TEST_90311,Not_E
TEST_90322,Not_E
TEST_90333,Not_E
TEST_90343,Not_E
TEST_90344,Not_E
TEST_90347,Not_E
TEST_90364,Not_E
TEST_90383,Not_E
TEST_90394,Not_E
TEST_90403,Not_E
TEST_90406,Not_E
TEST_90411,Not_E
TEST_90412,Not_E
TEST_90419,Not_E
TEST_90424,Not_E
TEST_90439,Not_E
TEST_90441,Not_E
TEST_90443,Not_E
TEST_90472,Not_E
TEST_90475,Not_E
TEST_90478,Not_E
TEST_90479,Not_E
TEST_90483,Not_E
TEST_90484,Not_E
TEST_90485,Not_E
TEST_90488,Not_E
TEST_90491,Not_E
TEST_90497,Not_E
TEST_90499,Not_E
TEST_90502,Not_E
TEST_90512,Not_E
TEST_90514,Not_E
TEST_90522,Not_E
TEST_90527,Not_E
TEST_90533,Not_E
TEST_90537,Not_E
TEST_90541,Not_E
TEST_90543,Not_E
TEST_90546,Not_E
TEST_90551,Not_E
TEST_90561,Not_E
TEST_90579,Not_E
TEST_90597,Not_E
TEST_90605,Not_E
TEST_90606,Not_E
TEST_90609,Not_E
TEST_90614,Not_E
TEST_90619,Not_E
TEST_90624,Not_E
TEST_90638,Not_E
TEST_90646,Not_E
TEST_90649,Not_E
TEST_90660,Not_E
TEST_90663,Not_E
TEST_90668,Not_E
TEST_90673,Not_E
TEST_90678,Not_E
TEST_90683,Not_E
TEST_90685,Not_E
TEST_90689,Not_E
TEST_90695,Not_E
TEST_90698,Not_E
TEST_90708,Not_E
TEST_90721,Not_E
TEST_90740,Not_E
TEST_90742,Not_E
TEST_90743,Not_E
TEST_90751,Not_E
TEST_90758,Not_E
TEST_90767,Not_E
TEST_90769,Not_E
TEST_90776,Not_E
TEST_90779,Not_E
TEST_90783,Not_E
TEST_90792,Not_E
TEST_90813,Not_E
TEST_90818,Not_E
TEST_90824,Not_E
TEST_90831,Not_E
TEST_90833,Not_E
TEST_90839,Not_E
TEST_90842,Not_E
TEST_90844,Not_E
TEST_90849,Not_E
TEST_90853,Not_E
TEST_90860,Not_E
TEST_90871,Not_E
TEST_90889,Not_E
TEST_90890,Not_E
TEST_90892,Not_E
TEST_90896,Not_E
TEST_90903,Not_E
TEST_90914,Not_E
TEST_90927,Not_E
TEST_90929,Not_E
TEST_90931,Not_E
TEST_90938,Not_E
TEST_90944,Not_E
TEST_90947,Not_E
TEST_90950,Not_E
TEST_90954,Not_E
TEST_90960,Not_E
TEST_90990,Not_E
TEST_91007,Not_E
TEST_91010,Not_E
TEST_91016,Not_E
TEST_91022,Not_E
TEST_91029,Not_E
TEST_91040,Not_E
TEST_91043,Not_E
TEST_91046,Not_E
TEST_91052,Not_E
TEST_91056,Not_E
TEST_91060,Not_E
TEST_91067,Not_E
TEST_91071,Not_E
TEST_91072,Not_E
TEST_91081,Not_E
TEST_91084,Not_E
TEST_91097,Not_E
TEST_91098,Not_E
TEST_91099,Not_E
TEST_91113,Not_E
TEST_91117,Not_E
TEST_91125,Not_E
TEST_91132,Not_E
TEST_91135,Not_E
TEST_91136,Not_E
TEST_91144,Not_E
TEST_91149,Not_E
TEST_91151,Not_E
TEST_91155,Not_E
TEST_91158,Not_E
TEST_91163,Not_E
TEST_91169,Not_E
TEST_91190,Not_E
TEST_91192,Not_E
TEST_91193,Not_E
TEST_91195,Not_E
TEST_91199,Not_E
TEST_91210,Not_E
TEST_91221,Not_E
TEST_91224,Not_E
TEST_91227,Not_E
TEST_91229,Not_E
TEST_91236,Not_E
TEST_91238,Not_E
TEST_91244,Not_E
TEST_91248,Not_E
TEST_91252,Not_E
TEST_91253,Not_E
TEST_91255,Not_E
TEST_91262,Not_E
TEST_91273,Not_E
TEST_91287,Not_E
TEST_91297,Not_E
TEST_91299,Not_E
TEST_91303,Not_E
TEST_91307,Not_E
TEST_91308,Not_E
TEST_91318,Not_E
TEST_91321,Not_E
TEST_91328,Not_E
TEST_91330,Not_E
TEST_91332,Not_E
TEST_91337,Not_E
TEST_91338,Not_E
TEST_91346,Not_E
TEST_91358,Not_E
TEST_91368,Not_E
TEST_91377,Not_E
TEST_91390,Not_E
TEST_91401,Not_E
TEST_91406,Not_E
TEST_91408,Not_E
TEST_91416,Not_E
TEST_91418,Not_E
TEST_91419,Not_E
TEST_91422,Not_E
TEST_91424,Not_E
TEST_91425,Not_E
TEST_91429,Not_E
TEST_91439,Not_E
TEST_91440,Not_E
TEST_91448,Not_E
TEST_91449,Not_E
TEST_91455,Not_E
TEST_91464,Not_E
TEST_91469,Not_E
TEST_91470,Not_E
TEST_91471,Not_E
TEST_91473,Not_E
TEST_91482,Not_E
TEST_91483,Not_E
TEST_91490,Not_E
TEST_91493,Not_E
TEST_91500,Not_E
TEST_91511,Not_E
TEST_91520,Not_E
TEST_91533,Not_E
TEST_91539,Not_E
TEST_91547,Not_E
TEST_91560,Not_E
TEST_91570,Not_E
TEST_91581,Not_E
TEST_91592,Not_E
TEST_91601,Not_E
TEST_91609,Not_E
TEST_91610,Not_E
TEST_91612,Not_E
TEST_91620,Not_E
TEST_91626,Not_E
TEST_91629,Not_E
TEST_91630,Not_E
TEST_91632,Not_E
TEST_91641,Not_E
TEST_91659,Not_E
TEST_91662,Not_E
TEST_91669,Not_E
TEST_91672,Not_E
TEST_91678,Not_E
TEST_91681,Not_E
TEST_91690,Not_E
TEST_91691,Not_E
TEST_91692,Not_E
TEST_91699,Not_E
TEST_91700,Not_E
TEST_91707,Not_E
TEST_91711,Not_E
TEST_91713,Not_E
TEST_91740,Not_E
TEST_91746,Not_E
TEST_91752,Not_E
TEST_91755,Not_E
TEST_91763,Not_E
TEST_91764,Not_E
TEST_91785,Not_E
TEST_91794,Not_E
TEST_91795,Not_E
TEST_91806,Not_E
TEST_91810,Not_E
TEST_91816,Not_E
TEST_91821,Not_E
TEST_91822,Not_E
TEST_91825,Not_E
TEST_91834,Not_E
TEST_91839,Not_E
TEST_91846,Not_E
TEST_91856,Not_E
TEST_91858,Not_E
TEST_91873,Not_E
TEST_91887,Not_E
TEST_91894,Not_E
TEST_91896,Not_E
TEST_91898,Not_E
TEST_91900,Not_E
TEST_91912,Not_E
TEST_91914,Not_E
TEST_91916,Not_E
TEST_91918,Not_E
TEST_91927,Not_E
TEST_91928,Not_E
TEST_91930,Not_E
TEST_91931,Not_E
TEST_91933,Not_E
TEST_91938,Not_E
TEST_91939,Not_E
TEST_91943,Not_E
TEST_91944,Not_E
TEST_91948,Not_E
TEST_91957,Not_E
TEST_91959,Not_E
TEST_91964,Not_E
TEST_91966,Not_E
TEST_91967,Not_E
TEST_91985,Not_E
TEST_91990,Not_E
TEST_91998,Not_E
TEST_92003,Not_E
TEST_92004,Not_E
TEST_92026,Not_E
TEST_92029,Not_E
TEST_92030,Not_E
TEST_92031,Not_E
TEST_92040,Not_E
TEST_92051,Not_E
TEST_92054,Not_E
TEST_92057,Not_E
TEST_92060,Not_E
TEST_92063,Not_E
TEST_92067,Not_E
TEST_92085,Not_E
TEST_92090,Not_E
TEST_92093,Not_E
TEST_92100,Not_E
TEST_92102,Not_E
TEST_92103,Not_E
TEST_92115,Not_E
TEST_92125,Not_E
TEST_92128,Not_E
TEST_92129,Not_E
TEST_92131,Not_E
TEST_92133,Not_E
TEST_92137,Not_E
TEST_92142,Not_E
TEST_92143,Not_E
TEST_92146,Not_E
TEST_92154,Not_E
TEST_92159,Not_E
TEST_92168,Not_E
TEST_92169,Not_E
TEST_92174,Not_E
TEST_92187,Not_E
TEST_92194,Not_E
TEST_92201,Not_E
TEST_92209,Not_E
TEST_92210,Not_E
TEST_92217,Not_E
TEST_92223,Not_E
TEST_92226,Not_E
TEST_92228,Not_E
TEST_92236,Not_E
TEST_92239,Not_E
TEST_92242,Not_E
TEST_92251,Not_E
TEST_92253,Not_E
TEST_92258,Not_E
TEST_92261,Not_E
TEST_92276,Not_E
TEST_92277,Not_E
TEST_92283,Not_E
TEST_92285,Not_E
TEST_92286,Not_E
TEST_92290,Not_E
TEST_92292,Not_E
TEST_92304,Not_E
TEST_92306,Not_E
TEST_92326,Not_E
TEST_92336,Not_E
TEST_92342,Not_E
TEST_92349,Not_E
TEST_92362,Not_E
TEST_92364,Not_E
TEST_92371,Not_E
TEST_92372,Not_E
TEST_92378,Not_E
TEST_92381,Not_E
TEST_92386,Not_E
TEST_92395,Not_E
TEST_92398,Not_E
TEST_92405,Not_E
TEST_92409,Not_E
TEST_92419,Not_E
TEST_92420,Not_E
TEST_92425,Not_E
TEST_92427,Not_E
TEST_92435,Not_E
TEST_92438,Not_E
TEST_92440,Not_E
TEST_92445,Not_E
TEST_92456,Not_E
TEST_92462,Not_E
TEST_92463,Not_E
TEST_92467,Not_E
TEST_92473,Not_E
TEST_92483,Not_E
TEST_92485,Not_E
TEST_92486,Not_E
TEST_92496,Not_E
TEST_92499,Not_E
TEST_92500,Not_E
TEST_92505,Not_E
TEST_92507,Not_E
TEST_92509,Not_E
TEST_92514,Not_E
TEST_92516,Not_E
TEST_92519,Not_E
TEST_92535,Not_E
TEST_92537,Not_E
TEST_92543,Not_E
TEST_92545,Not_E
TEST_92550,Not_E
TEST_92552,Not_E
TEST_92557,Not_E
TEST_92570,Not_E
TEST_92582,Not_E
TEST_92587,Not_E
TEST_92588,Not_E
TEST_92592,Not_E
TEST_92598,Not_E
TEST_92601,Not_E
TEST_92603,Not_E
TEST_92607,Not_E
TEST_92613,Not_E
TEST_92620,Not_E
TEST_92630,Not_E
TEST_92633,Not_E
TEST_92634,Not_E
TEST_92637,Not_E
TEST_92638,Not_E
TEST_92641,Not_E
TEST_92648,Not_E
TEST_92654,Not_E
TEST_92656,Not_E
TEST_92660,Not_E
TEST_92662,Not_E
TEST_92664,Not_E
TEST_92670,Not_E
TEST_92676,Not_E
TEST_92689,Not_E
TEST_92701,Not_E
TEST_92704,Not_E
TEST_92716,Not_E
TEST_92723,Not_E
TEST_92728,Not_E
TEST_92730,Not_E
TEST_92741,Not_E
TEST_92745,Not_E
TEST_92748,Not_E
TEST_92750,Not_E
TEST_92757,Not_E
TEST_92774,Not_E
TEST_92779,Not_E
TEST_92811,Not_E
TEST_92823,Not_E
TEST_92874,Not_E
TEST_92890,Not_E
TEST_92900,Not_E
TEST_92907,Not_E
TEST_92915,Not_E
TEST_92929,Not_E
TEST_92936,Not_E
TEST_92942,Not_E
TEST_92947,Not_E
TEST_92948,Not_E
TEST_92952,Not_E
TEST_92963,Not_E
TEST_92965,Not_E
TEST_92978,Not_E
TEST_92981,Not_E
TEST_92982,Not_E
TEST_92996,Not_E
TEST_93029,Not_E
TEST_93032,Not_E
TEST_93041,Not_E
TEST_93046,Not_E
TEST_93050,Not_E
TEST_93053,Not_E
TEST_93059,Not_E
TEST_93077,Not_E
TEST_93086,Not_E
TEST_93088,Not_E
TEST_93096,Not_E
TEST_93099,Not_E
TEST_93100,Not_E
TEST_93101,Not_E
TEST_93103,Not_E
TEST_93107,Not_E
TEST_93110,Not_E
TEST_93112,Not_E
TEST_93122,Not_E
TEST_93126,Not_E
TEST_93132,Not_E
TEST_93134,Not_E
TEST_93140,Not_E
TEST_93141,Not_E
TEST_93143,Not_E
TEST_93164,Not_E
TEST_93173,Not_E
TEST_93187,Not_E
TEST_93198,Not_E
TEST_93201,Not_E
TEST_93204,Not_E
TEST_93218,Not_E
TEST_93223,Not_E
TEST_93241,Not_E
TEST_93245,Not_E
TEST_93246,Not_E
TEST_93251,Not_E
TEST_93264,Not_E
TEST_93271,Not_E
TEST_93275,Not_E
TEST_93282,Not_E
TEST_93287,Not_E
TEST_93290,Not_E
TEST_93295,Not_E
TEST_93296,Not_E
TEST_93297,Not_E
TEST_93312,Not_E
TEST_93317,Not_E
TEST_93320,Not_E
TEST_93331,Not_E
TEST_93334,Not_E
TEST_93335,Not_E
TEST_93342,Not_E
TEST_93345,Not_E
TEST_93348,Not_E
TEST_93362,Not_E
TEST_93364,Not_E
TEST_93369,Not_E
TEST_93370,Not_E
TEST_93380,Not_E
TEST_93381,Not_E
TEST_93382,Not_E
TEST_93390,Not_E
TEST_93393,Not_E
TEST_93396,Not_E
TEST_93404,Not_E
TEST_93405,Not_E
TEST_93407,Not_E
TEST_93418,Not_E
TEST_93430,Not_E
TEST_93431,Not_E
TEST_93432,Not_E
TEST_93433,Not_E
TEST_93434,Not_E
TEST_93436,Not_E
TEST_93443,Not_E
TEST_93444,Not_E
TEST_93453,Not_E
TEST_93454,Not_E
TEST_93466,Not_E
TEST_93467,Not_E
TEST_93469,Not_E
TEST_93490,Not_E
TEST_93501,Not_E
TEST_93503,Not_E
TEST_93522,Not_E
TEST_93537,Not_E
TEST_93538,Not_E
TEST_93547,Not_E
TEST_93555,Not_E
TEST_93569,Not_E
TEST_93581,Not_E
TEST_93584,Not_E
TEST_93585,Not_E
TEST_93589,Not_E
TEST_93591,Not_E
TEST_93594,Not_E
TEST_93600,Not_E
TEST_93601,Not_E
TEST_93603,Not_E
TEST_93617,Not_E
TEST_93620,Not_E
TEST_93624,Not_E
TEST_93632,Not_E
TEST_93639,Not_E
TEST_93641,Not_E
TEST_93661,Not_E
TEST_93668,Not_E
TEST_93670,Not_E
TEST_93679,Not_E
TEST_93685,Not_E
TEST_93687,Not_E
TEST_93694,Not_E
TEST_93698,Not_E
TEST_93704,Not_E
TEST_93705,Not_E
TEST_93708,Not_E
TEST_93719,Not_E
TEST_93742,Not_E
TEST_93743,Not_E
TEST_93758,Not_E
TEST_93765,Not_E
TEST_93769,Not_E
TEST_93770,Not_E
TEST_93772,Not_E
TEST_93776,Not_E
TEST_93792,Not_E
TEST_93795,Not_E
TEST_93803,Not_E
TEST_93804,Not_E
TEST_93809,Not_E
TEST_93837,Not_E
TEST_93844,Not_E
TEST_93850,Not_E
TEST_93853,Not_E
TEST_93860,Not_E
TEST_93868,Not_E
TEST_93871,Not_E
TEST_93875,Not_E
TEST_93882,Not_E
TEST_93884,Not_E
TEST_93888,Not_E
TEST_93893,Not_E
TEST_93895,Not_E
TEST_93902,Not_E
TEST_93904,Not_E
TEST_93921,Not_E
TEST_93926,Not_E
TEST_93929,Not_E
TEST_93939,Not_E
TEST_93956,Not_E
TEST_93961,Not_E
TEST_93970,Not_E
TEST_93971,Not_E
TEST_93972,Not_E
TEST_93975,Not_E
TEST_93999,Not_E
TEST_94000,Not_E
TEST_94004,Not_E
TEST_94014,Not_E
TEST_94019,Not_E
TEST_94028,Not_E
TEST_94031,Not_E
TEST_94040,Not_E
TEST_94043,Not_E
TEST_94047,Not_E
TEST_94062,Not_E
TEST_94065,Not_E
TEST_94066,Not_E
TEST_94072,Not_E
TEST_94082,Not_E
TEST_94085,Not_E
TEST_94086,Not_E
TEST_94087,Not_E
TEST_94099,Not_E
TEST_94109,Not_E
TEST_94116,Not_E
TEST_94117,Not_E
TEST_94119,Not_E
TEST_94126,Not_E
TEST_94133,Not_E
TEST_94136,Not_E
TEST_94138,Not_E
TEST_94140,Not_E
TEST_94141,Not_E
TEST_94151,Not_E
TEST_94165,Not_E
TEST_94170,Not_E
TEST_94173,Not_E
TEST_94174,Not_E
TEST_94180,Not_E
TEST_94184,Not_E
TEST_94189,Not_E
TEST_94200,Not_E
TEST_94220,Not_E
TEST_94231,Not_E
TEST_94233,Not_E
TEST_94241,Not_E
TEST_94267,Not_E
TEST_94272,Not_E
TEST_94282,Not_E
TEST_94285,Not_E
TEST_94288,Not_E
TEST_94289,Not_E
TEST_94298,Not_E
TEST_94302,Not_E
TEST_94305,Not_E
TEST_94307,Not_E
TEST_94331,Not_E
TEST_94332,Not_E
TEST_94333,Not_E
TEST_94334,Not_E
TEST_94340,Not_E
TEST_94341,Not_E
TEST_94342,Not_E
TEST_94344,Not_E
TEST_94349,Not_E
TEST_94351,Not_E
TEST_94353,Not_E
TEST_94361,Not_E
TEST_94366,Not_E
TEST_94368,Not_E
TEST_94372,Not_E
TEST_94373,Not_E
TEST_94380,Not_E
TEST_94386,Not_E
TEST_94395,Not_E
TEST_94397,Not_E
TEST_94399,Not_E
TEST_94422,Not_E
TEST_94423,Not_E
TEST_94427,Not_E
TEST_94429,Not_E
TEST_94431,Not_E
TEST_94436,Not_E
TEST_94437,Not_E
TEST_94458,Not_E
TEST_94462,Not_E
TEST_94483,Not_E
TEST_94485,Not_E
TEST_94486,Not_E
TEST_94506,Not_E
TEST_94514,Not_E
TEST_94515,Not_E
TEST_94516,Not_E
TEST_94522,Not_E
TEST_94527,Not_E
TEST_94528,Not_E
TEST_94535,Not_E
TEST_94542,Not_E
TEST_94554,Not_E
TEST_94555,Not_E
TEST_94557,Not_E
TEST_94564,Not_E
TEST_94576,Not_E
TEST_94579,Not_E
TEST_94580,Not_E
TEST_94587,Not_E
TEST_94589,Not_E
TEST_94593,Not_E
TEST_94603,Not_E
TEST_94605,Not_E
TEST_94615,Not_E
TEST_94623,Not_E
TEST_94627,Not_E
TEST_94628,Not_E
TEST_94634,Not_E
TEST_94668,Not_E
TEST_94670,Not_E
TEST_94672,Not_E
TEST_94673,Not_E
TEST_94678,Not_E
TEST_94683,Not_E
TEST_94693,Not_E
TEST_94707,Not_E
TEST_94719,Not_E
TEST_94720,Not_E
TEST_94722,Not_E
TEST_94740,Not_E
TEST_94741,Not_E
TEST_94744,Not_E
TEST_94746,Not_E
TEST_94751,Not_E
TEST_94752,Not_E
TEST_94756,Not_E
TEST_94765,Not_E
TEST_94767,Not_E
TEST_94777,Not_E
TEST_94781,Not_E
TEST_94785,Not_E
TEST_94798,Not_E
TEST_94801,Not_E
TEST_94809,Not_E
TEST_94822,Not_E
TEST_94828,Not_E
TEST_94830,Not_E
TEST_94838,Not_E
TEST_94850,Not_E
TEST_94851,Not_E
TEST_94866,Not_E
TEST_94867,Not_E
TEST_94868,Not_E
TEST_94870,Not_E
TEST_94872,Not_E
TEST_94879,Not_E
TEST_94898,Not_E
TEST_94903,Not_E
TEST_94911,Not_E
TEST_94928,Not_E
TEST_94929,Not_E
TEST_94938,Not_E
TEST_94944,Not_E
TEST_94945,Not_E
TEST_94954,Not_E
TEST_94970,Not_E
TEST_94975,Not_E
TEST_94984,Not_E
TEST_94987,Not_E
TEST_94991,Not_E
TEST_94997,Not_E
TEST_95005,Not_E
TEST_95008,Not_E
TEST_95010,Not_E
TEST_95012,Not_E
TEST_95026,Not_E
TEST_95027,Not_E
TEST_95028,Not_E
TEST_95040,Not_E
TEST_95041,Not_E
TEST_95042,Not_E
TEST_95046,Not_E
TEST_95069,Not_E
TEST_95072,Not_E
TEST_95087,Not_E
TEST_95094,Not_E
TEST_95113,Not_E
TEST_95114,Not_E
TEST_95115,Not_E
TEST_95121,Not_E
TEST_95124,Not_E
TEST_95129,Not_E
TEST_95150,Not_E
TEST_95152,Not_E
TEST_95159,Not_E
TEST_95162,Not_E
TEST_95168,Not_E
TEST_95169,Not_E
TEST_95175,Not_E
TEST_95180,Not_E
TEST_95182,Not_E
TEST_95184,Not_E
TEST_95194,Not_E
TEST_95195,Not_E
TEST_95205,Not_E
TEST_95216,Not_E
TEST_95219,Not_E
TEST_95222,Not_E
TEST_95229,Not_E
TEST_95232,Not_E
TEST_95235,Not_E
TEST_95239,Not_E
TEST_95242,Not_E
TEST_95253,Not_E
TEST_95256,Not_E
TEST_95258,Not_E
TEST_95260,Not_E
TEST_95270,Not_E
TEST_95272,Not_E
TEST_95274,Not_E
TEST_95277,Not_E
TEST_95280,Not_E
TEST_95281,Not_E
TEST_95282,Not_E
TEST_95283,Not_E
TEST_95284,Not_E
TEST_95306,Not_E
TEST_95310,Not_E
TEST_95311,Not_E
TEST_95312,Not_E
TEST_95314,Not_E
TEST_95333,Not_E
TEST_95334,Not_E
TEST_95348,Not_E
TEST_95349,Not_E
TEST_95351,Not_E
TEST_95355,Not_E
TEST_95367,Not_E
TEST_95369,Not_E
TEST_95378,Not_E
TEST_95381,Not_E
TEST_95384,Not_E
TEST_95385,Not_E
TEST_95386,Not_E
TEST_95393,Not_E
TEST_95404,Not_E
TEST_95407,Not_E
TEST_95409,Not_E
TEST_95412,Not_E
TEST_95424,Not_E
TEST_95426,Not_E
TEST_95427,Not_E
TEST_95428,Not_E
TEST_95438,Not_E
TEST_95451,Not_E
TEST_95453,Not_E
TEST_95472,Not_E
TEST_95477,Not_E
TEST_95480,Not_E
TEST_95481,Not_E
TEST_95485,Not_E
TEST_95490,Not_E
TEST_95494,Not_E
TEST_95495,Not_E
TEST_95498,Not_E
TEST_95500,Not_E
TEST_95501,Not_E
TEST_95502,Not_E
TEST_95508,Not_E
TEST_95511,Not_E
TEST_95516,Not_E
TEST_95525,Not_E
TEST_95531,Not_E
TEST_95535,Not_E
TEST_95542,Not_E
TEST_95573,Not_E
TEST_95578,Not_E
TEST_95579,Not_E
TEST_95586,Not_E
TEST_95600,Not_E
TEST_95605,Not_E
TEST_95613,Not_E
TEST_95624,Not_E
TEST_95630,Not_E
TEST_95648,Not_E
TEST_95665,Not_E
TEST_95674,Not_E
TEST_95677,Not_E
TEST_95678,Not_E
TEST_95681,Not_E
TEST_95685,Not_E
TEST_95695,Not_E
TEST_95700,Not_E
TEST_95701,Not_E
TEST_95711,Not_E
TEST_95718,Not_E
TEST_95720,Not_E
TEST_95731,Not_E
TEST_95735,Not_E
TEST_95740,Not_E
TEST_95746,Not_E
TEST_95760,Not_E
TEST_95763,Not_E
TEST_95767,Not_E
TEST_95769,Not_E
TEST_95770,Not_E
TEST_95771,Not_E
TEST_95776,Not_E
TEST_95780,Not_E
TEST_95786,Not_E
TEST_95793,Not_E
TEST_95794,Not_E
TEST_95796,Not_E
TEST_95797,Not_E
TEST_95800,Not_E
TEST_95802,Not_E
TEST_95803,Not_E
TEST_95806,Not_E
TEST_95811,Not_E
TEST_95813,Not_E
TEST_95815,Not_E
TEST_95819,Not_E
TEST_95824,Not_E
TEST_95826,Not_E
TEST_95831,Not_E
TEST_95837,Not_E
TEST_95847,Not_E
TEST_95859,Not_E
TEST_95865,Not_E
TEST_95881,Not_E
TEST_95899,Not_E
TEST_95901,Not_E
TEST_95910,Not_E
TEST_95911,Not_E
TEST_95913,Not_E
TEST_95919,Not_E
TEST_95926,Not_E
TEST_95927,Not_E
TEST_95938,Not_E
TEST_95941,Not_E
TEST_95953,Not_E
TEST_95957,Not_E
TEST_95960,Not_E
TEST_95961,Not_E
TEST_95964,Not_E
TEST_95972,Not_E
TEST_95978,Not_E
TEST_95979,Not_E
TEST_95984,Not_E
TEST_96001,Not_E
TEST_96026,Not_E
TEST_96035,Not_E
TEST_96039,Not_E
TEST_96044,Not_E
TEST_96046,Not_E
TEST_96053,Not_E
TEST_96062,Not_E
TEST_96077,Not_E
TEST_96084,Not_E
TEST_96087,Not_E
TEST_96088,Not_E
TEST_96095,Not_E
TEST_96106,Not_E
TEST_96122,Not_E
TEST_96124,Not_E
TEST_96127,Not_E
TEST_96143,Not_E
TEST_96151,Not_E
TEST_96167,Not_E
TEST_96171,Not_E
TEST_96176,Not_E
TEST_96181,Not_E
TEST_96197,Not_E
TEST_96216,Not_E
TEST_96217,Not_E
TEST_96230,Not_E
TEST_96238,Not_E
TEST_96241,Not_E
TEST_96260,Not_E
TEST_96264,Not_E
TEST_96266,Not_E
TEST_96267,Not_E
TEST_96274,Not_E
TEST_96277,Not_E
TEST_96300,Not_E
TEST_96306,Not_E
TEST_96323,Not_E
TEST_96333,Not_E
TEST_96344,Not_E
TEST_96351,Not_E
TEST_96354,Not_E
TEST_96358,Not_E
TEST_96370,Not_E
TEST_96380,Not_E
TEST_96384,Not_E
TEST_96389,Not_E
TEST_96393,Not_E
TEST_96394,Not_E
TEST_96395,Not_E
TEST_96396,Not_E
TEST_96398,Not_E
TEST_96400,Not_E
TEST_96418,Not_E
TEST_96420,Not_E
TEST_96425,Not_E
TEST_96435,Not_E
TEST_96439,Not_E
TEST_96441,Not_E
TEST_96445,Not_E
TEST_96456,Not_E
TEST_96462,Not_E
TEST_96473,Not_E
TEST_96474,Not_E
TEST_96480,Not_E
TEST_96482,Not_E
TEST_96487,Not_E
TEST_96494,Not_E
TEST_96498,Not_E
TEST_96501,Not_E
TEST_96506,Not_E
TEST_96525,Not_E
TEST_96529,Not_E
TEST_96530,Not_E
TEST_96531,Not_E
TEST_96535,Not_E
TEST_96538,Not_E
TEST_96539,Not_E
TEST_96554,Not_E
TEST_96556,Not_E
TEST_96571,Not_E
TEST_96588,Not_E
TEST_96595,Not_E
TEST_96601,Not_E
TEST_96614,Not_E
TEST_96616,Not_E
TEST_96640,Not_E
TEST_96653,Not_E
TEST_96658,Not_E
TEST_96659,Not_E
TEST_96661,Not_E
TEST_96673,Not_E
TEST_96685,Not_E
TEST_96686,Not_E
TEST_96699,Not_E
TEST_96706,Not_E
TEST_96709,Not_E
TEST_96720,Not_E
TEST_96722,Not_E
TEST_96724,Not_E
TEST_96726,Not_E
TEST_96731,Not_E
TEST_96734,Not_E
TEST_96737,Not_E
TEST_96739,Not_E
TEST_96743,Not_E
TEST_96756,Not_E
TEST_96757,Not_E
TEST_96775,Not_E
TEST_96776,Not_E
TEST_96778,Not_E
TEST_96789,Not_E
TEST_96794,Not_E
TEST_96795,Not_E
TEST_96797,Not_E
TEST_96806,Not_E
TEST_96807,Not_E
TEST_96811,Not_E
TEST_96818,Not_E
TEST_96821,Not_E
TEST_96823,Not_E
TEST_96824,Not_E
TEST_96836,Not_E
TEST_96839,Not_E
TEST_96841,Not_E
TEST_96844,Not_E
TEST_96845,Not_E
TEST_96848,Not_E
TEST_96850,Not_E
TEST_96874,Not_E
TEST_96885,Not_E
TEST_96886,Not_E
TEST_96890,Not_E
TEST_96894,Not_E
TEST_96902,Not_E
TEST_96909,Not_E
TEST_96914,Not_E
TEST_96924,Not_E
TEST_96925,Not_E
TEST_96927,Not_E
TEST_96935,Not_E
TEST_96946,Not_E
TEST_96951,Not_E
TEST_96958,Not_E
TEST_96960,Not_E
TEST_96965,Not_E
TEST_96971,Not_E
TEST_96974,Not_E
TEST_96977,Not_E
TEST_96978,Not_E
TEST_96979,Not_E
TEST_96981,Not_E
TEST_96982,Not_E
TEST_96984,Not_E
TEST_96985,Not_E
TEST_96992,Not_E
TEST_97003,Not_E
TEST_97016,Not_E
TEST_97043,Not_E
TEST_97051,Not_E
TEST_97052,Not_E
TEST_97055,Not_E
TEST_97064,Not_E
TEST_97070,Not_E
TEST_97076,Not_E
TEST_97094,Not_E
TEST_97102,Not_E
TEST_97114,Not_E
TEST_97119,Not_E
TEST_97123,Not_E
TEST_97124,Not_E
TEST_97138,Not_E
TEST_97141,Not_E
TEST_97145,Not_E
TEST_97152,Not_E
TEST_97161,Not_E
TEST_97170,Not_E
TEST_97171,Not_E
TEST_97178,Not_E
TEST_97179,Not_E
TEST_97181,Not_E
TEST_97192,Not_E
TEST_97199,Not_E
TEST_97201,Not_E
TEST_97208,Not_E
TEST_97209,Not_E
TEST_97214,Not_E
TEST_97218,Not_E
TEST_97219,Not_E
TEST_97220,Not_E
TEST_97224,Not_E
TEST_97242,Not_E
TEST_97243,Not_E
TEST_97245,Not_E
TEST_97255,Not_E
TEST_97260,Not_E
TEST_97269,Not_E
TEST_97284,Not_E
TEST_97290,Not_E
TEST_97300,Not_E
TEST_97319,Not_E
TEST_97323,Not_E
TEST_97324,Not_E
TEST_97344,Not_E
TEST_97354,Not_E
TEST_97357,Not_E
TEST_97359,Not_E
TEST_97360,Not_E
TEST_97365,Not_E
TEST_97369,Not_E
TEST_97380,Not_E
TEST_97385,Not_E
TEST_97400,Not_E
TEST_97409,Not_E
TEST_97411,Not_E
TEST_97420,Not_E
TEST_97423,Not_E
TEST_97430,Not_E
TEST_97433,Not_E
TEST_97435,Not_E
TEST_97440,Not_E
TEST_97442,Not_E
TEST_97455,Not_E
TEST_97456,Not_E
TEST_97463,Not_E
TEST_97472,Not_E
TEST_97483,Not_E
TEST_97486,Not_E
TEST_97492,Not_E
TEST_97494,Not_E
TEST_97496,Not_E
TEST_97524,Not_E
TEST_97529,Not_E
TEST_97535,Not_E
TEST_97536,Not_E
TEST_97539,Not_E
TEST_97554,Not_E
TEST_97561,Not_E
TEST_97566,Not_E
TEST_97573,Not_E
TEST_97576,Not_E
TEST_97592,Not_E
TEST_97605,Not_E
TEST_97606,Not_E
TEST_97615,Not_E
TEST_97623,Not_E
TEST_97639,Not_E
TEST_97663,Not_E
TEST_97666,Not_E
TEST_97668,Not_E
TEST_97669,Not_E
TEST_97687,Not_E
TEST_97690,Not_E
TEST_97692,Not_E
TEST_97701,Not_E
TEST_97703,Not_E
TEST_97705,Not_E
TEST_97708,Not_E
TEST_97714,Not_E
TEST_97719,Not_E
TEST_97736,Not_E
TEST_97750,Not_E
TEST_97762,Not_E
TEST_97772,Not_E
TEST_97777,Not_E
TEST_97785,Not_E
TEST_97786,Not_E
TEST_97792,Not_E
TEST_97801,Not_E
TEST_97803,Not_E
TEST_97835,Not_E
TEST_97837,Not_E
TEST_97847,Not_E
TEST_97851,Not_E
TEST_97853,Not_E
TEST_97874,Not_E
TEST_97876,Not_E
TEST_97880,Not_E
TEST_97883,Not_E
TEST_97886,Not_E
TEST_97897,Not_E
TEST_97907,Not_E
TEST_97909,Not_E
TEST_97922,Not_E
TEST_97923,Not_E
TEST_97931,Not_E
TEST_97951,Not_E
TEST_97956,Not_E
TEST_97960,Not_E
TEST_97965,Not_E
TEST_97975,Not_E
TEST_97976,Not_E
TEST_97978,Not_E
TEST_97979,Not_E
TEST_97992,Not_E
TEST_97993,Not_E
TEST_98002,Not_E
TEST_98011,Not_E
TEST_98015,Not_E
TEST_98017,Not_E
TEST_98018,Not_E
TEST_98020,Not_E
TEST_98021,Not_E
TEST_98022,Not_E
TEST_98033,Not_E
TEST_98036,Not_E
TEST_98037,Not_E
TEST_98047,Not_E
TEST_98052,Not_E
TEST_98057,Not_E
TEST_98059,Not_E
TEST_98062,Not_E
TEST_98072,Not_E
TEST_98073,Not_E
TEST_98076,Not_E
TEST_98083,Not_E
TEST_98088,Not_E
TEST_98091,Not_E
TEST_98092,Not_E
TEST_98093,Not_E
TEST_98095,Not_E
TEST_98104,Not_E
TEST_98124,Not_E
TEST_98129,Not_E
TEST_98141,Not_E
TEST_98143,Not_E
TEST_98146,Not_E
TEST_98153,Not_E
TEST_98171,Not_E
TEST_98177,Not_E
TEST_98181,Not_E
TEST_98184,Not_E
TEST_98190,Not_E
TEST_98204,Not_E
TEST_98205,Not_E
TEST_98209,Not_E
TEST_98217,Not_E
TEST_98229,Not_E
TEST_98231,Not_E
TEST_98234,Not_E
TEST_98240,Not_E
TEST_98245,Not_E
TEST_98251,Not_E
TEST_98256,Not_E
TEST_98259,Not_E
TEST_98265,Not_E
TEST_98276,Not_E
TEST_98279,Not_E
TEST_98287,Not_E
TEST_98288,Not_E
TEST_98290,Not_E
TEST_98300,Not_E
TEST_98311,Not_E
TEST_98314,Not_E
TEST_98315,Not_E
TEST_98319,Not_E
TEST_98322,Not_E
TEST_98339,Not_E
TEST_98343,Not_E
TEST_98344,Not_E
TEST_98356,Not_E
TEST_98362,Not_E
TEST_98374,Not_E
TEST_98377,Not_E
TEST_98380,Not_E
TEST_98387,Not_E
TEST_98397,Not_E
TEST_98408,Not_E
TEST_98411,Not_E
TEST_98412,Not_E
TEST_98416,Not_E
TEST_98427,Not_E
TEST_98440,Not_E
TEST_98447,Not_E
TEST_98450,Not_E
TEST_98451,Not_E
TEST_98463,Not_E
TEST_98464,Not_E
TEST_98467,Not_E
TEST_98468,Not_E
TEST_98470,Not_E
TEST_98472,Not_E
TEST_98473,Not_E
TEST_98483,Not_E
TEST_98488,Not_E
TEST_98492,Not_E
TEST_98493,Not_E
TEST_98494,Not_E
TEST_98497,Not_E
TEST_98502,Not_E
TEST_98504,Not_E
TEST_98506,Not_E
TEST_98509,Not_E
TEST_98514,Not_E
TEST_98515,Not_E
TEST_98523,Not_E
TEST_98536,Not_E
TEST_98538,Not_E
TEST_98544,Not_E
TEST_98548,Not_E
TEST_98555,Not_E
TEST_98557,Not_E
TEST_98561,Not_E
TEST_98563,Not_E
TEST_98571,Not_E
TEST_98574,Not_E
TEST_98576,Not_E
TEST_98578,Not_E
TEST_98587,Not_E
TEST_98596,Not_E
TEST_98612,Not_E
TEST_98613,Not_E
TEST_98618,Not_E
TEST_98619,Not_E
TEST_98620,Not_E
TEST_98629,Not_E
TEST_98631,Not_E
TEST_98635,Not_E
TEST_98638,Not_E
TEST_98641,Not_E
TEST_98652,Not_E
TEST_98656,Not_E
TEST_98663,Not_E
TEST_98673,Not_E
TEST_98684,Not_E
TEST_98690,Not_E
TEST_98700,Not_E
TEST_98703,Not_E
TEST_98722,Not_E
TEST_98730,Not_E
TEST_98735,Not_E
TEST_98738,Not_E
TEST_98739,Not_E
TEST_98752,Not_E
TEST_98762,Not_E
TEST_98767,Not_E
TEST_98775,Not_E
TEST_98785,Not_E
TEST_98791,Not_E
TEST_98792,Not_E
TEST_98797,Not_E
TEST_98802,Not_E
TEST_98803,Not_E
TEST_98813,Not_E
TEST_98814,Not_E
TEST_98823,Not_E
TEST_98832,Not_E
TEST_98833,Not_E
TEST_98835,Not_E
TEST_98836,Not_E
TEST_98841,Not_E
TEST_98842,Not_E
TEST_98843,Not_E
TEST_98844,Not_E
TEST_98855,Not_E
TEST_98859,Not_E
TEST_98864,Not_E
TEST_98866,Not_E
TEST_98868,Not_E
TEST_98873,Not_E
TEST_98875,Not_E
TEST_98876,Not_E
TEST_98884,Not_E
TEST_98895,Not_E
TEST_98898,Not_E
TEST_98917,Not_E
TEST_98922,Not_E
TEST_98933,Not_E
TEST_98940,Not_E
TEST_98952,Not_E
TEST_98955,Not_E
TEST_98957,Not_E
TEST_98958,Not_E
TEST_98980,Not_E
TEST_98983,Not_E
TEST_99000,Not_E
TEST_99010,Not_E
TEST_99011,Not_E
TEST_99019,Not_E
TEST_99022,Not_E
TEST_99023,Not_E
TEST_99033,Not_E
TEST_99036,Not_E
TEST_99050,Not_E
TEST_99057,Not_E
TEST_99062,Not_E
TEST_99081,Not_E
TEST_99084,Not_E
TEST_99093,Not_E
TEST_99096,Not_E
TEST_99116,Not_E
TEST_99117,Not_E
TEST_99122,Not_E
TEST_99126,Not_E
TEST_99127,Not_E
TEST_99128,Not_E
TEST_99142,Not_E
TEST_99144,Not_E
TEST_99145,Not_E
TEST_99149,Not_E
TEST_99156,Not_E
TEST_99163,Not_E
TEST_99166,Not_E
TEST_99167,Not_E
TEST_99168,Not_E
TEST_99171,Not_E
TEST_99173,Not_E
TEST_99177,Not_E
TEST_99183,Not_E
TEST_99185,Not_E
TEST_99189,Not_E
TEST_99193,Not_E
TEST_99202,Not_E
TEST_99226,Not_E
TEST_99227,Not_E
TEST_99228,Not_E
TEST_99230,Not_E
TEST_99233,Not_E
TEST_99258,Not_E
TEST_99280,Not_E
TEST_99284,Not_E
TEST_99297,Not_E
TEST_99300,Not_E
TEST_99322,Not_E
TEST_99328,Not_E
TEST_99329,Not_E
TEST_99330,Not_E
TEST_99336,Not_E
TEST_99344,Not_E
TEST_99345,Not_E
TEST_99350,Not_E
TEST_99383,Not_E
TEST_99390,Not_E
TEST_99394,Not_E
TEST_99408,Not_E
TEST_99411,Not_E
TEST_99413,Not_E
TEST_99420,Not_E
TEST_99421,Not_E
TEST_99423,Not_E
TEST_99425,Not_E
TEST_99449,Not_E
TEST_99460,Not_E
TEST_99462,Not_E
TEST_99465,Not_E
TEST_99466,Not_E
TEST_99492,Not_E
TEST_99495,Not_E
TEST_99498,Not_E
TEST_99500,Not_E
TEST_99511,Not_E
TEST_99512,Not_E
TEST_99521,Not_E
TEST_99535,Not_E
TEST_99537,Not_E
TEST_99546,Not_E
TEST_99553,Not_E
TEST_99569,Not_E
TEST_99575,Not_E
TEST_99581,Not_E
TEST_99591,Not_E
TEST_99597,Not_E
TEST_99603,Not_E
TEST_99611,Not_E
TEST_99625,Not_E
TEST_99633,Not_E
TEST_99634,Not_E
TEST_99639,Not_E
TEST_99643,Not_E
TEST_99647,Not_E
TEST_99652,Not_E
TEST_99663,Not_E
TEST_99664,Not_E
TEST_99674,Not_E
TEST_99683,Not_E
TEST_99684,Not_E
TEST_99688,Not_E
TEST_99695,Not_E
TEST_99699,Not_E
TEST_99739,Not_E
TEST_99748,Not_E
TEST_99750,Not_E
TEST_99753,Not_E
TEST_99758,Not_E
TEST_99769,Not_E
TEST_99783,Not_E
TEST_99793,Not_E
TEST_99796,Not_E
TEST_99797,Not_E
TEST_99818,Not_E
TEST_99837,Not_E
TEST_99838,Not_E
TEST_99840,Not_E
TEST_99849,Not_E
TEST_99853,Not_E
TEST_99854,Not_E
TEST_99857,Not_E
TEST_99884,Not_E
TEST_99899,Not_E
TEST_99902,Not_E
TEST_99906,Not_E
TEST_99910,Not_E
TEST_99915,Not_E
TEST_99936,Not_E
TEST_99942,Not_E
TEST_99947,Not_E
TEST_99957,Not_E
TEST_99961,Not_E
TEST_99982,Not_E
TEST_99994,Not_E
TEST_99998,Not_E
